source_code,source_group,raw_name,model_id,normalization_rule,manufacturer,series,diameter_m,pitch_m,blade_count,rotation,medium
APC_CATALOG_202602,APC Propellers,10.5x4.5,APC:10.5X4.5,APC designation normalized: whitespace/case unified; diameter and pitch retained in inches,APC,"Free Flight, Sport",0.2667,0.1143,2,,air
APC_CATALOG_202602,APC Propellers,10.5x6,APC:10.5X6,APC designation normalized: whitespace/case unified; diameter and pitch retained in inches,APC,Sport,0.2667,0.15239999999999998,2,,air
APC_CATALOG_202602,APC Propellers,10x10,APC:10X10,APC designation normalized: whitespace/case unified; diameter and pitch retained in inches,APC,Sport,0.254,0.254,2,,air
APC_CATALOG_202602,APC Propellers,10x10C,APC:10X10C,APC designation normalized: whitespace/case unified; diameter and pitch retained in inches,APC,"Pylon Racing, Carbon Fiber, Warbird Racing",0.254,0.254,2,,air
APC_CATALOG_202602,APC Propellers,10x10E,APC:10X10E,APC designation normalized: whitespace/case unified; diameter and pitch retained in inches,APC,Thin Electric,0.254,0.254,2,,air
APC_CATALOG_202602,APC Propellers,10x10EP,APC:10X10EP,APC designation normalized: whitespace/case unified; diameter and pitch retained in inches,APC,"Thin Electric, Electric Reverse Rotation (Left Hand Rotation)",0.254,0.254,2,CW,air
APC_CATALOG_202602,APC Propellers,10x10M-JK,APC:10X10M-JK,APC designation normalized: whitespace/case unified; diameter and pitch retained in inches,APC,Marine,0.254,0.254,2,,air
APC_CATALOG_202602,APC Propellers,10x12WE,APC:10X12WE,APC designation normalized: whitespace/case unified; diameter and pitch retained in inches,APC,Thin Electric,0.254,0.30479999999999996,2,,air
APC_CATALOG_202602,APC Propellers,10x14EP,APC:10X14EP,APC designation normalized: whitespace/case unified; diameter and pitch retained in inches,APC,"Thin Electric, Electric Reverse Rotation (Left Hand Rotation)",0.254,0.35559999999999997,2,CW,air
APC_CATALOG_202602,APC Propellers,10x14M-LH,APC:10X14M-LH,APC designation normalized: whitespace/case unified; diameter and pitch retained in inches,APC,Marine,0.254,0.35559999999999997,2,CW,air
APC_CATALOG_202602,APC Propellers,10x3,APC:10X3,APC designation normalized: whitespace/case unified; diameter and pitch retained in inches,APC,Sport,0.254,0.07619999999999999,2,,air
APC_CATALOG_202602,APC Propellers,10x3.8MRF-LH,APC:10X3.8MRF-LH,APC designation normalized: whitespace/case unified; diameter and pitch retained in inches,APC,"Multi Rotor (Electric Only), MR Folding",0.254,0.09652,2,CW,air
APC_CATALOG_202602,APC Propellers,10x3.8MRF-RH,APC:10X3.8MRF-RH,APC designation normalized: whitespace/case unified; diameter and pitch retained in inches,APC,"Multi Rotor (Electric Only), MR Folding",0.254,0.09652,2,CCW,air
APC_CATALOG_202602,APC Propellers,10x3.8SF,APC:10X3.8SF,APC designation normalized: whitespace/case unified; diameter and pitch retained in inches,APC,"Multi Rotor (Electric Only), Slow Fly (Electric Only)",0.254,0.09652,2,,air
APC_CATALOG_202602,APC Propellers,10x3.8SF-B4,APC:10X3.8SF-B4,APC designation normalized: whitespace/case unified; diameter and pitch retained in inches,APC,"Multi Rotor (Electric Only), Bundle (2 CW & 2 CCW), Slow Fly (Electric Only)",0.254,0.09652,2,,air
APC_CATALOG_202602,APC Propellers,10x3.8SFP,APC:10X3.8SFP,APC designation normalized: whitespace/case unified; diameter and pitch retained in inches,APC,"Multi Rotor (Electric Only), Slow Fly (Electric Only), Slow Fly Reverse Rotation (Left Hand Rotation)",0.254,0.09652,2,CW,air
APC_CATALOG_202602,APC Propellers,10x4,APC:10X4,APC designation normalized: whitespace/case unified; diameter and pitch retained in inches,APC,Sport,0.254,0.1016,2,,air
APC_CATALOG_202602,APC Propellers,10x4.5MR,APC:10X4.5MR,APC designation normalized: whitespace/case unified; diameter and pitch retained in inches,APC,Multi Rotor (Electric Only),0.254,0.1143,2,,air
APC_CATALOG_202602,APC Propellers,10x4.5MR(ST),APC:10X4.5MR(ST),APC designation normalized: whitespace/case unified; diameter and pitch retained in inches,APC,Self Tightening,0.254,0.1143,2,,air
APC_CATALOG_202602,APC Propellers,10x4.5MR(ST2A),APC:10X4.5MR(ST2A),APC designation normalized: whitespace/case unified; diameter and pitch retained in inches,APC,Self Tightening,0.254,0.1143,2,,air
APC_CATALOG_202602,APC Propellers,10x4.5MR-B4,APC:10X4.5MR-B4,APC designation normalized: whitespace/case unified; diameter and pitch retained in inches,APC,"Multi Rotor (Electric Only), Bundle (2 CW & 2 CCW)",0.254,0.1143,2,,air
APC_CATALOG_202602,APC Propellers,10x4.5MRF-L(B),APC:10X4.5MRF-L(B),APC designation normalized: whitespace/case unified; diameter and pitch retained in inches,APC,"Multi Rotor (Electric Only), MR Folding",0.254,0.1143,2,,air
APC_CATALOG_202602,APC Propellers,10x4.5MRF-LH,APC:10X4.5MRF-LH,APC designation normalized: whitespace/case unified; diameter and pitch retained in inches,APC,"Multi Rotor (Electric Only), MR Folding",0.254,0.1143,2,CW,air
APC_CATALOG_202602,APC Propellers,10x4.5MRF-R(B),APC:10X4.5MRF-R(B),APC designation normalized: whitespace/case unified; diameter and pitch retained in inches,APC,"Multi Rotor (Electric Only), MR Folding",0.254,0.1143,2,,air
APC_CATALOG_202602,APC Propellers,10x4.5MRF-RH,APC:10X4.5MRF-RH,APC designation normalized: whitespace/case unified; diameter and pitch retained in inches,APC,"Multi Rotor (Electric Only), MR Folding",0.254,0.1143,2,CCW,air
APC_CATALOG_202602,APC Propellers,10x4.5MRP,APC:10X4.5MRP,APC designation normalized: whitespace/case unified; diameter and pitch retained in inches,APC,Multi Rotor (Electric Only),0.254,0.1143,2,CW,air
APC_CATALOG_202602,APC Propellers,10x4.5MRP(ST),APC:10X4.5MRP(ST),APC designation normalized: whitespace/case unified; diameter and pitch retained in inches,APC,Self Tightening,0.254,0.1143,2,,air
APC_CATALOG_202602,APC Propellers,10x4.5MRP(ST2A),APC:10X4.5MRP(ST2A),APC designation normalized: whitespace/case unified; diameter and pitch retained in inches,APC,Self Tightening,0.254,0.1143,2,,air
APC_CATALOG_202602,APC Propellers,10x4.6SF,APC:10X4.6SF,APC designation normalized: whitespace/case unified; diameter and pitch retained in inches,APC,Indoor 3D,0.254,0.11683999999999999,2,,air
APC_CATALOG_202602,APC Propellers,10x4.7SF,APC:10X4.7SF,APC designation normalized: whitespace/case unified; diameter and pitch retained in inches,APC,"Multi Rotor (Electric Only), Slow Fly (Electric Only)",0.254,0.11938,2,,air
APC_CATALOG_202602,APC Propellers,10x4.7SF-B4,APC:10X4.7SF-B4,APC designation normalized: whitespace/case unified; diameter and pitch retained in inches,APC,"Multi Rotor (Electric Only), Bundle (2 CW & 2 CCW), Slow Fly (Electric Only)",0.254,0.11938,2,,air
APC_CATALOG_202602,APC Propellers,10x4.7SFP,APC:10X4.7SFP,APC designation normalized: whitespace/case unified; diameter and pitch retained in inches,APC,"Multi Rotor (Electric Only), Slow Fly (Electric Only), Slow Fly Reverse Rotation (Left Hand Rotation)",0.254,0.11938,2,CW,air
APC_CATALOG_202602,APC Propellers,10x4M-LH,APC:10X4M-LH,APC designation normalized: whitespace/case unified; diameter and pitch retained in inches,APC,Marine,0.254,0.1016,2,CW,air
APC_CATALOG_202602,APC Propellers,10x4P,APC:10X4P,APC designation normalized: whitespace/case unified; diameter and pitch retained in inches,APC,"Sport, Pusher (for IC Engines), Marine",0.254,0.1016,2,CW,air
APC_CATALOG_202602,APC Propellers,10x5,APC:10X5,APC designation normalized: whitespace/case unified; diameter and pitch retained in inches,APC,Sport,0.254,0.127,2,,air
APC_CATALOG_202602,APC Propellers,10x5.5MR,APC:10X5.5MR,APC designation normalized: whitespace/case unified; diameter and pitch retained in inches,APC,Multi Rotor (Electric Only),0.254,0.1397,2,,air
APC_CATALOG_202602,APC Propellers,10x5.5MR-B4,APC:10X5.5MR-B4,APC designation normalized: whitespace/case unified; diameter and pitch retained in inches,APC,"Multi Rotor (Electric Only), Bundle (2 CW & 2 CCW)",0.254,0.1397,2,,air
APC_CATALOG_202602,APC Propellers,10x5.5MRP,APC:10X5.5MRP,APC designation normalized: whitespace/case unified; diameter and pitch retained in inches,APC,Multi Rotor (Electric Only),0.254,0.1397,2,CW,air
APC_CATALOG_202602,APC Propellers,10x5.8EP(F2B),APC:10X5.8EP(F2B),APC designation normalized: whitespace/case unified; diameter and pitch retained in inches,APC,"Thin Electric, Electric Reverse Rotation (Left Hand Rotation), Control Line (Electric Only)",0.254,0.14731999999999998,2,,air
APC_CATALOG_202602,APC Propellers,10x5E,APC:10X5E,APC designation normalized: whitespace/case unified; diameter and pitch retained in inches,APC,Thin Electric,0.254,0.127,2,,air
APC_CATALOG_202602,APC Propellers,10x5EP,APC:10X5EP,APC designation normalized: whitespace/case unified; diameter and pitch retained in inches,APC,"Thin Electric, Electric Reverse Rotation (Left Hand Rotation)",0.254,0.127,2,CW,air
APC_CATALOG_202602,APC Propellers,10x5M-LH,APC:10X5M-LH,APC designation normalized: whitespace/case unified; diameter and pitch retained in inches,APC,Marine,0.254,0.127,2,CW,air
APC_CATALOG_202602,APC Propellers,10x6,APC:10X6,APC designation normalized: whitespace/case unified; diameter and pitch retained in inches,APC,Sport,0.254,0.15239999999999998,2,,air
APC_CATALOG_202602,APC Propellers,10x6-4,APC:10X6-4,APC designation normalized: whitespace/case unified; diameter and pitch retained in inches,APC,"Sport, 4 Bladed (for IC Engines)",0.254,0.15239999999999998,4,,air
APC_CATALOG_202602,APC Propellers,10x6E,APC:10X6E,APC designation normalized: whitespace/case unified; diameter and pitch retained in inches,APC,Thin Electric,0.254,0.15239999999999998,2,,air
APC_CATALOG_202602,APC Propellers,10x6EP,APC:10X6EP,APC designation normalized: whitespace/case unified; diameter and pitch retained in inches,APC,"Thin Electric, Electric Reverse Rotation (Left Hand Rotation)",0.254,0.15239999999999998,2,CW,air
APC_CATALOG_202602,APC Propellers,10x6F,APC:10X6F,APC designation normalized: whitespace/case unified; diameter and pitch retained in inches,APC,Folding (Electric Only),0.254,0.15239999999999998,2,,air
APC_CATALOG_202602,APC Propellers,10x6P,APC:10X6P,APC designation normalized: whitespace/case unified; diameter and pitch retained in inches,APC,"Sport, Pusher (for IC Engines)",0.254,0.15239999999999998,2,CW,air
APC_CATALOG_202602,APC Propellers,10x7,APC:10X7,APC designation normalized: whitespace/case unified; diameter and pitch retained in inches,APC,Sport,0.254,0.17779999999999999,2,,air
APC_CATALOG_202602,APC Propellers,10x7-3,APC:10X7-3,APC designation normalized: whitespace/case unified; diameter and pitch retained in inches,APC,"Sport, 3 Bladed (for IC Engines)",0.254,0.17779999999999999,3,,air
APC_CATALOG_202602,APC Propellers,10x7E,APC:10X7E,APC designation normalized: whitespace/case unified; diameter and pitch retained in inches,APC,Thin Electric,0.254,0.17779999999999999,2,,air
APC_CATALOG_202602,APC Propellers,10x7EP,APC:10X7EP,APC designation normalized: whitespace/case unified; diameter and pitch retained in inches,APC,"Thin Electric, Electric Reverse Rotation (Left Hand Rotation)",0.254,0.17779999999999999,2,CW,air
APC_CATALOG_202602,APC Propellers,10x7P,APC:10X7P,APC designation normalized: whitespace/case unified; diameter and pitch retained in inches,APC,"Sport, Pusher (for IC Engines)",0.254,0.17779999999999999,2,CW,air
APC_CATALOG_202602,APC Propellers,10x7SF,APC:10X7SF,APC designation normalized: whitespace/case unified; diameter and pitch retained in inches,APC,Slow Fly (Electric Only),0.254,0.17779999999999999,2,,air
APC_CATALOG_202602,APC Propellers,10x8,APC:10X8,APC designation normalized: whitespace/case unified; diameter and pitch retained in inches,APC,Sport,0.254,0.2032,2,,air
APC_CATALOG_202602,APC Propellers,10x8E,APC:10X8E,APC designation normalized: whitespace/case unified; diameter and pitch retained in inches,APC,Thin Electric,0.254,0.2032,2,,air
APC_CATALOG_202602,APC Propellers,10x8M-LH,APC:10X8M-LH,APC designation normalized: whitespace/case unified; diameter and pitch retained in inches,APC,Marine,0.254,0.2032,2,CW,air
APC_CATALOG_202602,APC Propellers,10x8P,APC:10X8P,APC designation normalized: whitespace/case unified; diameter and pitch retained in inches,APC,"Sport, Pusher (for IC Engines)",0.254,0.2032,2,CW,air
APC_CATALOG_202602,APC Propellers,10x9,APC:10X9,APC designation normalized: whitespace/case unified; diameter and pitch retained in inches,APC,Sport,0.254,0.2286,2,,air
APC_CATALOG_202602,APC Propellers,11.5x12.5N,APC:11.5X12.5N,APC designation normalized: whitespace/case unified; diameter and pitch retained in inches,APC,"Sport, Pattern",0.29209999999999997,0.3175,2,,air
APC_CATALOG_202602,APC Propellers,11.5x4,APC:11.5X4,APC designation normalized: whitespace/case unified; diameter and pitch retained in inches,APC,"Sport, Control Line",0.29209999999999997,0.1016,2,,air
APC_CATALOG_202602,APC Propellers,11.5x6,APC:11.5X6,APC designation normalized: whitespace/case unified; diameter and pitch retained in inches,APC,"Sport, Control Line",0.29209999999999997,0.15239999999999998,2,,air
APC_CATALOG_202602,APC Propellers,11x10,APC:11X10,APC designation normalized: whitespace/case unified; diameter and pitch retained in inches,APC,"Sport, Pattern",0.2794,0.254,2,,air
APC_CATALOG_202602,APC Propellers,11x10E,APC:11X10E,APC designation normalized: whitespace/case unified; diameter and pitch retained in inches,APC,Thin Electric,0.2794,0.254,2,,air
APC_CATALOG_202602,APC Propellers,11x11,APC:11X11,APC designation normalized: whitespace/case unified; diameter and pitch retained in inches,APC,"Sport, Pattern",0.2794,0.2794,2,,air
APC_CATALOG_202602,APC Propellers,11x12,APC:11X12,APC designation normalized: whitespace/case unified; diameter and pitch retained in inches,APC,"Sport, Pattern",0.2794,0.30479999999999996,2,,air
APC_CATALOG_202602,APC Propellers,11x12E,APC:11X12E,APC designation normalized: whitespace/case unified; diameter and pitch retained in inches,APC,Thin Electric,0.2794,0.30479999999999996,2,,air
APC_CATALOG_202602,APC Propellers,11x12W,APC:11X12W,APC designation normalized: whitespace/case unified; diameter and pitch retained in inches,APC,Sport,0.2794,0.30479999999999996,2,,air
APC_CATALOG_202602,APC Propellers,11x13,APC:11X13,APC designation normalized: whitespace/case unified; diameter and pitch retained in inches,APC,"Sport, Pattern",0.2794,0.3302,2,,air
APC_CATALOG_202602,APC Propellers,11x13EP,APC:11X13EP,APC designation normalized: whitespace/case unified; diameter and pitch retained in inches,APC,"Thin Electric, Electric Reverse Rotation (Left Hand Rotation)",0.2794,0.3302,2,CW,air
APC_CATALOG_202602,APC Propellers,11x14,APC:11X14,APC designation normalized: whitespace/case unified; diameter and pitch retained in inches,APC,"Sport, Pattern",0.2794,0.35559999999999997,2,,air
APC_CATALOG_202602,APC Propellers,11x3,APC:11X3,APC designation normalized: whitespace/case unified; diameter and pitch retained in inches,APC,Sport,0.2794,0.07619999999999999,2,,air
APC_CATALOG_202602,APC Propellers,11x3.8SF,APC:11X3.8SF,APC designation normalized: whitespace/case unified; diameter and pitch retained in inches,APC,"Multi Rotor (Electric Only), Slow Fly (Electric Only)",0.2794,0.09652,2,,air
APC_CATALOG_202602,APC Propellers,11x3.8SF-B4,APC:11X3.8SF-B4,APC designation normalized: whitespace/case unified; diameter and pitch retained in inches,APC,"Multi Rotor (Electric Only), Bundle (2 CW & 2 CCW), Slow Fly (Electric Only)",0.2794,0.09652,2,,air
APC_CATALOG_202602,APC Propellers,11x3.8SFP,APC:11X3.8SFP,APC designation normalized: whitespace/case unified; diameter and pitch retained in inches,APC,"Multi Rotor (Electric Only), Slow Fly (Electric Only), Slow Fly Reverse Rotation (Left Hand Rotation)",0.2794,0.09652,2,CW,air
APC_CATALOG_202602,APC Propellers,11x4,APC:11X4,APC designation normalized: whitespace/case unified; diameter and pitch retained in inches,APC,Sport,0.2794,0.1016,2,,air
APC_CATALOG_202602,APC Propellers,11x4.5EP,APC:11X4.5EP,APC designation normalized: whitespace/case unified; diameter and pitch retained in inches,APC,"Thin Electric, Electric Reverse Rotation (Left Hand Rotation), Control Line (Electric Only)",0.2794,0.1143,2,CW,air
APC_CATALOG_202602,APC Propellers,11x4.5MR,APC:11X4.5MR,APC designation normalized: whitespace/case unified; diameter and pitch retained in inches,APC,Multi Rotor (Electric Only),0.2794,0.1143,2,,air
APC_CATALOG_202602,APC Propellers,11x4.5MR(ST),APC:11X4.5MR(ST),APC designation normalized: whitespace/case unified; diameter and pitch retained in inches,APC,Self Tightening,0.2794,0.1143,2,,air
APC_CATALOG_202602,APC Propellers,11x4.5MR-B4,APC:11X4.5MR-B4,APC designation normalized: whitespace/case unified; diameter and pitch retained in inches,APC,"Multi Rotor (Electric Only), Bundle (2 CW & 2 CCW)",0.2794,0.1143,2,,air
APC_CATALOG_202602,APC Propellers,11x4.5MRP,APC:11X4.5MRP,APC designation normalized: whitespace/case unified; diameter and pitch retained in inches,APC,Multi Rotor (Electric Only),0.2794,0.1143,2,CW,air
APC_CATALOG_202602,APC Propellers,11x4.5MRP(ST),APC:11X4.5MRP(ST),APC designation normalized: whitespace/case unified; diameter and pitch retained in inches,APC,Self Tightening,0.2794,0.1143,2,,air
APC_CATALOG_202602,APC Propellers,11x4.6SF,APC:11X4.6SF,APC designation normalized: whitespace/case unified; diameter and pitch retained in inches,APC,Indoor 3D,0.2794,0.11683999999999999,2,,air
APC_CATALOG_202602,APC Propellers,11x4.7SF,APC:11X4.7SF,APC designation normalized: whitespace/case unified; diameter and pitch retained in inches,APC,"Multi Rotor (Electric Only), Slow Fly (Electric Only)",0.2794,0.11938,2,,air
APC_CATALOG_202602,APC Propellers,11x4.7SF-B4,APC:11X4.7SF-B4,APC designation normalized: whitespace/case unified; diameter and pitch retained in inches,APC,"Multi Rotor (Electric Only), Bundle (2 CW & 2 CCW), Slow Fly (Electric Only)",0.2794,0.11938,2,,air
APC_CATALOG_202602,APC Propellers,11x4.7SFP,APC:11X4.7SFP,APC designation normalized: whitespace/case unified; diameter and pitch retained in inches,APC,"Multi Rotor (Electric Only), Slow Fly (Electric Only), Slow Fly Reverse Rotation (Left Hand Rotation)",0.2794,0.11938,2,CW,air
APC_CATALOG_202602,APC Propellers,11x5,APC:11X5,APC designation normalized: whitespace/case unified; diameter and pitch retained in inches,APC,Sport,0.2794,0.127,2,,air
APC_CATALOG_202602,APC Propellers,11x5.5E,APC:11X5.5E,APC designation normalized: whitespace/case unified; diameter and pitch retained in inches,APC,Thin Electric,0.2794,0.1397,2,,air
APC_CATALOG_202602,APC Propellers,11x5.5EP,APC:11X5.5EP,APC designation normalized: whitespace/case unified; diameter and pitch retained in inches,APC,"Thin Electric, Electric Reverse Rotation (Left Hand Rotation), Control Line (Electric Only)",0.2794,0.1397,2,CW,air
APC_CATALOG_202602,APC Propellers,11x5.5MR,APC:11X5.5MR,APC designation normalized: whitespace/case unified; diameter and pitch retained in inches,APC,Multi Rotor (Electric Only),0.2794,0.1397,2,,air
APC_CATALOG_202602,APC Propellers,11x5.5MR-B4,APC:11X5.5MR-B4,APC designation normalized: whitespace/case unified; diameter and pitch retained in inches,APC,"Multi Rotor (Electric Only), Bundle (2 CW & 2 CCW)",0.2794,0.1397,2,,air
APC_CATALOG_202602,APC Propellers,11x5.5MRP,APC:11X5.5MRP,APC designation normalized: whitespace/case unified; diameter and pitch retained in inches,APC,Multi Rotor (Electric Only),0.2794,0.1397,2,CW,air
APC_CATALOG_202602,APC Propellers,11x5.5R-RH,APC:11X5.5R-RH,APC designation normalized: whitespace/case unified; diameter and pitch retained in inches,APC,"Thin Electric, Reversible ESC",0.2794,0.1397,2,CCW,air
APC_CATALOG_202602,APC Propellers,11x6,APC:11X6,APC designation normalized: whitespace/case unified; diameter and pitch retained in inches,APC,Sport,0.2794,0.15239999999999998,2,,air
APC_CATALOG_202602,APC Propellers,11x6-4,APC:11X6-4,APC designation normalized: whitespace/case unified; diameter and pitch retained in inches,APC,"Sport, 4 Bladed (for IC Engines)",0.2794,0.15239999999999998,4,,air
APC_CATALOG_202602,APC Propellers,11x6M-LH,APC:11X6M-LH,APC designation normalized: whitespace/case unified; diameter and pitch retained in inches,APC,Marine,0.2794,0.15239999999999998,2,CW,air
APC_CATALOG_202602,APC Propellers,11x6P,APC:11X6P,APC designation normalized: whitespace/case unified; diameter and pitch retained in inches,APC,"Sport, Pusher (for IC Engines)",0.2794,0.15239999999999998,2,CW,air
APC_CATALOG_202602,APC Propellers,11x7,APC:11X7,APC designation normalized: whitespace/case unified; diameter and pitch retained in inches,APC,Sport,0.2794,0.17779999999999999,2,,air
APC_CATALOG_202602,APC Propellers,11x7E,APC:11X7E,APC designation normalized: whitespace/case unified; diameter and pitch retained in inches,APC,Thin Electric,0.2794,0.17779999999999999,2,,air
APC_CATALOG_202602,APC Propellers,11x7E-3,APC:11X7E-3,APC designation normalized: whitespace/case unified; diameter and pitch retained in inches,APC,"Thin Electric, 3 Bladed (Electric Only)",0.2794,0.17779999999999999,3,,air
APC_CATALOG_202602,APC Propellers,11x7P,APC:11X7P,APC designation normalized: whitespace/case unified; diameter and pitch retained in inches,APC,"Sport, Pusher (for IC Engines)",0.2794,0.17779999999999999,2,CW,air
APC_CATALOG_202602,APC Propellers,11x7SF,APC:11X7SF,APC designation normalized: whitespace/case unified; diameter and pitch retained in inches,APC,"Multi Rotor (Electric Only), Slow Fly (Electric Only)",0.2794,0.17779999999999999,2,,air
APC_CATALOG_202602,APC Propellers,11x7SFP,APC:11X7SFP,APC designation normalized: whitespace/case unified; diameter and pitch retained in inches,APC,"Multi Rotor (Electric Only), Slow Fly (Electric Only), Slow Fly Reverse Rotation (Left Hand Rotation)",0.2794,0.17779999999999999,2,CW,air
APC_CATALOG_202602,APC Propellers,11x8,APC:11X8,APC designation normalized: whitespace/case unified; diameter and pitch retained in inches,APC,Sport,0.2794,0.2032,2,,air
APC_CATALOG_202602,APC Propellers,11x8.5E,APC:11X8.5E,APC designation normalized: whitespace/case unified; diameter and pitch retained in inches,APC,Thin Electric,0.2794,0.21589999999999998,2,,air
APC_CATALOG_202602,APC Propellers,11x8E,APC:11X8E,APC designation normalized: whitespace/case unified; diameter and pitch retained in inches,APC,Thin Electric,0.2794,0.2032,2,,air
APC_CATALOG_202602,APC Propellers,11x8EP,APC:11X8EP,APC designation normalized: whitespace/case unified; diameter and pitch retained in inches,APC,"Thin Electric, Electric Reverse Rotation (Left Hand Rotation)",0.2794,0.2032,2,CW,air
APC_CATALOG_202602,APC Propellers,11x8F,APC:11X8F,APC designation normalized: whitespace/case unified; diameter and pitch retained in inches,APC,Folding (Electric Only),0.2794,0.2032,2,,air
APC_CATALOG_202602,APC Propellers,11x9,APC:11X9,APC designation normalized: whitespace/case unified; diameter and pitch retained in inches,APC,Sport,0.2794,0.2286,2,,air
APC_CATALOG_202602,APC Propellers,11x9-4,APC:11X9-4,APC designation normalized: whitespace/case unified; diameter and pitch retained in inches,APC,"Sport, 4 Bladed (for IC Engines)",0.2794,0.2286,4,,air
APC_CATALOG_202602,APC Propellers,11x9C,APC:11X9C,APC designation normalized: whitespace/case unified; diameter and pitch retained in inches,APC,"Sport, Carbon Fiber, Pattern, Pattern Carbon Fiber",0.2794,0.2286,2,,air
APC_CATALOG_202602,APC Propellers,12.25x3.75,APC:12.25X3.75,APC designation normalized: whitespace/case unified; diameter and pitch retained in inches,APC,"Sport, Control Line",0.31115,0.09525,2,,air
APC_CATALOG_202602,APC Propellers,12.5x10,APC:12.5X10,APC designation normalized: whitespace/case unified; diameter and pitch retained in inches,APC,"Sport, Pattern",0.3175,0.254,2,,air
APC_CATALOG_202602,APC Propellers,12.5x11,APC:12.5X11,APC designation normalized: whitespace/case unified; diameter and pitch retained in inches,APC,"Sport, Pattern",0.3175,0.2794,2,,air
APC_CATALOG_202602,APC Propellers,12.5x11.5,APC:12.5X11.5,APC designation normalized: whitespace/case unified; diameter and pitch retained in inches,APC,"Sport, Pattern",0.3175,0.29209999999999997,2,,air
APC_CATALOG_202602,APC Propellers,12.5x12,APC:12.5X12,APC designation normalized: whitespace/case unified; diameter and pitch retained in inches,APC,"Sport, Pattern",0.3175,0.30479999999999996,2,,air
APC_CATALOG_202602,APC Propellers,12.5x12.5,APC:12.5X12.5,APC designation normalized: whitespace/case unified; diameter and pitch retained in inches,APC,"Sport, Pattern",0.3175,0.3175,2,,air
APC_CATALOG_202602,APC Propellers,12.5x13,APC:12.5X13,APC designation normalized: whitespace/case unified; diameter and pitch retained in inches,APC,"Sport, Pattern",0.3175,0.3302,2,,air
APC_CATALOG_202602,APC Propellers,12.5x6,APC:12.5X6,APC designation normalized: whitespace/case unified; diameter and pitch retained in inches,APC,Sport,0.3175,0.15239999999999998,2,,air
APC_CATALOG_202602,APC Propellers,12.5x9,APC:12.5X9,APC designation normalized: whitespace/case unified; diameter and pitch retained in inches,APC,"Sport, Pattern",0.3175,0.2286,2,,air
APC_CATALOG_202602,APC Propellers,12x10,APC:12X10,APC designation normalized: whitespace/case unified; diameter and pitch retained in inches,APC,"Sport, Pattern",0.30479999999999996,0.254,2,,air
APC_CATALOG_202602,APC Propellers,12x10E,APC:12X10E,APC designation normalized: whitespace/case unified; diameter and pitch retained in inches,APC,Thin Electric,0.30479999999999996,0.254,2,,air
APC_CATALOG_202602,APC Propellers,12x10W,APC:12X10W,APC designation normalized: whitespace/case unified; diameter and pitch retained in inches,APC,"Sport, Pattern",0.30479999999999996,0.254,2,,air
APC_CATALOG_202602,APC Propellers,12x11,APC:12X11,APC designation normalized: whitespace/case unified; diameter and pitch retained in inches,APC,"Sport, Pattern",0.30479999999999996,0.2794,2,,air
APC_CATALOG_202602,APC Propellers,12x11.5,APC:12X11.5,APC designation normalized: whitespace/case unified; diameter and pitch retained in inches,APC,"Sport, Pattern",0.30479999999999996,0.29209999999999997,2,,air
APC_CATALOG_202602,APC Propellers,12x11N,APC:12X11N,APC designation normalized: whitespace/case unified; diameter and pitch retained in inches,APC,"Sport, Pattern",0.30479999999999996,0.2794,2,,air
APC_CATALOG_202602,APC Propellers,12x12,APC:12X12,APC designation normalized: whitespace/case unified; diameter and pitch retained in inches,APC,"Sport, Pattern",0.30479999999999996,0.30479999999999996,2,,air
APC_CATALOG_202602,APC Propellers,12x12.5,APC:12X12.5,APC designation normalized: whitespace/case unified; diameter and pitch retained in inches,APC,"Sport, Pattern",0.30479999999999996,0.3175,2,,air
APC_CATALOG_202602,APC Propellers,12x12E,APC:12X12E,APC designation normalized: whitespace/case unified; diameter and pitch retained in inches,APC,Thin Electric,0.30479999999999996,0.30479999999999996,2,,air
APC_CATALOG_202602,APC Propellers,12x12EP,APC:12X12EP,APC designation normalized: whitespace/case unified; diameter and pitch retained in inches,APC,"Thin Electric, Electric Reverse Rotation (Left Hand Rotation)",0.30479999999999996,0.30479999999999996,2,CW,air
APC_CATALOG_202602,APC Propellers,12x12N,APC:12X12N,APC designation normalized: whitespace/case unified; diameter and pitch retained in inches,APC,"Sport, Pattern, Warbird Racing",0.30479999999999996,0.30479999999999996,2,,air
APC_CATALOG_202602,APC Propellers,12x13,APC:12X13,APC designation normalized: whitespace/case unified; diameter and pitch retained in inches,APC,"Sport, Pattern",0.30479999999999996,0.3302,2,,air
APC_CATALOG_202602,APC Propellers,12x13N,APC:12X13N,APC designation normalized: whitespace/case unified; diameter and pitch retained in inches,APC,"Sport, Pattern",0.30479999999999996,0.3302,2,,air
APC_CATALOG_202602,APC Propellers,12x14,APC:12X14,APC designation normalized: whitespace/case unified; diameter and pitch retained in inches,APC,"Sport, Pattern",0.30479999999999996,0.35559999999999997,2,,air
APC_CATALOG_202602,APC Propellers,12x3.8SF,APC:12X3.8SF,APC designation normalized: whitespace/case unified; diameter and pitch retained in inches,APC,"Multi Rotor (Electric Only), Slow Fly (Electric Only)",0.30479999999999996,0.09652,2,,air
APC_CATALOG_202602,APC Propellers,12x3.8SF-B4,APC:12X3.8SF-B4,APC designation normalized: whitespace/case unified; diameter and pitch retained in inches,APC,"Multi Rotor (Electric Only), Bundle (2 CW & 2 CCW), Slow Fly (Electric Only)",0.30479999999999996,0.09652,2,,air
APC_CATALOG_202602,APC Propellers,12x3.8SFP,APC:12X3.8SFP,APC designation normalized: whitespace/case unified; diameter and pitch retained in inches,APC,"Multi Rotor (Electric Only), Slow Fly (Electric Only), Slow Fly Reverse Rotation (Left Hand Rotation)",0.30479999999999996,0.09652,2,CW,air
APC_CATALOG_202602,APC Propellers,12x4,APC:12X4,APC designation normalized: whitespace/case unified; diameter and pitch retained in inches,APC,Sport,0.30479999999999996,0.1016,2,,air
APC_CATALOG_202602,APC Propellers,12x4.5MR,APC:12X4.5MR,APC designation normalized: whitespace/case unified; diameter and pitch retained in inches,APC,Multi Rotor (Electric Only),0.30479999999999996,0.1143,2,,air
APC_CATALOG_202602,APC Propellers,12x4.5MR(ST),APC:12X4.5MR(ST),APC designation normalized: whitespace/case unified; diameter and pitch retained in inches,APC,Self Tightening,0.30479999999999996,0.1143,2,,air
APC_CATALOG_202602,APC Propellers,12x4.5MR-B4,APC:12X4.5MR-B4,APC designation normalized: whitespace/case unified; diameter and pitch retained in inches,APC,"Multi Rotor (Electric Only), Bundle (2 CW & 2 CCW)",0.30479999999999996,0.1143,2,,air
APC_CATALOG_202602,APC Propellers,12x4.5MRF-L(B),APC:12X4.5MRF-L(B),APC designation normalized: whitespace/case unified; diameter and pitch retained in inches,APC,"Multi Rotor (Electric Only), MR Folding",0.30479999999999996,0.1143,2,,air
APC_CATALOG_202602,APC Propellers,12x4.5MRF-R(B),APC:12X4.5MRF-R(B),APC designation normalized: whitespace/case unified; diameter and pitch retained in inches,APC,"Multi Rotor (Electric Only), MR Folding",0.30479999999999996,0.1143,2,,air
APC_CATALOG_202602,APC Propellers,12x4.5MRP,APC:12X4.5MRP,APC designation normalized: whitespace/case unified; diameter and pitch retained in inches,APC,Multi Rotor (Electric Only),0.30479999999999996,0.1143,2,CW,air
APC_CATALOG_202602,APC Propellers,12x4.5MRP(ST),APC:12X4.5MRP(ST),APC designation normalized: whitespace/case unified; diameter and pitch retained in inches,APC,Self Tightening,0.30479999999999996,0.1143,2,,air
APC_CATALOG_202602,APC Propellers,12x4.7SF,APC:12X4.7SF,APC designation normalized: whitespace/case unified; diameter and pitch retained in inches,APC,"Multi Rotor (Electric Only), Slow Fly (Electric Only)",0.30479999999999996,0.11938,2,,air
APC_CATALOG_202602,APC Propellers,12x4.7SF-B4,APC:12X4.7SF-B4,APC designation normalized: whitespace/case unified; diameter and pitch retained in inches,APC,"Multi Rotor (Electric Only), Bundle (2 CW & 2 CCW), Slow Fly (Electric Only)",0.30479999999999996,0.11938,2,,air
APC_CATALOG_202602,APC Propellers,12x4.7SFP,APC:12X4.7SFP,APC designation normalized: whitespace/case unified; diameter and pitch retained in inches,APC,"Multi Rotor (Electric Only), Slow Fly (Electric Only), Slow Fly Reverse Rotation (Left Hand Rotation)",0.30479999999999996,0.11938,2,CW,air
APC_CATALOG_202602,APC Propellers,12x5,APC:12X5,APC designation normalized: whitespace/case unified; diameter and pitch retained in inches,APC,Sport,0.30479999999999996,0.127,2,,air
APC_CATALOG_202602,APC Propellers,12x5.5MR,APC:12X5.5MR,APC designation normalized: whitespace/case unified; diameter and pitch retained in inches,APC,Multi Rotor (Electric Only),0.30479999999999996,0.1397,2,,air
APC_CATALOG_202602,APC Propellers,12x5.5MR-B4,APC:12X5.5MR-B4,APC designation normalized: whitespace/case unified; diameter and pitch retained in inches,APC,"Multi Rotor (Electric Only), Bundle (2 CW & 2 CCW)",0.30479999999999996,0.1397,2,,air
APC_CATALOG_202602,APC Propellers,12x5.5MRP,APC:12X5.5MRP,APC designation normalized: whitespace/case unified; diameter and pitch retained in inches,APC,Multi Rotor (Electric Only),0.30479999999999996,0.1397,2,CW,air
APC_CATALOG_202602,APC Propellers,12x5.8SF,APC:12X5.8SF,APC designation normalized: whitespace/case unified; diameter and pitch retained in inches,APC,Indoor 3D,0.30479999999999996,0.14731999999999998,2,,air
APC_CATALOG_202602,APC Propellers,12x6,APC:12X6,APC designation normalized: whitespace/case unified; diameter and pitch retained in inches,APC,Sport,0.30479999999999996,0.15239999999999998,2,,air
APC_CATALOG_202602,APC Propellers,12x6.5WEP(F2B),APC:12X6.5WEP(F2B),APC designation normalized: whitespace/case unified; diameter and pitch retained in inches,APC,"Thin Electric, Electric Reverse Rotation (Left Hand Rotation), Control Line (Electric Only)",0.30479999999999996,0.1651,2,,air
APC_CATALOG_202602,APC Propellers,12x6E,APC:12X6E,APC designation normalized: whitespace/case unified; diameter and pitch retained in inches,APC,Thin Electric,0.30479999999999996,0.15239999999999998,2,,air
APC_CATALOG_202602,APC Propellers,12x6EP,APC:12X6EP,APC designation normalized: whitespace/case unified; diameter and pitch retained in inches,APC,"Thin Electric, Electric Reverse Rotation (Left Hand Rotation)",0.30479999999999996,0.15239999999999998,2,CW,air
APC_CATALOG_202602,APC Propellers,12x6EP(F2B),APC:12X6EP(F2B),APC designation normalized: whitespace/case unified; diameter and pitch retained in inches,APC,"Thin Electric, Electric Reverse Rotation (Left Hand Rotation), Control Line (Electric Only)",0.30479999999999996,0.15239999999999998,2,,air
APC_CATALOG_202602,APC Propellers,12x6P,APC:12X6P,APC designation normalized: whitespace/case unified; diameter and pitch retained in inches,APC,"Sport, Pusher (for IC Engines)",0.30479999999999996,0.15239999999999998,2,CW,air
APC_CATALOG_202602,APC Propellers,12x6SF,APC:12X6SF,APC designation normalized: whitespace/case unified; diameter and pitch retained in inches,APC,Slow Fly (Electric Only),0.30479999999999996,0.15239999999999998,2,,air
APC_CATALOG_202602,APC Propellers,12x7,APC:12X7,APC designation normalized: whitespace/case unified; diameter and pitch retained in inches,APC,Sport,0.30479999999999996,0.17779999999999999,2,,air
APC_CATALOG_202602,APC Propellers,12x7E-3,APC:12X7E-3,APC designation normalized: whitespace/case unified; diameter and pitch retained in inches,APC,"Thin Electric, 3 Bladed (Electric Only)",0.30479999999999996,0.17779999999999999,3,,air
APC_CATALOG_202602,APC Propellers,12x8,APC:12X8,APC designation normalized: whitespace/case unified; diameter and pitch retained in inches,APC,Sport,0.30479999999999996,0.2032,2,,air
APC_CATALOG_202602,APC Propellers,12x8.5F,APC:12X8.5F,APC designation normalized: whitespace/case unified; diameter and pitch retained in inches,APC,Folding (Electric Only),0.30479999999999996,0.21589999999999998,2,,air
APC_CATALOG_202602,APC Propellers,12x8E,APC:12X8E,APC designation normalized: whitespace/case unified; diameter and pitch retained in inches,APC,Thin Electric,0.30479999999999996,0.2032,2,,air
APC_CATALOG_202602,APC Propellers,12x8EP,APC:12X8EP,APC designation normalized: whitespace/case unified; diameter and pitch retained in inches,APC,"Thin Electric, Electric Reverse Rotation (Left Hand Rotation)",0.30479999999999996,0.2032,2,CW,air
APC_CATALOG_202602,APC Propellers,12x8SF,APC:12X8SF,APC designation normalized: whitespace/case unified; diameter and pitch retained in inches,APC,Slow Fly (Electric Only),0.30479999999999996,0.2032,2,,air
APC_CATALOG_202602,APC Propellers,12x9,APC:12X9,APC designation normalized: whitespace/case unified; diameter and pitch retained in inches,APC,"Sport, Pattern",0.30479999999999996,0.2286,2,,air
APC_CATALOG_202602,APC Propellers,12x9W,APC:12X9W,APC designation normalized: whitespace/case unified; diameter and pitch retained in inches,APC,"Sport, Pattern",0.30479999999999996,0.2286,2,,air
APC_CATALOG_202602,APC Propellers,13.4x13.5-3,APC:13.4X13.5-3,APC designation normalized: whitespace/case unified; diameter and pitch retained in inches,APC,"Sport, Pattern, 3 Bladed (for IC Engines)",0.34036,0.3429,3,,air
APC_CATALOG_202602,APC Propellers,13.5x10,APC:13.5X10,APC designation normalized: whitespace/case unified; diameter and pitch retained in inches,APC,"Sport, Pattern",0.3429,0.254,2,,air
APC_CATALOG_202602,APC Propellers,13.5x11.5N,APC:13.5X11.5N,APC designation normalized: whitespace/case unified; diameter and pitch retained in inches,APC,"Sport, Pattern",0.3429,0.29209999999999997,2,,air
APC_CATALOG_202602,APC Propellers,13.5x12.5,APC:13.5X12.5,APC designation normalized: whitespace/case unified; diameter and pitch retained in inches,APC,"Sport, Pattern",0.3429,0.3175,2,,air
APC_CATALOG_202602,APC Propellers,13.5x13.3,APC:13.5X13.3,APC designation normalized: whitespace/case unified; diameter and pitch retained in inches,APC,"Sport, Pattern",0.3429,0.33782,2,,air
APC_CATALOG_202602,APC Propellers,13.5x13.5,APC:13.5X13.5,APC designation normalized: whitespace/case unified; diameter and pitch retained in inches,APC,"Sport, Pattern, Warbird Racing",0.3429,0.3429,2,,air
APC_CATALOG_202602,APC Propellers,13.5x14,APC:13.5X14,APC designation normalized: whitespace/case unified; diameter and pitch retained in inches,APC,"Sport, Pattern, Warbird Racing",0.3429,0.35559999999999997,2,,air
APC_CATALOG_202602,APC Propellers,13.5x14W,APC:13.5X14W,APC designation normalized: whitespace/case unified; diameter and pitch retained in inches,APC,"Sport, Pattern",0.3429,0.35559999999999997,2,,air
APC_CATALOG_202602,APC Propellers,13.5x9,APC:13.5X9,APC designation normalized: whitespace/case unified; diameter and pitch retained in inches,APC,"Sport, Pattern",0.3429,0.2286,2,,air
APC_CATALOG_202602,APC Propellers,13.8x10-4,APC:13.8X10-4,APC designation normalized: whitespace/case unified; diameter and pitch retained in inches,APC,"Sport, Pattern, 4 Bladed (for IC Engines)",0.35052,0.254,4,,air
APC_CATALOG_202602,APC Propellers,13x10,APC:13X10,APC designation normalized: whitespace/case unified; diameter and pitch retained in inches,APC,"Sport, Pattern",0.3302,0.254,2,,air
APC_CATALOG_202602,APC Propellers,13x10E,APC:13X10E,APC designation normalized: whitespace/case unified; diameter and pitch retained in inches,APC,Thin Electric,0.3302,0.254,2,,air
APC_CATALOG_202602,APC Propellers,13x10EP,APC:13X10EP,APC designation normalized: whitespace/case unified; diameter and pitch retained in inches,APC,"Thin Electric, Electric Reverse Rotation (Left Hand Rotation)",0.3302,0.254,2,CW,air
APC_CATALOG_202602,APC Propellers,13x10F,APC:13X10F,APC designation normalized: whitespace/case unified; diameter and pitch retained in inches,APC,Folding (Electric Only),0.3302,0.254,2,,air
APC_CATALOG_202602,APC Propellers,13x11,APC:13X11,APC designation normalized: whitespace/case unified; diameter and pitch retained in inches,APC,"Sport, Pattern, Warbird Racing",0.3302,0.2794,2,,air
APC_CATALOG_202602,APC Propellers,13x13-4,APC:13X13-4,APC designation normalized: whitespace/case unified; diameter and pitch retained in inches,APC,"Sport, Pattern, 4 Bladed (for IC Engines)",0.3302,0.3302,4,,air
APC_CATALOG_202602,APC Propellers,13x13.5N,APC:13X13.5N,APC designation normalized: whitespace/case unified; diameter and pitch retained in inches,APC,"Sport, Pattern, Warbird Racing",0.3302,0.3429,2,,air
APC_CATALOG_202602,APC Propellers,13x13N,APC:13X13N,APC designation normalized: whitespace/case unified; diameter and pitch retained in inches,APC,"Sport, Pattern, Warbird Racing",0.3302,0.3302,2,,air
APC_CATALOG_202602,APC Propellers,13x14,APC:13X14,APC designation normalized: whitespace/case unified; diameter and pitch retained in inches,APC,"Sport, Warbird Racing",0.3302,0.35559999999999997,2,,air
APC_CATALOG_202602,APC Propellers,13x4,APC:13X4,APC designation normalized: whitespace/case unified; diameter and pitch retained in inches,APC,Sport,0.3302,0.1016,2,,air
APC_CATALOG_202602,APC Propellers,13x4.5EP,APC:13X4.5EP,APC designation normalized: whitespace/case unified; diameter and pitch retained in inches,APC,"Thin Electric, Electric Reverse Rotation (Left Hand Rotation), Control Line (Electric Only)",0.3302,0.1143,2,CW,air
APC_CATALOG_202602,APC Propellers,13x4.5EP(F2B),APC:13X4.5EP(F2B),APC designation normalized: whitespace/case unified; diameter and pitch retained in inches,APC,"Thin Electric, Electric Reverse Rotation (Left Hand Rotation), Control Line (Electric Only)",0.3302,0.1143,2,,air
APC_CATALOG_202602,APC Propellers,13x4.5MR,APC:13X4.5MR,APC designation normalized: whitespace/case unified; diameter and pitch retained in inches,APC,Multi Rotor (Electric Only),0.3302,0.1143,2,,air
APC_CATALOG_202602,APC Propellers,13x4.5MR-B4,APC:13X4.5MR-B4,APC designation normalized: whitespace/case unified; diameter and pitch retained in inches,APC,"Multi Rotor (Electric Only), Bundle (2 CW & 2 CCW)",0.3302,0.1143,2,,air
APC_CATALOG_202602,APC Propellers,13x4.5MRP,APC:13X4.5MRP,APC designation normalized: whitespace/case unified; diameter and pitch retained in inches,APC,Multi Rotor (Electric Only),0.3302,0.1143,2,CW,air
APC_CATALOG_202602,APC Propellers,13x4.7SF,APC:13X4.7SF,APC designation normalized: whitespace/case unified; diameter and pitch retained in inches,APC,"Multi Rotor (Electric Only), Slow Fly (Electric Only)",0.3302,0.11938,2,,air
APC_CATALOG_202602,APC Propellers,13x4.7SFP,APC:13X4.7SFP,APC designation normalized: whitespace/case unified; diameter and pitch retained in inches,APC,"Multi Rotor (Electric Only), Slow Fly (Electric Only), Slow Fly Reverse Rotation (Left Hand Rotation)",0.3302,0.11938,2,CW,air
APC_CATALOG_202602,APC Propellers,13x4E,APC:13X4E,APC designation normalized: whitespace/case unified; diameter and pitch retained in inches,APC,Thin Electric,0.3302,0.1016,2,,air
APC_CATALOG_202602,APC Propellers,13x4EP,APC:13X4EP,APC designation normalized: whitespace/case unified; diameter and pitch retained in inches,APC,"Thin Electric, Electric Reverse Rotation (Left Hand Rotation)",0.3302,0.1016,2,CW,air
APC_CATALOG_202602,APC Propellers,13x4W,APC:13X4W,APC designation normalized: whitespace/case unified; diameter and pitch retained in inches,APC,"Sport, 3D Fun Fly",0.3302,0.1016,2,,air
APC_CATALOG_202602,APC Propellers,13x5.5E,APC:13X5.5E,APC designation normalized: whitespace/case unified; diameter and pitch retained in inches,APC,Thin Electric,0.3302,0.1397,2,,air
APC_CATALOG_202602,APC Propellers,13x5.5EP,APC:13X5.5EP,APC designation normalized: whitespace/case unified; diameter and pitch retained in inches,APC,"Thin Electric, Electric Reverse Rotation (Left Hand Rotation), Control Line (Electric Only)",0.3302,0.1397,2,CW,air
APC_CATALOG_202602,APC Propellers,13x5.5MR,APC:13X5.5MR,APC designation normalized: whitespace/case unified; diameter and pitch retained in inches,APC,Multi Rotor (Electric Only),0.3302,0.1397,2,,air
APC_CATALOG_202602,APC Propellers,13x5.5MR-B4,APC:13X5.5MR-B4,APC designation normalized: whitespace/case unified; diameter and pitch retained in inches,APC,"Multi Rotor (Electric Only), Bundle (2 CW & 2 CCW)",0.3302,0.1397,2,,air
APC_CATALOG_202602,APC Propellers,13x5.5MRF-L(B),APC:13X5.5MRF-L(B),APC designation normalized: whitespace/case unified; diameter and pitch retained in inches,APC,"Multi Rotor (Electric Only), MR Folding",0.3302,0.1397,2,,air
APC_CATALOG_202602,APC Propellers,13x5.5MRF-R(B),APC:13X5.5MRF-R(B),APC designation normalized: whitespace/case unified; diameter and pitch retained in inches,APC,"Multi Rotor (Electric Only), MR Folding",0.3302,0.1397,2,,air
APC_CATALOG_202602,APC Propellers,13x5.5MRP,APC:13X5.5MRP,APC designation normalized: whitespace/case unified; diameter and pitch retained in inches,APC,Multi Rotor (Electric Only),0.3302,0.1397,2,CW,air
APC_CATALOG_202602,APC Propellers,13x6,APC:13X6,APC designation normalized: whitespace/case unified; diameter and pitch retained in inches,APC,Sport,0.3302,0.15239999999999998,2,,air
APC_CATALOG_202602,APC Propellers,13x6.5E,APC:13X6.5E,APC designation normalized: whitespace/case unified; diameter and pitch retained in inches,APC,Thin Electric,0.3302,0.1651,2,,air
APC_CATALOG_202602,APC Propellers,13x6.5E(F2B),APC:13X6.5E(F2B),APC designation normalized: whitespace/case unified; diameter and pitch retained in inches,APC,"Thin Electric, Control Line (Electric Only)",0.3302,0.1651,2,,air
APC_CATALOG_202602,APC Propellers,13x6.5EP,APC:13X6.5EP,APC designation normalized: whitespace/case unified; diameter and pitch retained in inches,APC,"Thin Electric, Electric Reverse Rotation (Left Hand Rotation)",0.3302,0.1651,2,CW,air
APC_CATALOG_202602,APC Propellers,13x6P,APC:13X6P,APC designation normalized: whitespace/case unified; diameter and pitch retained in inches,APC,"Sport, Pusher (for IC Engines)",0.3302,0.15239999999999998,2,CW,air
APC_CATALOG_202602,APC Propellers,13x7,APC:13X7,APC designation normalized: whitespace/case unified; diameter and pitch retained in inches,APC,Sport,0.3302,0.17779999999999999,2,,air
APC_CATALOG_202602,APC Propellers,13x7F,APC:13X7F,APC designation normalized: whitespace/case unified; diameter and pitch retained in inches,APC,Folding (Electric Only),0.3302,0.17779999999999999,2,,air
APC_CATALOG_202602,APC Propellers,13x8,APC:13X8,APC designation normalized: whitespace/case unified; diameter and pitch retained in inches,APC,Sport,0.3302,0.2032,2,,air
APC_CATALOG_202602,APC Propellers,13x8E,APC:13X8E,APC designation normalized: whitespace/case unified; diameter and pitch retained in inches,APC,Thin Electric,0.3302,0.2032,2,,air
APC_CATALOG_202602,APC Propellers,13x8EP,APC:13X8EP,APC designation normalized: whitespace/case unified; diameter and pitch retained in inches,APC,"Thin Electric, Electric Reverse Rotation (Left Hand Rotation)",0.3302,0.2032,2,CW,air
APC_CATALOG_202602,APC Propellers,13x9,APC:13X9,APC designation normalized: whitespace/case unified; diameter and pitch retained in inches,APC,"Sport, Pattern",0.3302,0.2286,2,,air
APC_CATALOG_202602,APC Propellers,14.4x10.5,APC:14.4X10.5,APC designation normalized: whitespace/case unified; diameter and pitch retained in inches,APC,"Sport, Pattern",0.36576,0.2667,2,,air
APC_CATALOG_202602,APC Propellers,14.4x12,APC:14.4X12,APC designation normalized: whitespace/case unified; diameter and pitch retained in inches,APC,"Sport, Pattern",0.36576,0.30479999999999996,2,,air
APC_CATALOG_202602,APC Propellers,14.4x13,APC:14.4X13,APC designation normalized: whitespace/case unified; diameter and pitch retained in inches,APC,"Sport, Pattern",0.36576,0.3302,2,,air
APC_CATALOG_202602,APC Propellers,14.4x13.5,APC:14.4X13.5,APC designation normalized: whitespace/case unified; diameter and pitch retained in inches,APC,"Sport, Pattern",0.36576,0.3429,2,,air
APC_CATALOG_202602,APC Propellers,14.4x14,APC:14.4X14,APC designation normalized: whitespace/case unified; diameter and pitch retained in inches,APC,"Sport, Pattern",0.36576,0.35559999999999997,2,,air
APC_CATALOG_202602,APC Propellers,14.5x11-4,APC:14.5X11-4,APC designation normalized: whitespace/case unified; diameter and pitch retained in inches,APC,"Sport, Pattern, 4 Bladed (for IC Engines)",0.36829999999999996,0.2794,4,,air
APC_CATALOG_202602,APC Propellers,14.5x12-4,APC:14.5X12-4,APC designation normalized: whitespace/case unified; diameter and pitch retained in inches,APC,"Sport, Pattern, 4 Bladed (for IC Engines)",0.36829999999999996,0.30479999999999996,4,,air
APC_CATALOG_202602,APC Propellers,14.5x13W,APC:14.5X13W,APC designation normalized: whitespace/case unified; diameter and pitch retained in inches,APC,"Sport, Pattern",0.36829999999999996,0.3302,2,,air
APC_CATALOG_202602,APC Propellers,14.5x14.5N,APC:14.5X14.5N,APC designation normalized: whitespace/case unified; diameter and pitch retained in inches,APC,"Sport, Pattern",0.36829999999999996,0.36829999999999996,2,,air
APC_CATALOG_202602,APC Propellers,14.5x14N,APC:14.5X14N,APC designation normalized: whitespace/case unified; diameter and pitch retained in inches,APC,"Sport, Pattern",0.36829999999999996,0.35559999999999997,2,,air
APC_CATALOG_202602,APC Propellers,14x10,APC:14X10,APC designation normalized: whitespace/case unified; diameter and pitch retained in inches,APC,Sport,0.35559999999999997,0.254,2,,air
APC_CATALOG_202602,APC Propellers,14x10E,APC:14X10E,APC designation normalized: whitespace/case unified; diameter and pitch retained in inches,APC,Thin Electric,0.35559999999999997,0.254,2,,air
APC_CATALOG_202602,APC Propellers,14x10EP,APC:14X10EP,APC designation normalized: whitespace/case unified; diameter and pitch retained in inches,APC,"Thin Electric, Electric Reverse Rotation (Left Hand Rotation)",0.35559999999999997,0.254,2,CW,air
APC_CATALOG_202602,APC Propellers,14x10F,APC:14X10F,APC designation normalized: whitespace/case unified; diameter and pitch retained in inches,APC,Folding (Electric Only),0.35559999999999997,0.254,2,,air
APC_CATALOG_202602,APC Propellers,14x10FP,APC:14X10FP,APC designation normalized: whitespace/case unified; diameter and pitch retained in inches,APC,Folding (Electric Only),0.35559999999999997,0.254,2,CW,air
APC_CATALOG_202602,APC Propellers,14x11,APC:14X11,APC designation normalized: whitespace/case unified; diameter and pitch retained in inches,APC,"Sport, Pattern, Warbird Racing",0.35559999999999997,0.2794,2,,air
APC_CATALOG_202602,APC Propellers,14x12,APC:14X12,APC designation normalized: whitespace/case unified; diameter and pitch retained in inches,APC,"Sport, Pattern",0.35559999999999997,0.30479999999999996,2,,air
APC_CATALOG_202602,APC Propellers,14x12E,APC:14X12E,APC designation normalized: whitespace/case unified; diameter and pitch retained in inches,APC,Thin Electric,0.35559999999999997,0.30479999999999996,2,,air
APC_CATALOG_202602,APC Propellers,14x12N,APC:14X12N,APC designation normalized: whitespace/case unified; diameter and pitch retained in inches,APC,"Sport, Pattern",0.35559999999999997,0.30479999999999996,2,,air
APC_CATALOG_202602,APC Propellers,14x13,APC:14X13,APC designation normalized: whitespace/case unified; diameter and pitch retained in inches,APC,"Sport, Pattern",0.35559999999999997,0.3302,2,,air
APC_CATALOG_202602,APC Propellers,14x13.5,APC:14X13.5,APC designation normalized: whitespace/case unified; diameter and pitch retained in inches,APC,"Sport, Pattern",0.35559999999999997,0.3429,2,,air
APC_CATALOG_202602,APC Propellers,14x13.5N,APC:14X13.5N,APC designation normalized: whitespace/case unified; diameter and pitch retained in inches,APC,"Sport, Pattern",0.35559999999999997,0.3429,2,,air
APC_CATALOG_202602,APC Propellers,14x13M,APC:14X13M,APC designation normalized: whitespace/case unified; diameter and pitch retained in inches,APC,Marine,0.35559999999999997,0.3302,2,,air
APC_CATALOG_202602,APC Propellers,14x13N,APC:14X13N,APC designation normalized: whitespace/case unified; diameter and pitch retained in inches,APC,"Sport, Pattern, Warbird Racing",0.35559999999999997,0.3302,2,,air
APC_CATALOG_202602,APC Propellers,14x14,APC:14X14,APC designation normalized: whitespace/case unified; diameter and pitch retained in inches,APC,"Sport, Pattern",0.35559999999999997,0.35559999999999997,2,,air
APC_CATALOG_202602,APC Propellers,14x14E,APC:14X14E,APC designation normalized: whitespace/case unified; diameter and pitch retained in inches,APC,Thin Electric,0.35559999999999997,0.35559999999999997,2,,air
APC_CATALOG_202602,APC Propellers,14x14N,APC:14X14N,APC designation normalized: whitespace/case unified; diameter and pitch retained in inches,APC,"Sport, Pattern, Warbird Racing",0.35559999999999997,0.35559999999999997,2,,air
APC_CATALOG_202602,APC Propellers,14x17M,APC:14X17M,APC designation normalized: whitespace/case unified; diameter and pitch retained in inches,APC,Marine,0.35559999999999997,0.43179999999999996,2,,air
APC_CATALOG_202602,APC Propellers,14x4.7SF,APC:14X4.7SF,APC designation normalized: whitespace/case unified; diameter and pitch retained in inches,APC,"Multi Rotor (Electric Only), Slow Fly (Electric Only)",0.35559999999999997,0.11938,2,,air
APC_CATALOG_202602,APC Propellers,14x4.7SFP,APC:14X4.7SFP,APC designation normalized: whitespace/case unified; diameter and pitch retained in inches,APC,"Multi Rotor (Electric Only), Slow Fly (Electric Only), Slow Fly Reverse Rotation (Left Hand Rotation)",0.35559999999999997,0.11938,2,CW,air
APC_CATALOG_202602,APC Propellers,14x4W,APC:14X4W,APC designation normalized: whitespace/case unified; diameter and pitch retained in inches,APC,"Sport, 3D Fun Fly",0.35559999999999997,0.1016,2,,air
APC_CATALOG_202602,APC Propellers,14x5.5MR,APC:14X5.5MR,APC designation normalized: whitespace/case unified; diameter and pitch retained in inches,APC,Multi Rotor (Electric Only),0.35559999999999997,0.1397,2,,air
APC_CATALOG_202602,APC Propellers,14x5.5MRP,APC:14X5.5MRP,APC designation normalized: whitespace/case unified; diameter and pitch retained in inches,APC,Multi Rotor (Electric Only),0.35559999999999997,0.1397,2,CW,air
APC_CATALOG_202602,APC Propellers,14x5N,APC:14X5N,APC designation normalized: whitespace/case unified; diameter and pitch retained in inches,APC,Sport,0.35559999999999997,0.127,2,,air
APC_CATALOG_202602,APC Propellers,14x6,APC:14X6,APC designation normalized: whitespace/case unified; diameter and pitch retained in inches,APC,Sport,0.35559999999999997,0.15239999999999998,2,,air
APC_CATALOG_202602,APC Propellers,14x6E,APC:14X6E,APC designation normalized: whitespace/case unified; diameter and pitch retained in inches,APC,Thin Electric,0.35559999999999997,0.15239999999999998,2,,air
APC_CATALOG_202602,APC Propellers,14x6P,APC:14X6P,APC designation normalized: whitespace/case unified; diameter and pitch retained in inches,APC,"Sport, Pusher (for IC Engines)",0.35559999999999997,0.15239999999999998,2,CW,air
APC_CATALOG_202602,APC Propellers,14x7,APC:14X7,APC designation normalized: whitespace/case unified; diameter and pitch retained in inches,APC,Sport,0.35559999999999997,0.17779999999999999,2,,air
APC_CATALOG_202602,APC Propellers,14x7E,APC:14X7E,APC designation normalized: whitespace/case unified; diameter and pitch retained in inches,APC,Thin Electric,0.35559999999999997,0.17779999999999999,2,,air
APC_CATALOG_202602,APC Propellers,14x7EP,APC:14X7EP,APC designation normalized: whitespace/case unified; diameter and pitch retained in inches,APC,"Thin Electric, Electric Reverse Rotation (Left Hand Rotation)",0.35559999999999997,0.17779999999999999,2,CW,air
APC_CATALOG_202602,APC Propellers,14x8,APC:14X8,APC designation normalized: whitespace/case unified; diameter and pitch retained in inches,APC,Sport,0.35559999999999997,0.2032,2,,air
APC_CATALOG_202602,APC Propellers,14x8.5E,APC:14X8.5E,APC designation normalized: whitespace/case unified; diameter and pitch retained in inches,APC,Thin Electric,0.35559999999999997,0.21589999999999998,2,,air
APC_CATALOG_202602,APC Propellers,14x8.5EP,APC:14X8.5EP,APC designation normalized: whitespace/case unified; diameter and pitch retained in inches,APC,"Thin Electric, Electric Reverse Rotation (Left Hand Rotation)",0.35559999999999997,0.21589999999999998,2,CW,air
APC_CATALOG_202602,APC Propellers,15.5x11.5W,APC:15.5X11.5W,APC designation normalized: whitespace/case unified; diameter and pitch retained in inches,APC,"Sport, Pattern",0.3937,0.29209999999999997,2,,air
APC_CATALOG_202602,APC Propellers,15.5x12,APC:15.5X12,APC designation normalized: whitespace/case unified; diameter and pitch retained in inches,APC,"Sport, Pattern",0.3937,0.30479999999999996,2,,air
APC_CATALOG_202602,APC Propellers,15.5x12-4,APC:15.5X12-4,APC designation normalized: whitespace/case unified; diameter and pitch retained in inches,APC,"Sport, Pattern, 4 Bladed (for IC Engines)",0.3937,0.30479999999999996,4,,air
APC_CATALOG_202602,APC Propellers,15.5x12.5W,APC:15.5X12.5W,APC designation normalized: whitespace/case unified; diameter and pitch retained in inches,APC,"Sport, Pattern",0.3937,0.3175,2,,air
APC_CATALOG_202602,APC Propellers,15.5x12W,APC:15.5X12W,APC designation normalized: whitespace/case unified; diameter and pitch retained in inches,APC,"Sport, Pattern",0.3937,0.30479999999999996,2,,air
APC_CATALOG_202602,APC Propellers,15.5x13N,APC:15.5X13N,APC designation normalized: whitespace/case unified; diameter and pitch retained in inches,APC,"Sport, Pattern",0.3937,0.3302,2,,air
APC_CATALOG_202602,APC Propellers,15.75x13-3,APC:15.75X13-3,APC designation normalized: whitespace/case unified; diameter and pitch retained in inches,APC,"Sport, Pattern, 3 Bladed (for IC Engines)",0.40004999999999996,0.3302,3,,air
APC_CATALOG_202602,APC Propellers,15x10,APC:15X10,APC designation normalized: whitespace/case unified; diameter and pitch retained in inches,APC,"Sport, Pattern",0.381,0.254,2,,air
APC_CATALOG_202602,APC Propellers,15x10E,APC:15X10E,APC designation normalized: whitespace/case unified; diameter and pitch retained in inches,APC,Thin Electric,0.381,0.254,2,,air
APC_CATALOG_202602,APC Propellers,15x10E-T,APC:15X10E-T,APC designation normalized: whitespace/case unified; diameter and pitch retained in inches,APC,"Thin Electric, T-Mount",0.381,0.254,2,,air
APC_CATALOG_202602,APC Propellers,15x10EP,APC:15X10EP,APC designation normalized: whitespace/case unified; diameter and pitch retained in inches,APC,"Thin Electric, Electric Reverse Rotation (Left Hand Rotation)",0.381,0.254,2,CW,air
APC_CATALOG_202602,APC Propellers,15x10EP-T,APC:15X10EP-T,APC designation normalized: whitespace/case unified; diameter and pitch retained in inches,APC,"Thin Electric, Electric Reverse Rotation (Left Hand Rotation), T-Mount",0.381,0.254,2,,air
APC_CATALOG_202602,APC Propellers,15x11,APC:15X11,APC designation normalized: whitespace/case unified; diameter and pitch retained in inches,APC,"Sport, Pattern",0.381,0.2794,2,,air
APC_CATALOG_202602,APC Propellers,15x11-4,APC:15X11-4,APC designation normalized: whitespace/case unified; diameter and pitch retained in inches,APC,"Sport, Pattern, 4 Bladed (for IC Engines)",0.381,0.2794,4,,air
APC_CATALOG_202602,APC Propellers,15x12,APC:15X12,APC designation normalized: whitespace/case unified; diameter and pitch retained in inches,APC,"Sport, Pattern",0.381,0.30479999999999996,2,,air
APC_CATALOG_202602,APC Propellers,15x12F,APC:15X12F,APC designation normalized: whitespace/case unified; diameter and pitch retained in inches,APC,Folding (Electric Only),0.381,0.30479999999999996,2,,air
APC_CATALOG_202602,APC Propellers,15x12W,APC:15X12W,APC designation normalized: whitespace/case unified; diameter and pitch retained in inches,APC,"Sport, Pattern",0.381,0.30479999999999996,2,,air
APC_CATALOG_202602,APC Propellers,15x13,APC:15X13,APC designation normalized: whitespace/case unified; diameter and pitch retained in inches,APC,"Sport, Pattern",0.381,0.3302,2,,air
APC_CATALOG_202602,APC Propellers,15x13.5-3,APC:15X13.5-3,APC designation normalized: whitespace/case unified; diameter and pitch retained in inches,APC,"Sport, Pattern, 3 Bladed (for IC Engines)",0.381,0.3429,3,,air
APC_CATALOG_202602,APC Propellers,15x13N,APC:15X13N,APC designation normalized: whitespace/case unified; diameter and pitch retained in inches,APC,"Sport, Pattern",0.381,0.3302,2,,air
APC_CATALOG_202602,APC Propellers,15x13W-3,APC:15X13W-3,APC designation normalized: whitespace/case unified; diameter and pitch retained in inches,APC,"Sport, Pattern, 3 Bladed (for IC Engines)",0.381,0.3302,3,,air
APC_CATALOG_202602,APC Propellers,15x14,APC:15X14,APC designation normalized: whitespace/case unified; diameter and pitch retained in inches,APC,"Sport, Pattern",0.381,0.35559999999999997,2,,air
APC_CATALOG_202602,APC Propellers,15x14N,APC:15X14N,APC designation normalized: whitespace/case unified; diameter and pitch retained in inches,APC,"Sport, Pattern",0.381,0.35559999999999997,2,,air
APC_CATALOG_202602,APC Propellers,15x4E,APC:15X4E,APC designation normalized: whitespace/case unified; diameter and pitch retained in inches,APC,Thin Electric,0.381,0.1016,2,,air
APC_CATALOG_202602,APC Propellers,15x4EP,APC:15X4EP,APC designation normalized: whitespace/case unified; diameter and pitch retained in inches,APC,"Thin Electric, Electric Reverse Rotation (Left Hand Rotation)",0.381,0.1016,2,CW,air
APC_CATALOG_202602,APC Propellers,15x4W,APC:15X4W,APC designation normalized: whitespace/case unified; diameter and pitch retained in inches,APC,"Sport, 3D Fun Fly",0.381,0.1016,2,,air
APC_CATALOG_202602,APC Propellers,15x5.5MR,APC:15X5.5MR,APC designation normalized: whitespace/case unified; diameter and pitch retained in inches,APC,Multi Rotor (Electric Only),0.381,0.1397,2,,air
APC_CATALOG_202602,APC Propellers,15x5.5MRP,APC:15X5.5MRP,APC designation normalized: whitespace/case unified; diameter and pitch retained in inches,APC,Multi Rotor (Electric Only),0.381,0.1397,2,CW,air
APC_CATALOG_202602,APC Propellers,15x6,APC:15X6,APC designation normalized: whitespace/case unified; diameter and pitch retained in inches,APC,Sport,0.381,0.15239999999999998,2,,air
APC_CATALOG_202602,APC Propellers,15x6E,APC:15X6E,APC designation normalized: whitespace/case unified; diameter and pitch retained in inches,APC,Thin Electric,0.381,0.15239999999999998,2,,air
APC_CATALOG_202602,APC Propellers,15x7,APC:15X7,APC designation normalized: whitespace/case unified; diameter and pitch retained in inches,APC,Sport,0.381,0.17779999999999999,2,,air
APC_CATALOG_202602,APC Propellers,15x7E,APC:15X7E,APC designation normalized: whitespace/case unified; diameter and pitch retained in inches,APC,Thin Electric,0.381,0.17779999999999999,2,,air
APC_CATALOG_202602,APC Propellers,15x7E-T,APC:15X7E-T,APC designation normalized: whitespace/case unified; diameter and pitch retained in inches,APC,"Thin Electric, T-Mount",0.381,0.17779999999999999,2,,air
APC_CATALOG_202602,APC Propellers,15x7EP-T,APC:15X7EP-T,APC designation normalized: whitespace/case unified; diameter and pitch retained in inches,APC,"Thin Electric, Electric Reverse Rotation (Left Hand Rotation), T-Mount",0.381,0.17779999999999999,2,,air
APC_CATALOG_202602,APC Propellers,15x8,APC:15X8,APC designation normalized: whitespace/case unified; diameter and pitch retained in inches,APC,"Sport, Pattern",0.381,0.2032,2,,air
APC_CATALOG_202602,APC Propellers,15x8E,APC:15X8E,APC designation normalized: whitespace/case unified; diameter and pitch retained in inches,APC,Thin Electric,0.381,0.2032,2,,air
APC_CATALOG_202602,APC Propellers,15x8P,APC:15X8P,APC designation normalized: whitespace/case unified; diameter and pitch retained in inches,APC,"Sport, Pusher (for IC Engines)",0.381,0.2032,2,CW,air
APC_CATALOG_202602,APC Propellers,16.5x12,APC:16.5X12,APC designation normalized: whitespace/case unified; diameter and pitch retained in inches,APC,"Sport, Pattern",0.4191,0.30479999999999996,2,,air
APC_CATALOG_202602,APC Propellers,16.5x12W,APC:16.5X12W,APC designation normalized: whitespace/case unified; diameter and pitch retained in inches,APC,"Sport, Pattern",0.4191,0.30479999999999996,2,,air
APC_CATALOG_202602,APC Propellers,16.5x13,APC:16.5X13,APC designation normalized: whitespace/case unified; diameter and pitch retained in inches,APC,"Sport, Pattern",0.4191,0.3302,2,,air
APC_CATALOG_202602,APC Propellers,16.5x13W,APC:16.5X13W,APC designation normalized: whitespace/case unified; diameter and pitch retained in inches,APC,"Sport, Pattern",0.4191,0.3302,2,,air
APC_CATALOG_202602,APC Propellers,16.5x14,APC:16.5X14,APC designation normalized: whitespace/case unified; diameter and pitch retained in inches,APC,"Sport, Pattern",0.4191,0.35559999999999997,2,,air
APC_CATALOG_202602,APC Propellers,16.5x5W,APC:16.5X5W,APC designation normalized: whitespace/case unified; diameter and pitch retained in inches,APC,"Sport, 3D Fun Fly",0.4191,0.127,2,,air
APC_CATALOG_202602,APC Propellers,16x10,APC:16X10,APC designation normalized: whitespace/case unified; diameter and pitch retained in inches,APC,"Sport, Pattern",0.4064,0.254,2,,air
APC_CATALOG_202602,APC Propellers,16x10E,APC:16X10E,APC designation normalized: whitespace/case unified; diameter and pitch retained in inches,APC,Thin Electric,0.4064,0.254,2,,air
APC_CATALOG_202602,APC Propellers,16x10EP,APC:16X10EP,APC designation normalized: whitespace/case unified; diameter and pitch retained in inches,APC,"Thin Electric, Electric Reverse Rotation (Left Hand Rotation)",0.4064,0.254,2,CW,air
APC_CATALOG_202602,APC Propellers,16x11,APC:16X11,APC designation normalized: whitespace/case unified; diameter and pitch retained in inches,APC,"Sport, Pattern",0.4064,0.2794,2,,air
APC_CATALOG_202602,APC Propellers,16x12,APC:16X12,APC designation normalized: whitespace/case unified; diameter and pitch retained in inches,APC,"Sport, Pattern",0.4064,0.30479999999999996,2,,air
APC_CATALOG_202602,APC Propellers,16x12E,APC:16X12E,APC designation normalized: whitespace/case unified; diameter and pitch retained in inches,APC,Thin Electric,0.4064,0.30479999999999996,2,,air
APC_CATALOG_202602,APC Propellers,16x13,APC:16X13,APC designation normalized: whitespace/case unified; diameter and pitch retained in inches,APC,"Sport, Pattern",0.4064,0.3302,2,,air
APC_CATALOG_202602,APC Propellers,16x13N,APC:16X13N,APC designation normalized: whitespace/case unified; diameter and pitch retained in inches,APC,"Sport, Pattern",0.4064,0.3302,2,,air
APC_CATALOG_202602,APC Propellers,16x14,APC:16X14,APC designation normalized: whitespace/case unified; diameter and pitch retained in inches,APC,"Sport, Pattern",0.4064,0.35559999999999997,2,,air
APC_CATALOG_202602,APC Propellers,16x14N,APC:16X14N,APC designation normalized: whitespace/case unified; diameter and pitch retained in inches,APC,"Sport, Pattern",0.4064,0.35559999999999997,2,,air
APC_CATALOG_202602,APC Propellers,16x14P,APC:16X14P,APC designation normalized: whitespace/case unified; diameter and pitch retained in inches,APC,"Sport, Pusher (for IC Engines)",0.4064,0.35559999999999997,2,CW,air
APC_CATALOG_202602,APC Propellers,16x15,APC:16X15,APC designation normalized: whitespace/case unified; diameter and pitch retained in inches,APC,"Sport, Pattern",0.4064,0.381,2,,air
APC_CATALOG_202602,APC Propellers,16x16,APC:16X16,APC designation normalized: whitespace/case unified; diameter and pitch retained in inches,APC,"Sport, Pattern",0.4064,0.4064,2,,air
APC_CATALOG_202602,APC Propellers,16x4E,APC:16X4E,APC designation normalized: whitespace/case unified; diameter and pitch retained in inches,APC,Thin Electric,0.4064,0.1016,2,,air
APC_CATALOG_202602,APC Propellers,16x4EP,APC:16X4EP,APC designation normalized: whitespace/case unified; diameter and pitch retained in inches,APC,"Thin Electric, Electric Reverse Rotation (Left Hand Rotation)",0.4064,0.1016,2,CW,air
APC_CATALOG_202602,APC Propellers,16x4W,APC:16X4W,APC designation normalized: whitespace/case unified; diameter and pitch retained in inches,APC,"Sport, 3D Fun Fly",0.4064,0.1016,2,,air
APC_CATALOG_202602,APC Propellers,16x5.5MR,APC:16X5.5MR,APC designation normalized: whitespace/case unified; diameter and pitch retained in inches,APC,Multi Rotor (Electric Only),0.4064,0.1397,2,,air
APC_CATALOG_202602,APC Propellers,16x5.5MR-ST,APC:16X5.5MR-ST,APC designation normalized: whitespace/case unified; diameter and pitch retained in inches,APC,Self Tightening,0.4064,0.1397,2,,air
APC_CATALOG_202602,APC Propellers,16x5.5MR-T,APC:16X5.5MR-T,APC designation normalized: whitespace/case unified; diameter and pitch retained in inches,APC,"Multi Rotor (Electric Only), T-Mount",0.4064,0.1397,2,,air
APC_CATALOG_202602,APC Propellers,16x5.5MRP,APC:16X5.5MRP,APC designation normalized: whitespace/case unified; diameter and pitch retained in inches,APC,Multi Rotor (Electric Only),0.4064,0.1397,2,CW,air
APC_CATALOG_202602,APC Propellers,16x5.5MRP-ST,APC:16X5.5MRP-ST,APC designation normalized: whitespace/case unified; diameter and pitch retained in inches,APC,Self Tightening,0.4064,0.1397,2,,air
APC_CATALOG_202602,APC Propellers,16x5.5MRP-T,APC:16X5.5MRP-T,APC designation normalized: whitespace/case unified; diameter and pitch retained in inches,APC,"Multi Rotor (Electric Only), T-Mount",0.4064,0.1397,2,,air
APC_CATALOG_202602,APC Propellers,16x6,APC:16X6,APC designation normalized: whitespace/case unified; diameter and pitch retained in inches,APC,Sport,0.4064,0.15239999999999998,2,,air
APC_CATALOG_202602,APC Propellers,16x6E,APC:16X6E,APC designation normalized: whitespace/case unified; diameter and pitch retained in inches,APC,Thin Electric,0.4064,0.15239999999999998,2,,air
APC_CATALOG_202602,APC Propellers,16x7,APC:16X7,APC designation normalized: whitespace/case unified; diameter and pitch retained in inches,APC,Sport,0.4064,0.17779999999999999,2,,air
APC_CATALOG_202602,APC Propellers,16x7C,APC:16X7C,APC designation normalized: whitespace/case unified; diameter and pitch retained in inches,APC,"Sport, Thin Electric, Multi Rotor (Electric Only)",0.4064,0.17779999999999999,2,,air
APC_CATALOG_202602,APC Propellers,16x7CP,APC:16X7CP,APC designation normalized: whitespace/case unified; diameter and pitch retained in inches,APC,"Sport, Pusher (for IC Engines), Electric Reverse Rotation (Left Hand Rotation), Multi Rotor (Electric Only)",0.4064,0.17779999999999999,2,CW,air
APC_CATALOG_202602,APC Propellers,16x7E(3D),APC:16X7E(3D),APC designation normalized: whitespace/case unified; diameter and pitch retained in inches,APC,Thin Electric,0.4064,0.17779999999999999,2,,air
APC_CATALOG_202602,APC Propellers,16x8,APC:16X8,APC designation normalized: whitespace/case unified; diameter and pitch retained in inches,APC,"Sport, Pattern",0.4064,0.2032,2,,air
APC_CATALOG_202602,APC Propellers,16x8E,APC:16X8E,APC designation normalized: whitespace/case unified; diameter and pitch retained in inches,APC,Thin Electric,0.4064,0.2032,2,,air
APC_CATALOG_202602,APC Propellers,17.5x18,APC:17.5X18,APC designation normalized: whitespace/case unified; diameter and pitch retained in inches,APC,Sport,0.4445,0.4572,2,,air
APC_CATALOG_202602,APC Propellers,17x10,APC:17X10,APC designation normalized: whitespace/case unified; diameter and pitch retained in inches,APC,"Sport, Pattern",0.43179999999999996,0.254,2,,air
APC_CATALOG_202602,APC Propellers,17x10E,APC:17X10E,APC designation normalized: whitespace/case unified; diameter and pitch retained in inches,APC,Thin Electric,0.43179999999999996,0.254,2,,air
APC_CATALOG_202602,APC Propellers,17x10N,APC:17X10N,APC designation normalized: whitespace/case unified; diameter and pitch retained in inches,APC,"Sport, Pattern",0.43179999999999996,0.254,2,,air
APC_CATALOG_202602,APC Propellers,17x10P,APC:17X10P,APC designation normalized: whitespace/case unified; diameter and pitch retained in inches,APC,"Sport, Pusher (for IC Engines)",0.43179999999999996,0.254,2,CW,air
APC_CATALOG_202602,APC Propellers,17x10WE,APC:17X10WE,APC designation normalized: whitespace/case unified; diameter and pitch retained in inches,APC,Thin Electric,0.43179999999999996,0.254,2,,air
APC_CATALOG_202602,APC Propellers,17x12,APC:17X12,APC designation normalized: whitespace/case unified; diameter and pitch retained in inches,APC,"Sport, Pattern",0.43179999999999996,0.30479999999999996,2,,air
APC_CATALOG_202602,APC Propellers,17x12.5N,APC:17X12.5N,APC designation normalized: whitespace/case unified; diameter and pitch retained in inches,APC,"Sport, Pattern",0.43179999999999996,0.3175,2,,air
APC_CATALOG_202602,APC Propellers,17x12.75,APC:17X12.75,APC designation normalized: whitespace/case unified; diameter and pitch retained in inches,APC,"Sport, Pattern",0.43179999999999996,0.32384999999999997,2,,air
APC_CATALOG_202602,APC Propellers,17x12E,APC:17X12E,APC designation normalized: whitespace/case unified; diameter and pitch retained in inches,APC,Thin Electric,0.43179999999999996,0.30479999999999996,2,,air
APC_CATALOG_202602,APC Propellers,17x12N,APC:17X12N,APC designation normalized: whitespace/case unified; diameter and pitch retained in inches,APC,"Sport, Pattern",0.43179999999999996,0.30479999999999996,2,,air
APC_CATALOG_202602,APC Propellers,17x12W,APC:17X12W,APC designation normalized: whitespace/case unified; diameter and pitch retained in inches,APC,"Sport, Pattern",0.43179999999999996,0.30479999999999996,2,,air
APC_CATALOG_202602,APC Propellers,17x13,APC:17X13,APC designation normalized: whitespace/case unified; diameter and pitch retained in inches,APC,"Sport, Pattern",0.43179999999999996,0.3302,2,,air
APC_CATALOG_202602,APC Propellers,17x13N,APC:17X13N,APC designation normalized: whitespace/case unified; diameter and pitch retained in inches,APC,"Sport, Pattern",0.43179999999999996,0.3302,2,,air
APC_CATALOG_202602,APC Propellers,17x18,APC:17X18,APC designation normalized: whitespace/case unified; diameter and pitch retained in inches,APC,Sport,0.43179999999999996,0.4572,2,,air
APC_CATALOG_202602,APC Propellers,17x4W,APC:17X4W,APC designation normalized: whitespace/case unified; diameter and pitch retained in inches,APC,"Sport, 3D Fun Fly",0.43179999999999996,0.1016,2,,air
APC_CATALOG_202602,APC Propellers,17x6,APC:17X6,APC designation normalized: whitespace/case unified; diameter and pitch retained in inches,APC,"Sport, IMAC Aerobatic",0.43179999999999996,0.15239999999999998,2,,air
APC_CATALOG_202602,APC Propellers,17x6E,APC:17X6E,APC designation normalized: whitespace/case unified; diameter and pitch retained in inches,APC,Thin Electric,0.43179999999999996,0.15239999999999998,2,,air
APC_CATALOG_202602,APC Propellers,17x6P,APC:17X6P,APC designation normalized: whitespace/case unified; diameter and pitch retained in inches,APC,"Sport, Pusher (for IC Engines)",0.43179999999999996,0.15239999999999998,2,CW,air
APC_CATALOG_202602,APC Propellers,17x7E,APC:17X7E,APC designation normalized: whitespace/case unified; diameter and pitch retained in inches,APC,Thin Electric,0.43179999999999996,0.17779999999999999,2,,air
APC_CATALOG_202602,APC Propellers,17x8,APC:17X8,APC designation normalized: whitespace/case unified; diameter and pitch retained in inches,APC,"Sport, Pattern",0.43179999999999996,0.2032,2,,air
APC_CATALOG_202602,APC Propellers,17x8E,APC:17X8E,APC designation normalized: whitespace/case unified; diameter and pitch retained in inches,APC,Thin Electric,0.43179999999999996,0.2032,2,,air
APC_CATALOG_202602,APC Propellers,17x8EP,APC:17X8EP,APC designation normalized: whitespace/case unified; diameter and pitch retained in inches,APC,"Thin Electric, Electric Reverse Rotation (Left Hand Rotation)",0.43179999999999996,0.2032,2,CW,air
APC_CATALOG_202602,APC Propellers,17x8N,APC:17X8N,APC designation normalized: whitespace/case unified; diameter and pitch retained in inches,APC,"Sport, Pattern",0.43179999999999996,0.2032,2,,air
APC_CATALOG_202602,APC Propellers,18.1x10,APC:18.1X10,APC designation normalized: whitespace/case unified; diameter and pitch retained in inches,APC,Pattern,0.45974000000000004,0.254,2,,air
APC_CATALOG_202602,APC Propellers,18.1x10W,APC:18.1X10W,APC designation normalized: whitespace/case unified; diameter and pitch retained in inches,APC,Pattern,0.45974000000000004,0.254,2,,air
APC_CATALOG_202602,APC Propellers,18.1x11,APC:18.1X11,APC designation normalized: whitespace/case unified; diameter and pitch retained in inches,APC,Pattern,0.45974000000000004,0.2794,2,,air
APC_CATALOG_202602,APC Propellers,18.1x12,APC:18.1X12,APC designation normalized: whitespace/case unified; diameter and pitch retained in inches,APC,Pattern,0.45974000000000004,0.30479999999999996,2,,air
APC_CATALOG_202602,APC Propellers,18.5x10.25WPN,APC:18.5X10.25WPN,APC designation normalized: whitespace/case unified; diameter and pitch retained in inches,APC,Pattern,0.4699,0.26034999999999997,2,,air
APC_CATALOG_202602,APC Propellers,18.5x12WPN,APC:18.5X12WPN,APC designation normalized: whitespace/case unified; diameter and pitch retained in inches,APC,Pattern,0.4699,0.30479999999999996,2,,air
APC_CATALOG_202602,APC Propellers,18.5x9.5,APC:18.5X9.5,APC designation normalized: whitespace/case unified; diameter and pitch retained in inches,APC,Pattern,0.4699,0.2413,2,,air
APC_CATALOG_202602,APC Propellers,18x10,APC:18X10,APC designation normalized: whitespace/case unified; diameter and pitch retained in inches,APC,Sport,0.4572,0.254,2,,air
APC_CATALOG_202602,APC Propellers,18x10E,APC:18X10E,APC designation normalized: whitespace/case unified; diameter and pitch retained in inches,APC,Thin Electric,0.4572,0.254,2,,air
APC_CATALOG_202602,APC Propellers,18x10EP,APC:18X10EP,APC designation normalized: whitespace/case unified; diameter and pitch retained in inches,APC,"Thin Electric, Electric Reverse Rotation (Left Hand Rotation)",0.4572,0.254,2,CW,air
APC_CATALOG_202602,APC Propellers,18x10P,APC:18X10P,APC designation normalized: whitespace/case unified; diameter and pitch retained in inches,APC,"Sport, Pusher (for IC Engines)",0.4572,0.254,2,CW,air
APC_CATALOG_202602,APC Propellers,18x10PN,APC:18X10PN,APC designation normalized: whitespace/case unified; diameter and pitch retained in inches,APC,"Sport, Pattern",0.4572,0.254,2,,air
APC_CATALOG_202602,APC Propellers,18x11,APC:18X11,APC designation normalized: whitespace/case unified; diameter and pitch retained in inches,APC,"Sport, Pattern",0.4572,0.2794,2,,air
APC_CATALOG_202602,APC Propellers,18x11WPN,APC:18X11WPN,APC designation normalized: whitespace/case unified; diameter and pitch retained in inches,APC,"Sport, Pattern",0.4572,0.2794,2,,air
APC_CATALOG_202602,APC Propellers,18x12,APC:18X12,APC designation normalized: whitespace/case unified; diameter and pitch retained in inches,APC,Sport,0.4572,0.30479999999999996,2,,air
APC_CATALOG_202602,APC Propellers,18x12E,APC:18X12E,APC designation normalized: whitespace/case unified; diameter and pitch retained in inches,APC,Thin Electric,0.4572,0.30479999999999996,2,,air
APC_CATALOG_202602,APC Propellers,18x12WE,APC:18X12WE,APC designation normalized: whitespace/case unified; diameter and pitch retained in inches,APC,Thin Electric,0.4572,0.30479999999999996,2,,air
APC_CATALOG_202602,APC Propellers,18x14,APC:18X14,APC designation normalized: whitespace/case unified; diameter and pitch retained in inches,APC,Sport,0.4572,0.35559999999999997,2,,air
APC_CATALOG_202602,APC Propellers,18x16,APC:18X16,APC designation normalized: whitespace/case unified; diameter and pitch retained in inches,APC,Sport,0.4572,0.4064,2,,air
APC_CATALOG_202602,APC Propellers,18x5.5MR,APC:18X5.5MR,APC designation normalized: whitespace/case unified; diameter and pitch retained in inches,APC,Multi Rotor (Electric Only),0.4572,0.1397,2,,air
APC_CATALOG_202602,APC Propellers,18x5.5MRP,APC:18X5.5MRP,APC designation normalized: whitespace/case unified; diameter and pitch retained in inches,APC,Multi Rotor (Electric Only),0.4572,0.1397,2,CW,air
APC_CATALOG_202602,APC Propellers,18x6W,APC:18X6W,APC designation normalized: whitespace/case unified; diameter and pitch retained in inches,APC,"Sport, 3D Fun Fly",0.4572,0.15239999999999998,2,,air
APC_CATALOG_202602,APC Propellers,18x6WP,APC:18X6WP,APC designation normalized: whitespace/case unified; diameter and pitch retained in inches,APC,"Sport, Pusher (for IC Engines), 3D Fun Fly",0.4572,0.15239999999999998,2,CW,air
APC_CATALOG_202602,APC Propellers,18x7WP,APC:18X7WP,APC designation normalized: whitespace/case unified; diameter and pitch retained in inches,APC,"Sport, Pusher (for IC Engines)",0.4572,0.17779999999999999,2,CW,air
APC_CATALOG_202602,APC Propellers,18x8,APC:18X8,APC designation normalized: whitespace/case unified; diameter and pitch retained in inches,APC,Sport,0.4572,0.2032,2,,air
APC_CATALOG_202602,APC Propellers,18x8E,APC:18X8E,APC designation normalized: whitespace/case unified; diameter and pitch retained in inches,APC,Thin Electric,0.4572,0.2032,2,,air
APC_CATALOG_202602,APC Propellers,18x8EP,APC:18X8EP,APC designation normalized: whitespace/case unified; diameter and pitch retained in inches,APC,"Thin Electric, Electric Reverse Rotation (Left Hand Rotation)",0.4572,0.2032,2,CW,air
APC_CATALOG_202602,APC Propellers,18x8W,APC:18X8W,APC designation normalized: whitespace/case unified; diameter and pitch retained in inches,APC,"Sport, IMAC Aerobatic",0.4572,0.2032,2,,air
APC_CATALOG_202602,APC Propellers,19.5x11.5PN,APC:19.5X11.5PN,APC designation normalized: whitespace/case unified; diameter and pitch retained in inches,APC,Pattern,0.49529999999999996,0.29209999999999997,2,,air
APC_CATALOG_202602,APC Propellers,19x10E,APC:19X10E,APC designation normalized: whitespace/case unified; diameter and pitch retained in inches,APC,Thin Electric,0.4826,0.254,2,,air
APC_CATALOG_202602,APC Propellers,19x10EP,APC:19X10EP,APC designation normalized: whitespace/case unified; diameter and pitch retained in inches,APC,"Thin Electric, Electric Reverse Rotation (Left Hand Rotation)",0.4826,0.254,2,CW,air
APC_CATALOG_202602,APC Propellers,19x11,APC:19X11,APC designation normalized: whitespace/case unified; diameter and pitch retained in inches,APC,"Sport, Pattern",0.4826,0.2794,2,,air
APC_CATALOG_202602,APC Propellers,19x12E,APC:19X12E,APC designation normalized: whitespace/case unified; diameter and pitch retained in inches,APC,Thin Electric,0.4826,0.30479999999999996,2,,air
APC_CATALOG_202602,APC Propellers,19x12WE,APC:19X12WE,APC designation normalized: whitespace/case unified; diameter and pitch retained in inches,APC,Thin Electric,0.4826,0.30479999999999996,2,,air
APC_CATALOG_202602,APC Propellers,19x14,APC:19X14,APC designation normalized: whitespace/case unified; diameter and pitch retained in inches,APC,Sport,0.4826,0.35559999999999997,2,,air
APC_CATALOG_202602,APC Propellers,19x16,APC:19X16,APC designation normalized: whitespace/case unified; diameter and pitch retained in inches,APC,Sport,0.4826,0.4064,2,,air
APC_CATALOG_202602,APC Propellers,19x8E,APC:19X8E,APC designation normalized: whitespace/case unified; diameter and pitch retained in inches,APC,Thin Electric,0.4826,0.2032,2,,air
APC_CATALOG_202602,APC Propellers,19x8W,APC:19X8W,APC designation normalized: whitespace/case unified; diameter and pitch retained in inches,APC,"Sport, IMAC Aerobatic",0.4826,0.2032,2,,air
APC_CATALOG_202602,APC Propellers,20.5x10.5PNC,APC:20.5X10.5PNC,APC designation normalized: whitespace/case unified; diameter and pitch retained in inches,APC,"Carbon Fiber, Pattern, Pattern Carbon Fiber",0.5206999999999999,0.2667,2,,air
APC_CATALOG_202602,APC Propellers,20.5x10.5WPNC,APC:20.5X10.5WPNC,APC designation normalized: whitespace/case unified; diameter and pitch retained in inches,APC,"Carbon Fiber, Pattern, Pattern Carbon Fiber",0.5206999999999999,0.2667,2,,air
APC_CATALOG_202602,APC Propellers,20.5x10PN,APC:20.5X10PN,APC designation normalized: whitespace/case unified; diameter and pitch retained in inches,APC,Pattern,0.5206999999999999,0.254,2,,air
APC_CATALOG_202602,APC Propellers,20.5x10PNC,APC:20.5X10PNC,APC designation normalized: whitespace/case unified; diameter and pitch retained in inches,APC,"Carbon Fiber, Pattern, Pattern Carbon Fiber",0.5206999999999999,0.254,2,,air
APC_CATALOG_202602,APC Propellers,20.5x12WE,APC:20.5X12WE,APC designation normalized: whitespace/case unified; diameter and pitch retained in inches,APC,Thin Electric,0.5206999999999999,0.30479999999999996,2,,air
APC_CATALOG_202602,APC Propellers,20.5x13.5EPN,APC:20.5X13.5EPN,APC designation normalized: whitespace/case unified; diameter and pitch retained in inches,APC,"Thin Electric, Pattern (Electric Only)",0.5206999999999999,0.3429,2,,air
APC_CATALOG_202602,APC Propellers,20.5x13.5EPNC,APC:20.5X13.5EPNC,APC designation normalized: whitespace/case unified; diameter and pitch retained in inches,APC,"Thin Electric, Carbon Fiber (Electric Only), Pattern (Electric Only)",0.5206999999999999,0.3429,2,,air
APC_CATALOG_202602,APC Propellers,20.5x14E,APC:20.5X14E,APC designation normalized: whitespace/case unified; diameter and pitch retained in inches,APC,Thin Electric,0.5206999999999999,0.35559999999999997,2,,air
APC_CATALOG_202602,APC Propellers,20.5x14EPN,APC:20.5X14EPN,APC designation normalized: whitespace/case unified; diameter and pitch retained in inches,APC,"Thin Electric, Pattern (Electric Only)",0.5206999999999999,0.35559999999999997,2,,air
APC_CATALOG_202602,APC Propellers,20.5x14EPNC,APC:20.5X14EPNC,APC designation normalized: whitespace/case unified; diameter and pitch retained in inches,APC,"Thin Electric, Carbon Fiber (Electric Only), Pattern (Electric Only), Multi Rotor (Electric Only)",0.5206999999999999,0.35559999999999997,2,,air
APC_CATALOG_202602,APC Propellers,20.5x14EPNCP,APC:20.5X14EPNCP,APC designation normalized: whitespace/case unified; diameter and pitch retained in inches,APC,"Thin Electric, Electric Reverse Rotation (Left Hand Rotation), Carbon Fiber (Electric Only), Pattern (Electric Only), Multi Rotor (Electric Only)",0.5206999999999999,0.35559999999999997,2,CW,air
APC_CATALOG_202602,APC Propellers,20.5x20.5E(CD),APC:20.5X20.5E(CD),APC designation normalized: whitespace/case unified; diameter and pitch retained in inches,APC,Thin Electric,0.5206999999999999,0.5206999999999999,2,,air
APC_CATALOG_202602,APC Propellers,20x10,APC:20X10,APC designation normalized: whitespace/case unified; diameter and pitch retained in inches,APC,Sport,0.508,0.254,2,,air
APC_CATALOG_202602,APC Propellers,20x10.5PN,APC:20X10.5PN,APC designation normalized: whitespace/case unified; diameter and pitch retained in inches,APC,Pattern,0.508,0.2667,2,,air
APC_CATALOG_202602,APC Propellers,20x10.5PNC,APC:20X10.5PNC,APC designation normalized: whitespace/case unified; diameter and pitch retained in inches,APC,"Carbon Fiber, Pattern, Pattern Carbon Fiber",0.508,0.2667,2,,air
APC_CATALOG_202602,APC Propellers,20x10E,APC:20X10E,APC designation normalized: whitespace/case unified; diameter and pitch retained in inches,APC,Thin Electric,0.508,0.254,2,,air
APC_CATALOG_202602,APC Propellers,20x10EP,APC:20X10EP,APC designation normalized: whitespace/case unified; diameter and pitch retained in inches,APC,"Thin Electric, Electric Reverse Rotation (Left Hand Rotation)",0.508,0.254,2,CW,air
APC_CATALOG_202602,APC Propellers,20x10P,APC:20X10P,APC designation normalized: whitespace/case unified; diameter and pitch retained in inches,APC,"Sport, Pusher (for IC Engines)",0.508,0.254,2,CW,air
APC_CATALOG_202602,APC Propellers,20x10PN,APC:20X10PN,APC designation normalized: whitespace/case unified; diameter and pitch retained in inches,APC,Pattern,0.508,0.254,2,,air
APC_CATALOG_202602,APC Propellers,20x10W,APC:20X10W,APC designation normalized: whitespace/case unified; diameter and pitch retained in inches,APC,"Sport, IMAC Aerobatic",0.508,0.254,2,,air
APC_CATALOG_202602,APC Propellers,20x11E,APC:20X11E,APC designation normalized: whitespace/case unified; diameter and pitch retained in inches,APC,Thin Electric,0.508,0.2794,2,,air
APC_CATALOG_202602,APC Propellers,20x12,APC:20X12,APC designation normalized: whitespace/case unified; diameter and pitch retained in inches,APC,Sport,0.508,0.30479999999999996,2,,air
APC_CATALOG_202602,APC Propellers,20x12WE,APC:20X12WE,APC designation normalized: whitespace/case unified; diameter and pitch retained in inches,APC,Thin Electric,0.508,0.30479999999999996,2,,air
APC_CATALOG_202602,APC Propellers,20x13E,APC:20X13E,APC designation normalized: whitespace/case unified; diameter and pitch retained in inches,APC,"Thin Electric, Multi Rotor (Electric Only)",0.508,0.3302,2,,air
APC_CATALOG_202602,APC Propellers,20x13EP,APC:20X13EP,APC designation normalized: whitespace/case unified; diameter and pitch retained in inches,APC,"Thin Electric, Electric Reverse Rotation (Left Hand Rotation), Multi Rotor (Electric Only)",0.508,0.3302,2,CW,air
APC_CATALOG_202602,APC Propellers,20x14,APC:20X14,APC designation normalized: whitespace/case unified; diameter and pitch retained in inches,APC,Sport,0.508,0.35559999999999997,2,,air
APC_CATALOG_202602,APC Propellers,20x14C,APC:20X14C,APC designation normalized: whitespace/case unified; diameter and pitch retained in inches,APC,Carbon Fiber,0.508,0.35559999999999997,2,,air
APC_CATALOG_202602,APC Propellers,20x15(WCAR-T6),APC:20X15(WCAR-T6),APC designation normalized: whitespace/case unified; diameter and pitch retained in inches,APC,Giant Scale Racing,0.508,0.381,2,,air
APC_CATALOG_202602,APC Propellers,20x15C,APC:20X15C,APC designation normalized: whitespace/case unified; diameter and pitch retained in inches,APC,"Carbon Fiber, Giant Scale Racing",0.508,0.381,2,,air
APC_CATALOG_202602,APC Propellers,20x15E,APC:20X15E,APC designation normalized: whitespace/case unified; diameter and pitch retained in inches,APC,Thin Electric,0.508,0.381,2,,air
APC_CATALOG_202602,APC Propellers,20x16,APC:20X16,APC designation normalized: whitespace/case unified; diameter and pitch retained in inches,APC,Sport,0.508,0.4064,2,,air
APC_CATALOG_202602,APC Propellers,20x18,APC:20X18,APC designation normalized: whitespace/case unified; diameter and pitch retained in inches,APC,Sport,0.508,0.4572,2,,air
APC_CATALOG_202602,APC Propellers,20x18(F1-GT),APC:20X18(F1-GT),APC designation normalized: whitespace/case unified; diameter and pitch retained in inches,APC,"Sport, Giant Scale Racing",0.508,0.4572,2,,air
APC_CATALOG_202602,APC Propellers,20x22.5EP(CD),APC:20X22.5EP(CD),APC designation normalized: whitespace/case unified; diameter and pitch retained in inches,APC,"Thin Electric, Electric Reverse Rotation (Left Hand Rotation)",0.508,0.5715,2,,air
APC_CATALOG_202602,APC Propellers,20x8,APC:20X8,APC designation normalized: whitespace/case unified; diameter and pitch retained in inches,APC,Sport,0.508,0.2032,2,,air
APC_CATALOG_202602,APC Propellers,20x8E,APC:20X8E,APC designation normalized: whitespace/case unified; diameter and pitch retained in inches,APC,Thin Electric,0.508,0.2032,2,,air
APC_CATALOG_202602,APC Propellers,20x8W,APC:20X8W,APC designation normalized: whitespace/case unified; diameter and pitch retained in inches,APC,"Sport, IMAC Aerobatic",0.508,0.2032,2,,air
APC_CATALOG_202602,APC Propellers,21.5x10.5PN,APC:21.5X10.5PN,APC designation normalized: whitespace/case unified; diameter and pitch retained in inches,APC,Pattern,0.5461,0.2667,2,,air
APC_CATALOG_202602,APC Propellers,21.5x10.5PNC,APC:21.5X10.5PNC,APC designation normalized: whitespace/case unified; diameter and pitch retained in inches,APC,"Carbon Fiber, Pattern, Pattern Carbon Fiber",0.5461,0.2667,2,,air
APC_CATALOG_202602,APC Propellers,21.5x10WPNC,APC:21.5X10WPNC,APC designation normalized: whitespace/case unified; diameter and pitch retained in inches,APC,"Carbon Fiber, Pattern, Pattern Carbon Fiber",0.5461,0.254,2,,air
APC_CATALOG_202602,APC Propellers,21.5x13EPNC,APC:21.5X13EPNC,APC designation normalized: whitespace/case unified; diameter and pitch retained in inches,APC,"Thin Electric, Carbon Fiber (Electric Only), Pattern (Electric Only)",0.5461,0.3302,2,,air
APC_CATALOG_202602,APC Propellers,21x10.5PN,APC:21X10.5PN,APC designation normalized: whitespace/case unified; diameter and pitch retained in inches,APC,Pattern,0.5334,0.2667,2,,air
APC_CATALOG_202602,APC Propellers,21x10.5PNC,APC:21X10.5PNC,APC designation normalized: whitespace/case unified; diameter and pitch retained in inches,APC,"Carbon Fiber, Pattern, Pattern Carbon Fiber",0.5334,0.2667,2,,air
APC_CATALOG_202602,APC Propellers,21x10PN,APC:21X10PN,APC designation normalized: whitespace/case unified; diameter and pitch retained in inches,APC,Pattern,0.5334,0.254,2,,air
APC_CATALOG_202602,APC Propellers,21x10PNC,APC:21X10PNC,APC designation normalized: whitespace/case unified; diameter and pitch retained in inches,APC,"Carbon Fiber, Pattern, Pattern Carbon Fiber",0.5334,0.254,2,,air
APC_CATALOG_202602,APC Propellers,21x10W,APC:21X10W,APC designation normalized: whitespace/case unified; diameter and pitch retained in inches,APC,"Sport, IMAC Aerobatic",0.5334,0.254,2,,air
APC_CATALOG_202602,APC Propellers,21x10WPN,APC:21X10WPN,APC designation normalized: whitespace/case unified; diameter and pitch retained in inches,APC,Pattern,0.5334,0.254,2,,air
APC_CATALOG_202602,APC Propellers,21x10WPNC,APC:21X10WPNC,APC designation normalized: whitespace/case unified; diameter and pitch retained in inches,APC,"Carbon Fiber, Pattern, Pattern Carbon Fiber",0.5334,0.254,2,,air
APC_CATALOG_202602,APC Propellers,21x12WE,APC:21X12WE,APC designation normalized: whitespace/case unified; diameter and pitch retained in inches,APC,Thin Electric,0.5334,0.30479999999999996,2,,air
APC_CATALOG_202602,APC Propellers,21x13.5EPNC,APC:21X13.5EPNC,APC designation normalized: whitespace/case unified; diameter and pitch retained in inches,APC,"Thin Electric, Carbon Fiber (Electric Only), Pattern (Electric Only)",0.5334,0.3429,2,,air
APC_CATALOG_202602,APC Propellers,21x13E,APC:21X13E,APC designation normalized: whitespace/case unified; diameter and pitch retained in inches,APC,Thin Electric,0.5334,0.3302,2,,air
APC_CATALOG_202602,APC Propellers,21x13WE,APC:21X13WE,APC designation normalized: whitespace/case unified; diameter and pitch retained in inches,APC,Thin Electric,0.5334,0.3302,2,,air
APC_CATALOG_202602,APC Propellers,22x10,APC:22X10,APC designation normalized: whitespace/case unified; diameter and pitch retained in inches,APC,"Sport, Giant Scale Racing",0.5588,0.254,2,,air
APC_CATALOG_202602,APC Propellers,22x10E,APC:22X10E,APC designation normalized: whitespace/case unified; diameter and pitch retained in inches,APC,Thin Electric,0.5588,0.254,2,,air
APC_CATALOG_202602,APC Propellers,22x11E,APC:22X11E,APC designation normalized: whitespace/case unified; diameter and pitch retained in inches,APC,Thin Electric,0.5588,0.2794,2,,air
APC_CATALOG_202602,APC Propellers,22x12C,APC:22X12C,APC designation normalized: whitespace/case unified; diameter and pitch retained in inches,APC,Carbon Fiber,0.5588,0.30479999999999996,2,,air
APC_CATALOG_202602,APC Propellers,22x12E,APC:22X12E,APC designation normalized: whitespace/case unified; diameter and pitch retained in inches,APC,Thin Electric,0.5588,0.30479999999999996,2,,air
APC_CATALOG_202602,APC Propellers,22x12WE,APC:22X12WE,APC designation normalized: whitespace/case unified; diameter and pitch retained in inches,APC,Thin Electric,0.5588,0.30479999999999996,2,,air
APC_CATALOG_202602,APC Propellers,22x13EPNC,APC:22X13EPNC,APC designation normalized: whitespace/case unified; diameter and pitch retained in inches,APC,"Thin Electric, Carbon Fiber (Electric Only), Pattern (Electric Only)",0.5588,0.3302,2,,air
APC_CATALOG_202602,APC Propellers,22x8,APC:22X8,APC designation normalized: whitespace/case unified; diameter and pitch retained in inches,APC,"Sport, Giant Scale Racing",0.5588,0.2032,2,,air
APC_CATALOG_202602,APC Propellers,24x12E,APC:24X12E,APC designation normalized: whitespace/case unified; diameter and pitch retained in inches,APC,Thin Electric,0.6095999999999999,0.30479999999999996,2,,air
APC_CATALOG_202602,APC Propellers,24x12EP,APC:24X12EP,APC designation normalized: whitespace/case unified; diameter and pitch retained in inches,APC,"Thin Electric, Electric Reverse Rotation (Left Hand Rotation)",0.6095999999999999,0.30479999999999996,2,CW,air
APC_CATALOG_202602,APC Propellers,25x12.5E,APC:25X12.5E,APC designation normalized: whitespace/case unified; diameter and pitch retained in inches,APC,Thin Electric,0.635,0.3175,2,,air
APC_CATALOG_202602,APC Propellers,26x13E,APC:26X13E,APC designation normalized: whitespace/case unified; diameter and pitch retained in inches,APC,Thin Electric,0.6604,0.3302,2,,air
APC_CATALOG_202602,APC Propellers,26x15E,APC:26X15E,APC designation normalized: whitespace/case unified; diameter and pitch retained in inches,APC,Thin Electric,0.6604,0.381,2,,air
APC_CATALOG_202602,APC Propellers,27x13E,APC:27X13E,APC designation normalized: whitespace/case unified; diameter and pitch retained in inches,APC,"Thin Electric, Multi Rotor (Electric Only)",0.6858,0.3302,2,,air
APC_CATALOG_202602,APC Propellers,27x13EP,APC:27X13EP,APC designation normalized: whitespace/case unified; diameter and pitch retained in inches,APC,"Thin Electric, Electric Reverse Rotation (Left Hand Rotation), Multi Rotor (Electric Only)",0.6858,0.3302,2,CW,air
APC_CATALOG_202602,APC Propellers,28x20C(P-51),APC:28X20C(P-51),APC designation normalized: whitespace/case unified; diameter and pitch retained in inches,APC,"Carbon Fiber, Sport",0.7111999999999999,0.508,2,,air
APC_CATALOG_202602,APC Propellers,4.1x4.1E,APC:4.1X4.1E,APC designation normalized: whitespace/case unified; diameter and pitch retained in inches,APC,"Multi Rotor (Electric Only), Speed 400 (Electric Only)",0.10413999999999998,0.10413999999999998,2,,air
APC_CATALOG_202602,APC Propellers,4.1x4.1EP,APC:4.1X4.1EP,APC designation normalized: whitespace/case unified; diameter and pitch retained in inches,APC,"Multi Rotor (Electric Only), Speed 400 (Electric Only), Speed 400 Reverse Rotation (Left Hand Rotation)",0.10413999999999998,0.10413999999999998,2,CW,air
APC_CATALOG_202602,APC Propellers,4.2x2,APC:4.2X2,APC designation normalized: whitespace/case unified; diameter and pitch retained in inches,APC,Sport,0.10668,0.0508,2,,air
APC_CATALOG_202602,APC Propellers,4.2x4,APC:4.2X4,APC designation normalized: whitespace/case unified; diameter and pitch retained in inches,APC,"Free Flight, Sport",0.10668,0.1016,2,,air
APC_CATALOG_202602,APC Propellers,4.4x4,APC:4.4X4,APC designation normalized: whitespace/case unified; diameter and pitch retained in inches,APC,"Free Flight, Sport",0.11176,0.1016,2,,air
APC_CATALOG_202602,APC Propellers,4.5x3.5,APC:4.5X3.5,APC designation normalized: whitespace/case unified; diameter and pitch retained in inches,APC,"Pylon Combat, 1/2A Pylon Combat",0.1143,0.08889999999999999,2,,air
APC_CATALOG_202602,APC Propellers,4.5x4,APC:4.5X4,APC designation normalized: whitespace/case unified; diameter and pitch retained in inches,APC,"Pylon Combat, 1/2A Pylon Combat",0.1143,0.1016,2,,air
APC_CATALOG_202602,APC Propellers,4.5x4.1E,APC:4.5X4.1E,APC designation normalized: whitespace/case unified; diameter and pitch retained in inches,APC,Speed 400 (Electric Only),0.1143,0.10413999999999998,2,,air
APC_CATALOG_202602,APC Propellers,4.6x3,APC:4.6X3,APC designation normalized: whitespace/case unified; diameter and pitch retained in inches,APC,"Pylon Combat, 1/2A Pylon Combat",0.11683999999999999,0.07619999999999999,2,,air
APC_CATALOG_202602,APC Propellers,4.75x4,APC:4.75X4,APC designation normalized: whitespace/case unified; diameter and pitch retained in inches,APC,"Pylon Combat, 1/2A Pylon Combat",0.12065,0.1016,2,,air
APC_CATALOG_202602,APC Propellers,4.75x4.5E,APC:4.75X4.5E,APC designation normalized: whitespace/case unified; diameter and pitch retained in inches,APC,Speed 400 (Electric Only),0.12065,0.1143,2,,air
APC_CATALOG_202602,APC Propellers,4.75x4.5EC,APC:4.75X4.5EC,APC designation normalized: whitespace/case unified; diameter and pitch retained in inches,APC,"Speed 400 (Electric Only), Carbon Fiber (Electric Only)",0.12065,0.1143,2,,air
APC_CATALOG_202602,APC Propellers,4.75x4.75E,APC:4.75X4.75E,APC designation normalized: whitespace/case unified; diameter and pitch retained in inches,APC,"Multi Rotor (Electric Only), Speed 400 (Electric Only)",0.12065,0.12065,2,,air
APC_CATALOG_202602,APC Propellers,4.75x4.75EC,APC:4.75X4.75EC,APC designation normalized: whitespace/case unified; diameter and pitch retained in inches,APC,"Speed 400 (Electric Only), Carbon Fiber (Electric Only)",0.12065,0.12065,2,,air
APC_CATALOG_202602,APC Propellers,4.75x4.75EP,APC:4.75X4.75EP,APC designation normalized: whitespace/case unified; diameter and pitch retained in inches,APC,"Multi Rotor (Electric Only), Speed 400 (Electric Only), Speed 400 Reverse Rotation (Left Hand Rotation)",0.12065,0.12065,2,CW,air
APC_CATALOG_202602,APC Propellers,4.75x5.5E,APC:4.75X5.5E,APC designation normalized: whitespace/case unified; diameter and pitch retained in inches,APC,Speed 400 (Electric Only),0.12065,0.1397,2,,air
APC_CATALOG_202602,APC Propellers,4.7x4.2E,APC:4.7X4.2E,APC designation normalized: whitespace/case unified; diameter and pitch retained in inches,APC,Speed 400 (Electric Only),0.11938,0.10668,2,,air
APC_CATALOG_202602,APC Propellers,4x4E-3-B4,APC:4X4E-3-B4,APC designation normalized: whitespace/case unified; diameter and pitch retained in inches,APC,"Bundle (2 CW & 2 CCW), FPV Racing / Freestyle, 3 Bladed (Electric Only)",0.1016,0.1016,3,,air
APC_CATALOG_202602,APC Propellers,5.1x4.5E,APC:5.1X4.5E,APC designation normalized: whitespace/case unified; diameter and pitch retained in inches,APC,Thin Electric,0.12954,0.1143,2,,air
APC_CATALOG_202602,APC Propellers,5.1x5.0E-B4,APC:5.1X5E-B4,APC designation normalized: whitespace/case unified; diameter and pitch retained in inches,APC,"Multi Rotor (Electric Only), Bundle (2 CW & 2 CCW), FPV Racing / Freestyle",0.12954,0.127,2,,air
APC_CATALOG_202602,APC Propellers,5.25x4.75E,APC:5.25X4.75E,APC designation normalized: whitespace/case unified; diameter and pitch retained in inches,APC,Speed 400 (Electric Only),0.13335,0.12065,2,,air
APC_CATALOG_202602,APC Propellers,5.25x5.5E,APC:5.25X5.5E,APC designation normalized: whitespace/case unified; diameter and pitch retained in inches,APC,Speed 400 (Electric Only),0.13335,0.1397,2,,air
APC_CATALOG_202602,APC Propellers,5.25x6.25E,APC:5.25X6.25E,APC designation normalized: whitespace/case unified; diameter and pitch retained in inches,APC,Speed 400 (Electric Only),0.13335,0.15875,2,,air
APC_CATALOG_202602,APC Propellers,5.25x6.25EC,APC:5.25X6.25EC,APC designation normalized: whitespace/case unified; diameter and pitch retained in inches,APC,"Speed 400 (Electric Only), Carbon Fiber (Electric Only)",0.13335,0.15875,2,,air
APC_CATALOG_202602,APC Propellers,5.25x8E,APC:5.25X8E,APC designation normalized: whitespace/case unified; diameter and pitch retained in inches,APC,"Multi Rotor (Electric Only), FPV Racing / Freestyle, Speed 400 (Electric Only)",0.13335,0.2032,2,,air
APC_CATALOG_202602,APC Propellers,5.25x8EP,APC:5.25X8EP,APC designation normalized: whitespace/case unified; diameter and pitch retained in inches,APC,"Multi Rotor (Electric Only), FPV Racing / Freestyle, Speed 400 (Electric Only), Speed 400 Reverse Rotation (Left Hand Rotation)",0.13335,0.2032,2,CW,air
APC_CATALOG_202602,APC Propellers,5.2x6.0E-B4,APC:5.2X6E-B4,APC designation normalized: whitespace/case unified; diameter and pitch retained in inches,APC,"Multi Rotor (Electric Only), Bundle (2 CW & 2 CCW), FPV Racing / Freestyle",0.13208,0.15239999999999998,2,,air
APC_CATALOG_202602,APC Propellers,5.3x5.9E,APC:5.3X5.9E,APC designation normalized: whitespace/case unified; diameter and pitch retained in inches,APC,Speed 400 (Electric Only),0.13462,0.14986,2,,air
APC_CATALOG_202602,APC Propellers,5.5x2,APC:5.5X2,APC designation normalized: whitespace/case unified; diameter and pitch retained in inches,APC,"Free Flight, Sport",0.1397,0.0508,2,,air
APC_CATALOG_202602,APC Propellers,5.5x2.5,APC:5.5X2.5,APC designation normalized: whitespace/case unified; diameter and pitch retained in inches,APC,"Free Flight, Sport",0.1397,0.0635,2,,air
APC_CATALOG_202602,APC Propellers,5.5x4.5E,APC:5.5X4.5E,APC designation normalized: whitespace/case unified; diameter and pitch retained in inches,APC,"Multi Rotor (Electric Only), FPV Racing / Freestyle, Speed 400 (Electric Only)",0.1397,0.1143,2,,air
APC_CATALOG_202602,APC Propellers,5.5x4.5E-B4,APC:5.5X4.5E-B4,APC designation normalized: whitespace/case unified; diameter and pitch retained in inches,APC,"Multi Rotor (Electric Only), Bundle (2 CW & 2 CCW), FPV Racing / Freestyle",0.1397,0.1143,2,,air
APC_CATALOG_202602,APC Propellers,5.5x4.5EP,APC:5.5X4.5EP,APC designation normalized: whitespace/case unified; diameter and pitch retained in inches,APC,"Multi Rotor (Electric Only), FPV Racing / Freestyle, Speed 400 (Electric Only), Speed 400 Reverse Rotation (Left Hand Rotation)",0.1397,0.1143,2,CW,air
APC_CATALOG_202602,APC Propellers,5.5x4.7E,APC:5.5X4.7E,APC designation normalized: whitespace/case unified; diameter and pitch retained in inches,APC,"Thin Electric, Speed 400 (Electric Only)",0.1397,0.11938,2,,air
APC_CATALOG_202602,APC Propellers,5.5x6.5E,APC:5.5X6.5E,APC designation normalized: whitespace/case unified; diameter and pitch retained in inches,APC,Speed 400 (Electric Only),0.1397,0.1651,2,,air
APC_CATALOG_202602,APC Propellers,5.5x6.5EC,APC:5.5X6.5EC,APC designation normalized: whitespace/case unified; diameter and pitch retained in inches,APC,"Speed 400 (Electric Only), Carbon Fiber (Electric Only)",0.1397,0.1651,2,,air
APC_CATALOG_202602,APC Propellers,5.5x7.0,APC:5.5X7,APC designation normalized: whitespace/case unified; diameter and pitch retained in inches,APC,Pylon Racing,0.1397,0.17779999999999999,2,,air
APC_CATALOG_202602,APC Propellers,5.7x3,APC:5.7X3,APC designation normalized: whitespace/case unified; diameter and pitch retained in inches,APC,"Free Flight, Sport",0.14478,0.07619999999999999,2,,air
APC_CATALOG_202602,APC Propellers,5x11E,APC:5X11E,APC designation normalized: whitespace/case unified; diameter and pitch retained in inches,APC,"Multi Rotor (Electric Only), FPV Racing / Freestyle, Speed 400 (Electric Only)",0.127,0.2794,2,,air
APC_CATALOG_202602,APC Propellers,5x11EP,APC:5X11EP,APC designation normalized: whitespace/case unified; diameter and pitch retained in inches,APC,"Multi Rotor (Electric Only), FPV Racing / Freestyle, Speed 400 (Electric Only), Speed 400 Reverse Rotation (Left Hand Rotation)",0.127,0.2794,2,CW,air
APC_CATALOG_202602,APC Propellers,5x3,APC:5X3,APC designation normalized: whitespace/case unified; diameter and pitch retained in inches,APC,"Free Flight, Sport",0.127,0.07619999999999999,2,,air
APC_CATALOG_202602,APC Propellers,5x3E,APC:5X3E,APC designation normalized: whitespace/case unified; diameter and pitch retained in inches,APC,"Thin Electric, Multi Rotor (Electric Only)",0.127,0.07619999999999999,2,,air
APC_CATALOG_202602,APC Propellers,5x3E-B4,APC:5X3E-B4,APC designation normalized: whitespace/case unified; diameter and pitch retained in inches,APC,"Multi Rotor (Electric Only), Bundle (2 CW & 2 CCW), FPV Racing / Freestyle",0.127,0.07619999999999999,2,,air
APC_CATALOG_202602,APC Propellers,5x3EP,APC:5X3EP,APC designation normalized: whitespace/case unified; diameter and pitch retained in inches,APC,"Thin Electric, Multi Rotor (Electric Only), Electric Reverse Rotation (Left Hand Rotation)",0.127,0.07619999999999999,2,CW,air
APC_CATALOG_202602,APC Propellers,5x4.1SF,APC:5X4.1SF,APC designation normalized: whitespace/case unified; diameter and pitch retained in inches,APC,Indoor 3D,0.127,0.10413999999999998,2,,air
APC_CATALOG_202602,APC Propellers,5x4.5E-B4,APC:5X4.5E-B4,APC designation normalized: whitespace/case unified; diameter and pitch retained in inches,APC,"Multi Rotor (Electric Only), Bundle (2 CW & 2 CCW), FPV Racing / Freestyle",0.127,0.1143,2,,air
APC_CATALOG_202602,APC Propellers,5x4E-3-B4,APC:5X4E-3-B4,APC designation normalized: whitespace/case unified; diameter and pitch retained in inches,APC,"Bundle (2 CW & 2 CCW), FPV Racing / Freestyle, 3 Bladed (Electric Only)",0.127,0.1016,3,,air
APC_CATALOG_202602,APC Propellers,5x4R-LH,APC:5X4R-LH,APC designation normalized: whitespace/case unified; diameter and pitch retained in inches,APC,"Multi Rotor (Electric Only), 3D - Reversible ESC",0.127,0.1016,2,CW,air
APC_CATALOG_202602,APC Propellers,5x4R-RH,APC:5X4R-RH,APC designation normalized: whitespace/case unified; diameter and pitch retained in inches,APC,"Multi Rotor (Electric Only), 3D - Reversible ESC",0.127,0.1016,2,CCW,air
APC_CATALOG_202602,APC Propellers,5x5E,APC:5X5E,APC designation normalized: whitespace/case unified; diameter and pitch retained in inches,APC,"Multi Rotor (Electric Only), FPV Racing / Freestyle, Speed 400 (Electric Only)",0.127,0.127,2,,air
APC_CATALOG_202602,APC Propellers,5x5EP,APC:5X5EP,APC designation normalized: whitespace/case unified; diameter and pitch retained in inches,APC,"Multi Rotor (Electric Only), FPV Racing / Freestyle, Speed 400 (Electric Only), Speed 400 Reverse Rotation (Left Hand Rotation)",0.127,0.127,2,CW,air
APC_CATALOG_202602,APC Propellers,5x5F,APC:5X5F,APC designation normalized: whitespace/case unified; diameter and pitch retained in inches,APC,Folding (Electric Only),0.127,0.127,2,,air
APC_CATALOG_202602,APC Propellers,5x5FP,APC:5X5FP,APC designation normalized: whitespace/case unified; diameter and pitch retained in inches,APC,Folding (Electric Only),0.127,0.127,2,CW,air
APC_CATALOG_202602,APC Propellers,5x7.5E,APC:5X7.5E,APC designation normalized: whitespace/case unified; diameter and pitch retained in inches,APC,"Multi Rotor (Electric Only), FPV Racing / Freestyle, Speed 400 (Electric Only)",0.127,0.1905,2,,air
APC_CATALOG_202602,APC Propellers,5x7.5EP,APC:5X7.5EP,APC designation normalized: whitespace/case unified; diameter and pitch retained in inches,APC,"Multi Rotor (Electric Only), FPV Racing / Freestyle, Speed 400 (Electric Only), Speed 400 Reverse Rotation (Left Hand Rotation)",0.127,0.1905,2,CW,air
APC_CATALOG_202602,APC Propellers,6.3x4,APC:6.3X4,APC designation normalized: whitespace/case unified; diameter and pitch retained in inches,APC,Pylon Combat,0.16002,0.1016,2,,air
APC_CATALOG_202602,APC Propellers,6.5x2.9,APC:6.5X2.9,APC designation normalized: whitespace/case unified; diameter and pitch retained in inches,APC,Free Flight,0.1651,0.07365999999999999,2,,air
APC_CATALOG_202602,APC Propellers,6.5x3.7,APC:6.5X3.7,APC designation normalized: whitespace/case unified; diameter and pitch retained in inches,APC,Pylon Combat,0.1651,0.09398,2,,air
APC_CATALOG_202602,APC Propellers,6.5x5.0,APC:6.5X5,APC designation normalized: whitespace/case unified; diameter and pitch retained in inches,APC,Pylon Racing,0.1651,0.127,2,,air
APC_CATALOG_202602,APC Propellers,6.5x5.5,APC:6.5X5.5,APC designation normalized: whitespace/case unified; diameter and pitch retained in inches,APC,Pylon Racing,0.1651,0.1397,2,,air
APC_CATALOG_202602,APC Propellers,6.5x6.0,APC:6.5X6,APC designation normalized: whitespace/case unified; diameter and pitch retained in inches,APC,Pylon Racing,0.1651,0.15239999999999998,2,,air
APC_CATALOG_202602,APC Propellers,6.5x6.5,APC:6.5X6.5,APC designation normalized: whitespace/case unified; diameter and pitch retained in inches,APC,Pylon Racing,0.1651,0.1651,2,,air
APC_CATALOG_202602,APC Propellers,6.5x7.0,APC:6.5X7,APC designation normalized: whitespace/case unified; diameter and pitch retained in inches,APC,Pylon Racing,0.1651,0.17779999999999999,2,,air
APC_CATALOG_202602,APC Propellers,6.5x7.5,APC:6.5X7.5,APC designation normalized: whitespace/case unified; diameter and pitch retained in inches,APC,Pylon Racing,0.1651,0.1905,2,,air
APC_CATALOG_202602,APC Propellers,6x2,APC:6X2,APC designation normalized: whitespace/case unified; diameter and pitch retained in inches,APC,"Free Flight, Sport",0.15239999999999998,0.0508,2,,air
APC_CATALOG_202602,APC Propellers,6x3,APC:6X3,APC designation normalized: whitespace/case unified; diameter and pitch retained in inches,APC,"Free Flight, Sport",0.15239999999999998,0.07619999999999999,2,,air
APC_CATALOG_202602,APC Propellers,6x3.1SF,APC:6X3.1SF,APC designation normalized: whitespace/case unified; diameter and pitch retained in inches,APC,Indoor 3D,0.15239999999999998,0.07874,2,,air
APC_CATALOG_202602,APC Propellers,6x3F,APC:6X3F,APC designation normalized: whitespace/case unified; diameter and pitch retained in inches,APC,Folding (Electric Only),0.15239999999999998,0.07619999999999999,2,,air
APC_CATALOG_202602,APC Propellers,6x3R-LH,APC:6X3R-LH,APC designation normalized: whitespace/case unified; diameter and pitch retained in inches,APC,"Multi Rotor (Electric Only), 3D - Reversible ESC",0.15239999999999998,0.07619999999999999,2,CW,air
APC_CATALOG_202602,APC Propellers,6x3R-RH,APC:6X3R-RH,APC designation normalized: whitespace/case unified; diameter and pitch retained in inches,APC,"Multi Rotor (Electric Only), 3D - Reversible ESC",0.15239999999999998,0.07619999999999999,2,CCW,air
APC_CATALOG_202602,APC Propellers,6x4,APC:6X4,APC designation normalized: whitespace/case unified; diameter and pitch retained in inches,APC,Sport,0.15239999999999998,0.1016,2,,air
APC_CATALOG_202602,APC Propellers,6x4.1SF,APC:6X4.1SF,APC designation normalized: whitespace/case unified; diameter and pitch retained in inches,APC,Indoor 3D,0.15239999999999998,0.10413999999999998,2,,air
APC_CATALOG_202602,APC Propellers,6x4.5E-B4,APC:6X4.5E-B4,APC designation normalized: whitespace/case unified; diameter and pitch retained in inches,APC,"Multi Rotor (Electric Only), Bundle (2 CW & 2 CCW), FPV Racing / Freestyle",0.15239999999999998,0.1143,2,,air
APC_CATALOG_202602,APC Propellers,6x4E,APC:6X4E,APC designation normalized: whitespace/case unified; diameter and pitch retained in inches,APC,"Multi Rotor (Electric Only), FPV Racing / Freestyle, Speed 400 (Electric Only)",0.15239999999999998,0.1016,2,,air
APC_CATALOG_202602,APC Propellers,6x4E-B4,APC:6X4E-B4,APC designation normalized: whitespace/case unified; diameter and pitch retained in inches,APC,"Multi Rotor (Electric Only), Bundle (2 CW & 2 CCW), FPV Racing / Freestyle",0.15239999999999998,0.1016,2,,air
APC_CATALOG_202602,APC Propellers,6x4EP,APC:6X4EP,APC designation normalized: whitespace/case unified; diameter and pitch retained in inches,APC,"Multi Rotor (Electric Only), FPV Racing / Freestyle, Speed 400 (Electric Only), Speed 400 Reverse Rotation (Left Hand Rotation)",0.15239999999999998,0.1016,2,CW,air
APC_CATALOG_202602,APC Propellers,6x5,APC:6X5,APC designation normalized: whitespace/case unified; diameter and pitch retained in inches,APC,Sport,0.15239999999999998,0.127,2,,air
APC_CATALOG_202602,APC Propellers,6x5.5E,APC:6X5.5E,APC designation normalized: whitespace/case unified; diameter and pitch retained in inches,APC,Thin Electric,0.15239999999999998,0.1397,2,,air
APC_CATALOG_202602,APC Propellers,6x6E,APC:6X6E,APC designation normalized: whitespace/case unified; diameter and pitch retained in inches,APC,"Thin Electric, Multi Rotor (Electric Only), FPV Racing / Freestyle",0.15239999999999998,0.15239999999999998,2,,air
APC_CATALOG_202602,APC Propellers,6x6EP,APC:6X6EP,APC designation normalized: whitespace/case unified; diameter and pitch retained in inches,APC,"Thin Electric, Multi Rotor (Electric Only), Electric Reverse Rotation (Left Hand Rotation), FPV Racing / Freestyle",0.15239999999999998,0.15239999999999998,2,CW,air
APC_CATALOG_202602,APC Propellers,7.4x7.5C,APC:7.4X7.5C,APC designation normalized: whitespace/case unified; diameter and pitch retained in inches,APC,"Carbon Fiber, AMA 422 (Q40)",0.18796,0.1905,2,,air
APC_CATALOG_202602,APC Propellers,7.4x7.6C,APC:7.4X7.6C,APC designation normalized: whitespace/case unified; diameter and pitch retained in inches,APC,"Carbon Fiber, AMA 422 (Q40)",0.18796,0.19304,2,,air
APC_CATALOG_202602,APC Propellers,7.4x7.7C,APC:7.4X7.7C,APC designation normalized: whitespace/case unified; diameter and pitch retained in inches,APC,"Carbon Fiber, AMA 422 (Q40)",0.18796,0.19558,2,,air
APC_CATALOG_202602,APC Propellers,7.4x7.81C,APC:7.4X7.81C,APC designation normalized: whitespace/case unified; diameter and pitch retained in inches,APC,"Carbon Fiber, AMA 422 (Q40)",0.18796,0.198374,2,,air
APC_CATALOG_202602,APC Propellers,7.4x7.8C,APC:7.4X7.8C,APC designation normalized: whitespace/case unified; diameter and pitch retained in inches,APC,"Carbon Fiber, AMA 422 (Q40)",0.18796,0.19812,2,,air
APC_CATALOG_202602,APC Propellers,7.4x8.0C,APC:7.4X8C,APC designation normalized: whitespace/case unified; diameter and pitch retained in inches,APC,"Carbon Fiber, AMA 422 (Q40)",0.18796,0.2032,2,,air
APC_CATALOG_202602,APC Propellers,7.4x8.1C,APC:7.4X8.1C,APC designation normalized: whitespace/case unified; diameter and pitch retained in inches,APC,"Carbon Fiber, AMA 422 (Q40)",0.18796,0.20573999999999998,2,,air
APC_CATALOG_202602,APC Propellers,7.4x8.25C,APC:7.4X8.25C,APC designation normalized: whitespace/case unified; diameter and pitch retained in inches,APC,"Carbon Fiber, AMA 422 (Q40)",0.18796,0.20955,2,,air
APC_CATALOG_202602,APC Propellers,7.5x2.5,APC:7.5X2.5,APC designation normalized: whitespace/case unified; diameter and pitch retained in inches,APC,Combat,0.1905,0.0635,2,,air
APC_CATALOG_202602,APC Propellers,7.5x8C,APC:7.5X8C,APC designation normalized: whitespace/case unified; diameter and pitch retained in inches,APC,"Pylon Racing, Carbon Fiber",0.1905,0.2032,2,,air
APC_CATALOG_202602,APC Propellers,7.625x3.25,APC:7.625X3.25,APC designation normalized: whitespace/case unified; diameter and pitch retained in inches,APC,Free Flight,0.19367499999999999,0.08255,2,,air
APC_CATALOG_202602,APC Propellers,7.8x4,APC:7.8X4,APC designation normalized: whitespace/case unified; diameter and pitch retained in inches,APC,"Free Flight, Pylon Combat",0.19812,0.1016,2,,air
APC_CATALOG_202602,APC Propellers,7.8x4C,APC:7.8X4C,APC designation normalized: whitespace/case unified; diameter and pitch retained in inches,APC,"Combat, Carbon Fiber",0.19812,0.1016,2,,air
APC_CATALOG_202602,APC Propellers,7.8x6,APC:7.8X6,APC designation normalized: whitespace/case unified; diameter and pitch retained in inches,APC,Pylon Combat,0.19812,0.15239999999999998,2,,air
APC_CATALOG_202602,APC Propellers,7.8x6C,APC:7.8X6C,APC designation normalized: whitespace/case unified; diameter and pitch retained in inches,APC,"Combat, Carbon Fiber",0.19812,0.15239999999999998,2,,air
APC_CATALOG_202602,APC Propellers,7.8x7,APC:7.8X7,APC designation normalized: whitespace/case unified; diameter and pitch retained in inches,APC,Pylon Combat,0.19812,0.17779999999999999,2,,air
APC_CATALOG_202602,APC Propellers,7.8x7C,APC:7.8X7C,APC designation normalized: whitespace/case unified; diameter and pitch retained in inches,APC,"Combat, Carbon Fiber",0.19812,0.17779999999999999,2,,air
APC_CATALOG_202602,APC Propellers,7x10,APC:7X10,APC designation normalized: whitespace/case unified; diameter and pitch retained in inches,APC,Sport,0.17779999999999999,0.254,2,,air
APC_CATALOG_202602,APC Propellers,7x11E,APC:7X11E,APC designation normalized: whitespace/case unified; diameter and pitch retained in inches,APC,"Thin Electric, Multi Rotor (Electric Only), FPV Racing / Freestyle",0.17779999999999999,0.2794,2,,air
APC_CATALOG_202602,APC Propellers,7x11EP,APC:7X11EP,APC designation normalized: whitespace/case unified; diameter and pitch retained in inches,APC,"Thin Electric, Multi Rotor (Electric Only), Electric Reverse Rotation (Left Hand Rotation), FPV Racing / Freestyle",0.17779999999999999,0.2794,2,CW,air
APC_CATALOG_202602,APC Propellers,7x15E,APC:7X15E,APC designation normalized: whitespace/case unified; diameter and pitch retained in inches,APC,"Thin Electric, Multi Rotor (Electric Only), FPV Racing / Freestyle",0.17779999999999999,0.381,2,,air
APC_CATALOG_202602,APC Propellers,7x15EP,APC:7X15EP,APC designation normalized: whitespace/case unified; diameter and pitch retained in inches,APC,"Thin Electric, Multi Rotor (Electric Only), Electric Reverse Rotation (Left Hand Rotation), FPV Racing / Freestyle",0.17779999999999999,0.381,2,CW,air
APC_CATALOG_202602,APC Propellers,7x3,APC:7X3,APC designation normalized: whitespace/case unified; diameter and pitch retained in inches,APC,"Free Flight, Sport",0.17779999999999999,0.07619999999999999,2,,air
APC_CATALOG_202602,APC Propellers,7x3.8WSF,APC:7X3.8WSF,APC designation normalized: whitespace/case unified; diameter and pitch retained in inches,APC,Slow Fly (Electric Only),0.17779999999999999,0.09652,2,,air
APC_CATALOG_202602,APC Propellers,7x4,APC:7X4,APC designation normalized: whitespace/case unified; diameter and pitch retained in inches,APC,"Free Flight, Sport",0.17779999999999999,0.1016,2,,air
APC_CATALOG_202602,APC Propellers,7x4.1SF,APC:7X4.1SF,APC designation normalized: whitespace/case unified; diameter and pitch retained in inches,APC,Indoor 3D,0.17779999999999999,0.10413999999999998,2,,air
APC_CATALOG_202602,APC Propellers,7x4E,APC:7X4E,APC designation normalized: whitespace/case unified; diameter and pitch retained in inches,APC,"Thin Electric, Multi Rotor (Electric Only)",0.17779999999999999,0.1016,2,,air
APC_CATALOG_202602,APC Propellers,7x4E(HEXO),APC:7X4E(HEXO),APC designation normalized: whitespace/case unified; diameter and pitch retained in inches,APC,"Self Tightening, Black MR",0.17779999999999999,0.1016,2,,air
APC_CATALOG_202602,APC Propellers,7x4E-B4,APC:7X4E-B4,APC designation normalized: whitespace/case unified; diameter and pitch retained in inches,APC,"Multi Rotor (Electric Only), Bundle (2 CW & 2 CCW), FPV Racing / Freestyle",0.17779999999999999,0.1016,2,,air
APC_CATALOG_202602,APC Propellers,7x4EP,APC:7X4EP,APC designation normalized: whitespace/case unified; diameter and pitch retained in inches,APC,"Thin Electric, Multi Rotor (Electric Only), Electric Reverse Rotation (Left Hand Rotation)",0.17779999999999999,0.1016,2,CW,air
APC_CATALOG_202602,APC Propellers,7x4EP(HEXO),APC:7X4EP(HEXO),APC designation normalized: whitespace/case unified; diameter and pitch retained in inches,APC,"Self Tightening, Black MR",0.17779999999999999,0.1016,2,,air
APC_CATALOG_202602,APC Propellers,7x4F,APC:7X4F,APC designation normalized: whitespace/case unified; diameter and pitch retained in inches,APC,Folding (Electric Only),0.17779999999999999,0.1016,2,,air
APC_CATALOG_202602,APC Propellers,7x4SF,APC:7X4SF,APC designation normalized: whitespace/case unified; diameter and pitch retained in inches,APC,"Multi Rotor (Electric Only), Slow Fly (Electric Only)",0.17779999999999999,0.1016,2,,air
APC_CATALOG_202602,APC Propellers,7x4SF-B4,APC:7X4SF-B4,APC designation normalized: whitespace/case unified; diameter and pitch retained in inches,APC,"Multi Rotor (Electric Only), Bundle (2 CW & 2 CCW), Slow Fly (Electric Only)",0.17779999999999999,0.1016,2,,air
APC_CATALOG_202602,APC Propellers,7x4SFP,APC:7X4SFP,APC designation normalized: whitespace/case unified; diameter and pitch retained in inches,APC,"Multi Rotor (Electric Only), Slow Fly (Electric Only), Slow Fly Reverse Rotation (Left Hand Rotation)",0.17779999999999999,0.1016,2,CW,air
APC_CATALOG_202602,APC Propellers,7x5,APC:7X5,APC designation normalized: whitespace/case unified; diameter and pitch retained in inches,APC,Sport,0.17779999999999999,0.127,2,,air
APC_CATALOG_202602,APC Propellers,7x5E,APC:7X5E,APC designation normalized: whitespace/case unified; diameter and pitch retained in inches,APC,"Thin Electric, Multi Rotor (Electric Only)",0.17779999999999999,0.127,2,,air
APC_CATALOG_202602,APC Propellers,7x5E-B4,APC:7X5E-B4,APC designation normalized: whitespace/case unified; diameter and pitch retained in inches,APC,"Multi Rotor (Electric Only), Bundle (2 CW & 2 CCW), FPV Racing / Freestyle",0.17779999999999999,0.127,2,,air
APC_CATALOG_202602,APC Propellers,7x5EP,APC:7X5EP,APC designation normalized: whitespace/case unified; diameter and pitch retained in inches,APC,"Thin Electric, Multi Rotor (Electric Only), Electric Reverse Rotation (Left Hand Rotation)",0.17779999999999999,0.127,2,CW,air
APC_CATALOG_202602,APC Propellers,7x5SF,APC:7X5SF,APC designation normalized: whitespace/case unified; diameter and pitch retained in inches,APC,Slow Fly (Electric Only),0.17779999999999999,0.127,2,,air
APC_CATALOG_202602,APC Propellers,7x6,APC:7X6,APC designation normalized: whitespace/case unified; diameter and pitch retained in inches,APC,Sport,0.17779999999999999,0.15239999999999998,2,,air
APC_CATALOG_202602,APC Propellers,7x6E,APC:7X6E,APC designation normalized: whitespace/case unified; diameter and pitch retained in inches,APC,"Thin Electric, Multi Rotor (Electric Only)",0.17779999999999999,0.15239999999999998,2,,air
APC_CATALOG_202602,APC Propellers,7x6EP,APC:7X6EP,APC designation normalized: whitespace/case unified; diameter and pitch retained in inches,APC,"Thin Electric, Multi Rotor (Electric Only), Electric Reverse Rotation (Left Hand Rotation)",0.17779999999999999,0.15239999999999998,2,CW,air
APC_CATALOG_202602,APC Propellers,7x6F,APC:7X6F,APC designation normalized: whitespace/case unified; diameter and pitch retained in inches,APC,Folding (Electric Only),0.17779999999999999,0.15239999999999998,2,,air
APC_CATALOG_202602,APC Propellers,7x6P,APC:7X6P,APC designation normalized: whitespace/case unified; diameter and pitch retained in inches,APC,"Sport, Pusher (for IC Engines)",0.17779999999999999,0.15239999999999998,2,CW,air
APC_CATALOG_202602,APC Propellers,7x6SF,APC:7X6SF,APC designation normalized: whitespace/case unified; diameter and pitch retained in inches,APC,Slow Fly (Electric Only),0.17779999999999999,0.15239999999999998,2,,air
APC_CATALOG_202602,APC Propellers,7x6W,APC:7X6W,APC designation normalized: whitespace/case unified; diameter and pitch retained in inches,APC,Pylon Racing,0.17779999999999999,0.15239999999999998,2,,air
APC_CATALOG_202602,APC Propellers,7x7,APC:7X7,APC designation normalized: whitespace/case unified; diameter and pitch retained in inches,APC,Sport,0.17779999999999999,0.17779999999999999,2,,air
APC_CATALOG_202602,APC Propellers,7x7E,APC:7X7E,APC designation normalized: whitespace/case unified; diameter and pitch retained in inches,APC,Thin Electric,0.17779999999999999,0.17779999999999999,2,,air
APC_CATALOG_202602,APC Propellers,7x8,APC:7X8,APC designation normalized: whitespace/case unified; diameter and pitch retained in inches,APC,Sport,0.17779999999999999,0.2032,2,,air
APC_CATALOG_202602,APC Propellers,7x9,APC:7X9,APC designation normalized: whitespace/case unified; diameter and pitch retained in inches,APC,Sport,0.17779999999999999,0.2286,2,,air
APC_CATALOG_202602,APC Propellers,7x9E,APC:7X9E,APC designation normalized: whitespace/case unified; diameter and pitch retained in inches,APC,"Thin Electric, Multi Rotor (Electric Only), FPV Racing / Freestyle",0.17779999999999999,0.2286,2,,air
APC_CATALOG_202602,APC Propellers,7x9EP,APC:7X9EP,APC designation normalized: whitespace/case unified; diameter and pitch retained in inches,APC,"Thin Electric, Multi Rotor (Electric Only), Electric Reverse Rotation (Left Hand Rotation), FPV Racing / Freestyle",0.17779999999999999,0.2286,2,CW,air
APC_CATALOG_202602,APC Propellers,8.5x5.0,APC:8.5X5,APC designation normalized: whitespace/case unified; diameter and pitch retained in inches,APC,Pylon Racing,0.21589999999999998,0.127,2,,air
APC_CATALOG_202602,APC Propellers,8.5x5.5,APC:8.5X5.5,APC designation normalized: whitespace/case unified; diameter and pitch retained in inches,APC,Pylon Racing,0.21589999999999998,0.1397,2,,air
APC_CATALOG_202602,APC Propellers,8.5x6.5,APC:8.5X6.5,APC designation normalized: whitespace/case unified; diameter and pitch retained in inches,APC,Pylon Racing,0.21589999999999998,0.1651,2,,air
APC_CATALOG_202602,APC Propellers,8.5x7.0,APC:8.5X7,APC designation normalized: whitespace/case unified; diameter and pitch retained in inches,APC,Pylon Racing,0.21589999999999998,0.17779999999999999,2,,air
APC_CATALOG_202602,APC Propellers,8.5x7.25,APC:8.5X7.25,APC designation normalized: whitespace/case unified; diameter and pitch retained in inches,APC,Pylon Racing,0.21589999999999998,0.18414999999999998,2,,air
APC_CATALOG_202602,APC Propellers,8.5x7.5,APC:8.5X7.5,APC designation normalized: whitespace/case unified; diameter and pitch retained in inches,APC,Pylon Racing,0.21589999999999998,0.1905,2,,air
APC_CATALOG_202602,APC Propellers,8.625x3.75,APC:8.625X3.75,APC designation normalized: whitespace/case unified; diameter and pitch retained in inches,APC,Free Flight,0.219075,0.09525,2,,air
APC_CATALOG_202602,APC Propellers,8.75x5.0,APC:8.75X5,APC designation normalized: whitespace/case unified; diameter and pitch retained in inches,APC,Pylon Combat,0.22225,0.127,2,,air
APC_CATALOG_202602,APC Propellers,8.75x7.0N,APC:8.75X7N,APC designation normalized: whitespace/case unified; diameter and pitch retained in inches,APC,Pylon Racing,0.22225,0.17779999999999999,2,,air
APC_CATALOG_202602,APC Propellers,8.75x7.0NN,APC:8.75X7NN,APC designation normalized: whitespace/case unified; diameter and pitch retained in inches,APC,Pylon Racing,0.22225,0.17779999999999999,2,,air
APC_CATALOG_202602,APC Propellers,8.75x7.5N,APC:8.75X7.5N,APC designation normalized: whitespace/case unified; diameter and pitch retained in inches,APC,Pylon Racing,0.22225,0.1905,2,,air
APC_CATALOG_202602,APC Propellers,8.75x7.5NN,APC:8.75X7.5NN,APC designation normalized: whitespace/case unified; diameter and pitch retained in inches,APC,Pylon Racing,0.22225,0.1905,2,,air
APC_CATALOG_202602,APC Propellers,8.75x7.5W,APC:8.75X7.5W,APC designation normalized: whitespace/case unified; diameter and pitch retained in inches,APC,Pylon Racing,0.22225,0.1905,2,,air
APC_CATALOG_202602,APC Propellers,8.75x7.75N,APC:8.75X7.75N,APC designation normalized: whitespace/case unified; diameter and pitch retained in inches,APC,Pylon Racing,0.22225,0.19685,2,,air
APC_CATALOG_202602,APC Propellers,8.75x7.75NN,APC:8.75X7.75NN,APC designation normalized: whitespace/case unified; diameter and pitch retained in inches,APC,Pylon Racing,0.22225,0.19685,2,,air
APC_CATALOG_202602,APC Propellers,8.75x7.75W,APC:8.75X7.75W,APC designation normalized: whitespace/case unified; diameter and pitch retained in inches,APC,Pylon Racing,0.22225,0.19685,2,,air
APC_CATALOG_202602,APC Propellers,8.75x8.0N,APC:8.75X8N,APC designation normalized: whitespace/case unified; diameter and pitch retained in inches,APC,Pylon Racing,0.22225,0.2032,2,,air
APC_CATALOG_202602,APC Propellers,8.75x8.0NN,APC:8.75X8NN,APC designation normalized: whitespace/case unified; diameter and pitch retained in inches,APC,Pylon Racing,0.22225,0.2032,2,,air
APC_CATALOG_202602,APC Propellers,8.75x8.0W,APC:8.75X8W,APC designation normalized: whitespace/case unified; diameter and pitch retained in inches,APC,Pylon Racing,0.22225,0.2032,2,,air
APC_CATALOG_202602,APC Propellers,8.75x8.25N,APC:8.75X8.25N,APC designation normalized: whitespace/case unified; diameter and pitch retained in inches,APC,AMA 426 (Q500),0.22225,0.20955,2,,air
APC_CATALOG_202602,APC Propellers,8.75x8.25NN,APC:8.75X8.25NN,APC designation normalized: whitespace/case unified; diameter and pitch retained in inches,APC,Pylon Racing,0.22225,0.20955,2,,air
APC_CATALOG_202602,APC Propellers,8.75x8.25W,APC:8.75X8.25W,APC designation normalized: whitespace/case unified; diameter and pitch retained in inches,APC,Pylon Racing,0.22225,0.20955,2,,air
APC_CATALOG_202602,APC Propellers,8.75x8.5N,APC:8.75X8.5N,APC designation normalized: whitespace/case unified; diameter and pitch retained in inches,APC,AMA 426 (Q500),0.22225,0.21589999999999998,2,,air
APC_CATALOG_202602,APC Propellers,8.75x8.5NN,APC:8.75X8.5NN,APC designation normalized: whitespace/case unified; diameter and pitch retained in inches,APC,Pylon Racing,0.22225,0.21589999999999998,2,,air
APC_CATALOG_202602,APC Propellers,8.75x8.5W,APC:8.75X8.5W,APC designation normalized: whitespace/case unified; diameter and pitch retained in inches,APC,Pylon Racing,0.22225,0.21589999999999998,2,,air
APC_CATALOG_202602,APC Propellers,8.75x8.75NN,APC:8.75X8.75NN,APC designation normalized: whitespace/case unified; diameter and pitch retained in inches,APC,Pylon Racing,0.22225,0.22225,2,,air
APC_CATALOG_202602,APC Propellers,8.75x8.75W,APC:8.75X8.75W,APC designation normalized: whitespace/case unified; diameter and pitch retained in inches,APC,Pylon Racing,0.22225,0.22225,2,,air
APC_CATALOG_202602,APC Propellers,8.75x9.0NN,APC:8.75X9NN,APC designation normalized: whitespace/case unified; diameter and pitch retained in inches,APC,Pylon Racing,0.22225,0.2286,2,,air
APC_CATALOG_202602,APC Propellers,8.75x9.0W,APC:8.75X9W,APC designation normalized: whitespace/case unified; diameter and pitch retained in inches,APC,Pylon Racing,0.22225,0.2286,2,,air
APC_CATALOG_202602,APC Propellers,8.75x9.25NN,APC:8.75X9.25NN,APC designation normalized: whitespace/case unified; diameter and pitch retained in inches,APC,Pylon Racing,0.22225,0.23495,2,,air
APC_CATALOG_202602,APC Propellers,8.75x9.25W,APC:8.75X9.25W,APC designation normalized: whitespace/case unified; diameter and pitch retained in inches,APC,Pylon Racing,0.22225,0.23495,2,,air
APC_CATALOG_202602,APC Propellers,8.75x9.5NN,APC:8.75X9.5NN,APC designation normalized: whitespace/case unified; diameter and pitch retained in inches,APC,Pylon Racing,0.22225,0.2413,2,,air
APC_CATALOG_202602,APC Propellers,8.8x8.5,APC:8.8X8.5,APC designation normalized: whitespace/case unified; diameter and pitch retained in inches,APC,Pylon Racing,0.22352,0.21589999999999998,2,,air
APC_CATALOG_202602,APC Propellers,8.8x8.75,APC:8.8X8.75,APC designation normalized: whitespace/case unified; diameter and pitch retained in inches,APC,AMA 426 (Q500),0.22352,0.22225,2,,air
APC_CATALOG_202602,APC Propellers,8.8x8.9,APC:8.8X8.9,APC designation normalized: whitespace/case unified; diameter and pitch retained in inches,APC,AMA 426 (Q500),0.22352,0.22606,2,,air
APC_CATALOG_202602,APC Propellers,8.8x9.0,APC:8.8X9,APC designation normalized: whitespace/case unified; diameter and pitch retained in inches,APC,AMA 426 (Q500),0.22352,0.2286,2,,air
APC_CATALOG_202602,APC Propellers,8.8x9.25,APC:8.8X9.25,APC designation normalized: whitespace/case unified; diameter and pitch retained in inches,APC,AMA 426 (Q500),0.22352,0.23495,2,,air
APC_CATALOG_202602,APC Propellers,8.8x9.5,APC:8.8X9.5,APC designation normalized: whitespace/case unified; diameter and pitch retained in inches,APC,Pylon Racing,0.22352,0.2413,2,,air
APC_CATALOG_202602,APC Propellers,8.8x9.75,APC:8.8X9.75,APC designation normalized: whitespace/case unified; diameter and pitch retained in inches,APC,Pylon Racing,0.22352,0.24764999999999998,2,,air
APC_CATALOG_202602,APC Propellers,8x10,APC:8X10,APC designation normalized: whitespace/case unified; diameter and pitch retained in inches,APC,Sport,0.2032,0.254,2,,air
APC_CATALOG_202602,APC Propellers,8x10E,APC:8X10E,APC designation normalized: whitespace/case unified; diameter and pitch retained in inches,APC,Thin Electric,0.2032,0.254,2,,air
APC_CATALOG_202602,APC Propellers,8x3.75,APC:8X3.75,APC designation normalized: whitespace/case unified; diameter and pitch retained in inches,APC,Free Flight,0.2032,0.09525,2,,air
APC_CATALOG_202602,APC Propellers,8x3.75W,APC:8X3.75W,APC designation normalized: whitespace/case unified; diameter and pitch retained in inches,APC,Free Flight,0.2032,0.09525,2,,air
APC_CATALOG_202602,APC Propellers,8x3.8SF,APC:8X3.8SF,APC designation normalized: whitespace/case unified; diameter and pitch retained in inches,APC,"Multi Rotor (Electric Only), Slow Fly (Electric Only)",0.2032,0.09652,2,,air
APC_CATALOG_202602,APC Propellers,8x3.8SF-B4,APC:8X3.8SF-B4,APC designation normalized: whitespace/case unified; diameter and pitch retained in inches,APC,"Multi Rotor (Electric Only), Bundle (2 CW & 2 CCW), Slow Fly (Electric Only)",0.2032,0.09652,2,,air
APC_CATALOG_202602,APC Propellers,8x3.8SFP,APC:8X3.8SFP,APC designation normalized: whitespace/case unified; diameter and pitch retained in inches,APC,"Multi Rotor (Electric Only), Slow Fly (Electric Only), Slow Fly Reverse Rotation (Left Hand Rotation)",0.2032,0.09652,2,CW,air
APC_CATALOG_202602,APC Propellers,8x4,APC:8X4,APC designation normalized: whitespace/case unified; diameter and pitch retained in inches,APC,Sport,0.2032,0.1016,2,,air
APC_CATALOG_202602,APC Propellers,8x4.1SF,APC:8X4.1SF,APC designation normalized: whitespace/case unified; diameter and pitch retained in inches,APC,Indoor 3D,0.2032,0.10413999999999998,2,,air
APC_CATALOG_202602,APC Propellers,8x4.2SFR,APC:8X4.2SFR,APC designation normalized: whitespace/case unified; diameter and pitch retained in inches,APC,"Indoor 3D, Reversible ESC (Slow Fly)",0.2032,0.10668,2,,air
APC_CATALOG_202602,APC Propellers,8x4.5MR,APC:8X4.5MR,APC designation normalized: whitespace/case unified; diameter and pitch retained in inches,APC,Multi Rotor (Electric Only),0.2032,0.1143,2,,air
APC_CATALOG_202602,APC Propellers,8x4.5MR(ST),APC:8X4.5MR(ST),APC designation normalized: whitespace/case unified; diameter and pitch retained in inches,APC,Self Tightening,0.2032,0.1143,2,,air
APC_CATALOG_202602,APC Propellers,8x4.5MR-B4,APC:8X4.5MR-B4,APC designation normalized: whitespace/case unified; diameter and pitch retained in inches,APC,"Multi Rotor (Electric Only), Bundle (2 CW & 2 CCW)",0.2032,0.1143,2,,air
APC_CATALOG_202602,APC Propellers,8x4.5MRP,APC:8X4.5MRP,APC designation normalized: whitespace/case unified; diameter and pitch retained in inches,APC,Multi Rotor (Electric Only),0.2032,0.1143,2,CW,air
APC_CATALOG_202602,APC Propellers,8x4.5MRP(ST),APC:8X4.5MRP(ST),APC designation normalized: whitespace/case unified; diameter and pitch retained in inches,APC,Self Tightening,0.2032,0.1143,2,,air
APC_CATALOG_202602,APC Propellers,8x4.7SF,APC:8X4.7SF,APC designation normalized: whitespace/case unified; diameter and pitch retained in inches,APC,"Multi Rotor (Electric Only), Slow Fly (Electric Only)",0.2032,0.11938,2,,air
APC_CATALOG_202602,APC Propellers,8x4.7SF-B4,APC:8X4.7SF-B4,APC designation normalized: whitespace/case unified; diameter and pitch retained in inches,APC,"Multi Rotor (Electric Only), Bundle (2 CW & 2 CCW), Slow Fly (Electric Only)",0.2032,0.11938,2,,air
APC_CATALOG_202602,APC Propellers,8x4.7SFP,APC:8X4.7SFP,APC designation normalized: whitespace/case unified; diameter and pitch retained in inches,APC,"Multi Rotor (Electric Only), Slow Fly (Electric Only), Slow Fly Reverse Rotation (Left Hand Rotation)",0.2032,0.11938,2,CW,air
APC_CATALOG_202602,APC Propellers,8x4E,APC:8X4E,APC designation normalized: whitespace/case unified; diameter and pitch retained in inches,APC,Thin Electric,0.2032,0.1016,2,,air
APC_CATALOG_202602,APC Propellers,8x4F,APC:8X4F,APC designation normalized: whitespace/case unified; diameter and pitch retained in inches,APC,Folding (Electric Only),0.2032,0.1016,2,,air
APC_CATALOG_202602,APC Propellers,8x5,APC:8X5,APC designation normalized: whitespace/case unified; diameter and pitch retained in inches,APC,Sport,0.2032,0.127,2,,air
APC_CATALOG_202602,APC Propellers,8x6,APC:8X6,APC designation normalized: whitespace/case unified; diameter and pitch retained in inches,APC,"Sport, Control Line",0.2032,0.15239999999999998,2,,air
APC_CATALOG_202602,APC Propellers,8x6E,APC:8X6E,APC designation normalized: whitespace/case unified; diameter and pitch retained in inches,APC,Thin Electric,0.2032,0.15239999999999998,2,,air
APC_CATALOG_202602,APC Propellers,8x6EP,APC:8X6EP,APC designation normalized: whitespace/case unified; diameter and pitch retained in inches,APC,"Thin Electric, Electric Reverse Rotation (Left Hand Rotation)",0.2032,0.15239999999999998,2,CW,air
APC_CATALOG_202602,APC Propellers,8x6SF,APC:8X6SF,APC designation normalized: whitespace/case unified; diameter and pitch retained in inches,APC,Slow Fly (Electric Only),0.2032,0.15239999999999998,2,,air
APC_CATALOG_202602,APC Propellers,8x7,APC:8X7,APC designation normalized: whitespace/case unified; diameter and pitch retained in inches,APC,Sport,0.2032,0.17779999999999999,2,,air
APC_CATALOG_202602,APC Propellers,8x7.3,APC:8X7.3,APC designation normalized: whitespace/case unified; diameter and pitch retained in inches,APC,Pylon Racing,0.2032,0.18542,2,,air
APC_CATALOG_202602,APC Propellers,8x8,APC:8X8,APC designation normalized: whitespace/case unified; diameter and pitch retained in inches,APC,Sport,0.2032,0.2032,2,,air
APC_CATALOG_202602,APC Propellers,8x8E,APC:8X8E,APC designation normalized: whitespace/case unified; diameter and pitch retained in inches,APC,Thin Electric,0.2032,0.2032,2,,air
APC_CATALOG_202602,APC Propellers,8x8EP,APC:8X8EP,APC designation normalized: whitespace/case unified; diameter and pitch retained in inches,APC,"Thin Electric, Electric Reverse Rotation (Left Hand Rotation)",0.2032,0.2032,2,CW,air
APC_CATALOG_202602,APC Propellers,8x9,APC:8X9,APC designation normalized: whitespace/case unified; diameter and pitch retained in inches,APC,Sport,0.2032,0.2286,2,,air
APC_CATALOG_202602,APC Propellers,9.25x5.0,APC:9.25X5,APC designation normalized: whitespace/case unified; diameter and pitch retained in inches,APC,Pylon Racing,0.23495,0.127,2,,air
APC_CATALOG_202602,APC Propellers,9.25x5.25,APC:9.25X5.25,APC designation normalized: whitespace/case unified; diameter and pitch retained in inches,APC,Pylon Racing,0.23495,0.13335,2,,air
APC_CATALOG_202602,APC Propellers,9.25x5.5,APC:9.25X5.5,APC designation normalized: whitespace/case unified; diameter and pitch retained in inches,APC,Pylon Racing,0.23495,0.1397,2,,air
APC_CATALOG_202602,APC Propellers,9.25x5.75,APC:9.25X5.75,APC designation normalized: whitespace/case unified; diameter and pitch retained in inches,APC,Pylon Racing,0.23495,0.14604999999999999,2,,air
APC_CATALOG_202602,APC Propellers,9.25x6.0,APC:9.25X6,APC designation normalized: whitespace/case unified; diameter and pitch retained in inches,APC,Pylon Racing,0.23495,0.15239999999999998,2,,air
APC_CATALOG_202602,APC Propellers,9.3x3,APC:9.3X3,APC designation normalized: whitespace/case unified; diameter and pitch retained in inches,APC,Pylon Combat,0.23622,0.07619999999999999,2,,air
APC_CATALOG_202602,APC Propellers,9.5x4.5,APC:9.5X4.5,APC designation normalized: whitespace/case unified; diameter and pitch retained in inches,APC,"Free Flight, Sport",0.2413,0.1143,2,,air
APC_CATALOG_202602,APC Propellers,9.5x5MR-P3,APC:9.5X5MR-P3,APC designation normalized: whitespace/case unified; diameter and pitch retained in inches,APC,Multi Rotor (Electric Only),0.2413,0.127,2,,air
APC_CATALOG_202602,APC Propellers,9.5x5MRP-P3,APC:9.5X5MRP-P3,APC designation normalized: whitespace/case unified; diameter and pitch retained in inches,APC,Multi Rotor (Electric Only),0.2413,0.127,2,,air
APC_CATALOG_202602,APC Propellers,9.5x6,APC:9.5X6,APC designation normalized: whitespace/case unified; diameter and pitch retained in inches,APC,Sport,0.2413,0.15239999999999998,2,,air
APC_CATALOG_202602,APC Propellers,9.5x6.5N,APC:9.5X6.5N,APC designation normalized: whitespace/case unified; diameter and pitch retained in inches,APC,Pylon Racing,0.2413,0.1651,2,,air
APC_CATALOG_202602,APC Propellers,9.5x7.5N,APC:9.5X7.5N,APC designation normalized: whitespace/case unified; diameter and pitch retained in inches,APC,Pylon Racing,0.2413,0.1905,2,,air
APC_CATALOG_202602,APC Propellers,9.5x7N,APC:9.5X7N,APC designation normalized: whitespace/case unified; diameter and pitch retained in inches,APC,Pylon Racing,0.2413,0.17779999999999999,2,,air
APC_CATALOG_202602,APC Propellers,9.5x8.5N,APC:9.5X8.5N,APC designation normalized: whitespace/case unified; diameter and pitch retained in inches,APC,Pylon Racing,0.2413,0.21589999999999998,2,,air
APC_CATALOG_202602,APC Propellers,9.5x8N,APC:9.5X8N,APC designation normalized: whitespace/case unified; diameter and pitch retained in inches,APC,Pylon Racing,0.2413,0.2032,2,,air
APC_CATALOG_202602,APC Propellers,9.625x3.75N,APC:9.625X3.75N,APC designation normalized: whitespace/case unified; diameter and pitch retained in inches,APC,Free Flight,0.244475,0.09525,2,,air
APC_CATALOG_202602,APC Propellers,9x10,APC:9X10,APC designation normalized: whitespace/case unified; diameter and pitch retained in inches,APC,Sport,0.2286,0.254,2,,air
APC_CATALOG_202602,APC Propellers,9x3,APC:9X3,APC designation normalized: whitespace/case unified; diameter and pitch retained in inches,APC,"Sport, Pylon Combat",0.2286,0.07619999999999999,2,,air
APC_CATALOG_202602,APC Propellers,9x3.7SF,APC:9X3.7SF,APC designation normalized: whitespace/case unified; diameter and pitch retained in inches,APC,Indoor 3D,0.2286,0.09398,2,,air
APC_CATALOG_202602,APC Propellers,9x3.8SF,APC:9X3.8SF,APC designation normalized: whitespace/case unified; diameter and pitch retained in inches,APC,"Multi Rotor (Electric Only), Slow Fly (Electric Only)",0.2286,0.09652,2,,air
APC_CATALOG_202602,APC Propellers,9x3.8SF-B4,APC:9X3.8SF-B4,APC designation normalized: whitespace/case unified; diameter and pitch retained in inches,APC,"Multi Rotor (Electric Only), Bundle (2 CW & 2 CCW), Slow Fly (Electric Only)",0.2286,0.09652,2,,air
APC_CATALOG_202602,APC Propellers,9x3.8SFP,APC:9X3.8SFP,APC designation normalized: whitespace/case unified; diameter and pitch retained in inches,APC,"Multi Rotor (Electric Only), Slow Fly (Electric Only), Slow Fly Reverse Rotation (Left Hand Rotation)",0.2286,0.09652,2,CW,air
APC_CATALOG_202602,APC Propellers,9x3N,APC:9X3N,APC designation normalized: whitespace/case unified; diameter and pitch retained in inches,APC,Pylon Combat,0.2286,0.07619999999999999,2,,air
APC_CATALOG_202602,APC Propellers,9x4,APC:9X4,APC designation normalized: whitespace/case unified; diameter and pitch retained in inches,APC,"Free Flight, Sport",0.2286,0.1016,2,,air
APC_CATALOG_202602,APC Propellers,9x4.1SF,APC:9X4.1SF,APC designation normalized: whitespace/case unified; diameter and pitch retained in inches,APC,Indoor 3D,0.2286,0.10413999999999998,2,,air
APC_CATALOG_202602,APC Propellers,9x4.4SFR,APC:9X4.4SFR,APC designation normalized: whitespace/case unified; diameter and pitch retained in inches,APC,"Indoor 3D, Reversible ESC (Slow Fly)",0.2286,0.11176,2,,air
APC_CATALOG_202602,APC Propellers,9x4.5E,APC:9X4.5E,APC designation normalized: whitespace/case unified; diameter and pitch retained in inches,APC,Thin Electric,0.2286,0.1143,2,,air
APC_CATALOG_202602,APC Propellers,9x4.5EP,APC:9X4.5EP,APC designation normalized: whitespace/case unified; diameter and pitch retained in inches,APC,"Thin Electric, Electric Reverse Rotation (Left Hand Rotation)",0.2286,0.1143,2,CW,air
APC_CATALOG_202602,APC Propellers,9x4.5MR,APC:9X4.5MR,APC designation normalized: whitespace/case unified; diameter and pitch retained in inches,APC,Multi Rotor (Electric Only),0.2286,0.1143,2,,air
APC_CATALOG_202602,APC Propellers,9x4.5MR(ST),APC:9X4.5MR(ST),APC designation normalized: whitespace/case unified; diameter and pitch retained in inches,APC,Self Tightening,0.2286,0.1143,2,,air
APC_CATALOG_202602,APC Propellers,9x4.5MR-B4,APC:9X4.5MR-B4,APC designation normalized: whitespace/case unified; diameter and pitch retained in inches,APC,"Multi Rotor (Electric Only), Bundle (2 CW & 2 CCW)",0.2286,0.1143,2,,air
APC_CATALOG_202602,APC Propellers,9x4.5MRF-L(B),APC:9X4.5MRF-L(B),APC designation normalized: whitespace/case unified; diameter and pitch retained in inches,APC,"Multi Rotor (Electric Only), MR Folding",0.2286,0.1143,2,,air
APC_CATALOG_202602,APC Propellers,9x4.5MRF-LH,APC:9X4.5MRF-LH,APC designation normalized: whitespace/case unified; diameter and pitch retained in inches,APC,"Multi Rotor (Electric Only), MR Folding",0.2286,0.1143,2,CW,air
APC_CATALOG_202602,APC Propellers,9x4.5MRF-R(B),APC:9X4.5MRF-R(B),APC designation normalized: whitespace/case unified; diameter and pitch retained in inches,APC,"Multi Rotor (Electric Only), MR Folding",0.2286,0.1143,2,,air
APC_CATALOG_202602,APC Propellers,9x4.5MRF-RH,APC:9X4.5MRF-RH,APC designation normalized: whitespace/case unified; diameter and pitch retained in inches,APC,"Multi Rotor (Electric Only), MR Folding",0.2286,0.1143,2,CCW,air
APC_CATALOG_202602,APC Propellers,9x4.5MRP,APC:9X4.5MRP,APC designation normalized: whitespace/case unified; diameter and pitch retained in inches,APC,Multi Rotor (Electric Only),0.2286,0.1143,2,CW,air
APC_CATALOG_202602,APC Propellers,9x4.5MRP(ST),APC:9X4.5MRP(ST),APC designation normalized: whitespace/case unified; diameter and pitch retained in inches,APC,Self Tightening,0.2286,0.1143,2,,air
APC_CATALOG_202602,APC Propellers,9x4.5R-LH,APC:9X4.5R-LH,APC designation normalized: whitespace/case unified; diameter and pitch retained in inches,APC,"Multi Rotor (Electric Only), 3D - Reversible ESC",0.2286,0.1143,2,CW,air
APC_CATALOG_202602,APC Propellers,9x4.5R-RH,APC:9X4.5R-RH,APC designation normalized: whitespace/case unified; diameter and pitch retained in inches,APC,"Multi Rotor (Electric Only), 3D - Reversible ESC",0.2286,0.1143,2,CCW,air
APC_CATALOG_202602,APC Propellers,9x4.6SF,APC:9X4.6SF,APC designation normalized: whitespace/case unified; diameter and pitch retained in inches,APC,Indoor 3D,0.2286,0.11683999999999999,2,,air
APC_CATALOG_202602,APC Propellers,9x4.7SF,APC:9X4.7SF,APC designation normalized: whitespace/case unified; diameter and pitch retained in inches,APC,"Multi Rotor (Electric Only), Slow Fly (Electric Only)",0.2286,0.11938,2,,air
APC_CATALOG_202602,APC Propellers,9x4.7SF-B4,APC:9X4.7SF-B4,APC designation normalized: whitespace/case unified; diameter and pitch retained in inches,APC,"Multi Rotor (Electric Only), Bundle (2 CW & 2 CCW), Slow Fly (Electric Only)",0.2286,0.11938,2,,air
APC_CATALOG_202602,APC Propellers,9x4.7SFP,APC:9X4.7SFP,APC designation normalized: whitespace/case unified; diameter and pitch retained in inches,APC,"Multi Rotor (Electric Only), Slow Fly (Electric Only), Slow Fly Reverse Rotation (Left Hand Rotation)",0.2286,0.11938,2,CW,air
APC_CATALOG_202602,APC Propellers,9x4M-LH,APC:9X4M-LH,APC designation normalized: whitespace/case unified; diameter and pitch retained in inches,APC,Marine,0.2286,0.1016,2,CW,air
APC_CATALOG_202602,APC Propellers,9x5,APC:9X5,APC designation normalized: whitespace/case unified; diameter and pitch retained in inches,APC,"Free Flight, Sport",0.2286,0.127,2,,air
APC_CATALOG_202602,APC Propellers,9x5F,APC:9X5F,APC designation normalized: whitespace/case unified; diameter and pitch retained in inches,APC,Folding (Electric Only),0.2286,0.127,2,,air
APC_CATALOG_202602,APC Propellers,9x5FP,APC:9X5FP,APC designation normalized: whitespace/case unified; diameter and pitch retained in inches,APC,Folding (Electric Only),0.2286,0.127,2,CW,air
APC_CATALOG_202602,APC Propellers,9x5M-JK,APC:9X5M-JK,APC designation normalized: whitespace/case unified; diameter and pitch retained in inches,APC,Marine,0.2286,0.127,2,,air
APC_CATALOG_202602,APC Propellers,9x6,APC:9X6,APC designation normalized: whitespace/case unified; diameter and pitch retained in inches,APC,"Sport, AMA 424 (Sport Q500)",0.2286,0.15239999999999998,2,,air
APC_CATALOG_202602,APC Propellers,9x6-3,APC:9X6-3,APC designation normalized: whitespace/case unified; diameter and pitch retained in inches,APC,"Sport, 3 Bladed (for IC Engines)",0.2286,0.15239999999999998,3,,air
APC_CATALOG_202602,APC Propellers,9x6-4,APC:9X6-4,APC designation normalized: whitespace/case unified; diameter and pitch retained in inches,APC,"Sport, 4 Bladed (for IC Engines)",0.2286,0.15239999999999998,4,,air
APC_CATALOG_202602,APC Propellers,9x6.5,APC:9X6.5,APC designation normalized: whitespace/case unified; diameter and pitch retained in inches,APC,Pylon Racing,0.2286,0.1651,2,,air
APC_CATALOG_202602,APC Propellers,9x6E,APC:9X6E,APC designation normalized: whitespace/case unified; diameter and pitch retained in inches,APC,Thin Electric,0.2286,0.15239999999999998,2,,air
APC_CATALOG_202602,APC Propellers,9x6EP,APC:9X6EP,APC designation normalized: whitespace/case unified; diameter and pitch retained in inches,APC,"Thin Electric, Electric Reverse Rotation (Left Hand Rotation)",0.2286,0.15239999999999998,2,CW,air
APC_CATALOG_202602,APC Propellers,9x6N,APC:9X6N,APC designation normalized: whitespace/case unified; diameter and pitch retained in inches,APC,Control Line Racing,0.2286,0.15239999999999998,2,,air
APC_CATALOG_202602,APC Propellers,9x6P,APC:9X6P,APC designation normalized: whitespace/case unified; diameter and pitch retained in inches,APC,"Sport, Pusher (for IC Engines)",0.2286,0.15239999999999998,2,CW,air
APC_CATALOG_202602,APC Propellers,9x6SF,APC:9X6SF,APC designation normalized: whitespace/case unified; diameter and pitch retained in inches,APC,Slow Fly (Electric Only),0.2286,0.15239999999999998,2,,air
APC_CATALOG_202602,APC Propellers,9x7,APC:9X7,APC designation normalized: whitespace/case unified; diameter and pitch retained in inches,APC,Sport,0.2286,0.17779999999999999,2,,air
APC_CATALOG_202602,APC Propellers,9x7.5,APC:9X7.5,APC designation normalized: whitespace/case unified; diameter and pitch retained in inches,APC,Pylon Racing,0.2286,0.1905,2,,air
APC_CATALOG_202602,APC Propellers,9x7.5C,APC:9X7.5C,APC designation normalized: whitespace/case unified; diameter and pitch retained in inches,APC,"Pylon Racing, Carbon Fiber",0.2286,0.1905,2,,air
APC_CATALOG_202602,APC Propellers,9x7.5E,APC:9X7.5E,APC designation normalized: whitespace/case unified; diameter and pitch retained in inches,APC,Thin Electric,0.2286,0.1905,2,,air
APC_CATALOG_202602,APC Propellers,9x7.5EP,APC:9X7.5EP,APC designation normalized: whitespace/case unified; diameter and pitch retained in inches,APC,"Thin Electric, Electric Reverse Rotation (Left Hand Rotation)",0.2286,0.1905,2,CW,air
APC_CATALOG_202602,APC Propellers,9x7.5SF,APC:9X7.5SF,APC designation normalized: whitespace/case unified; diameter and pitch retained in inches,APC,Slow Fly (Electric Only),0.2286,0.1905,2,,air
APC_CATALOG_202602,APC Propellers,9x8,APC:9X8,APC designation normalized: whitespace/case unified; diameter and pitch retained in inches,APC,Sport,0.2286,0.2032,2,,air
APC_CATALOG_202602,APC Propellers,9x8.5,APC:9X8.5,APC designation normalized: whitespace/case unified; diameter and pitch retained in inches,APC,Pylon Racing,0.2286,0.21589999999999998,2,,air
APC_CATALOG_202602,APC Propellers,9x8E-3,APC:9X8E-3,APC designation normalized: whitespace/case unified; diameter and pitch retained in inches,APC,"Thin Electric, 3 Bladed (Electric Only)",0.2286,0.2032,3,,air
APC_CATALOG_202602,APC Propellers,9x9,APC:9X9,APC designation normalized: whitespace/case unified; diameter and pitch retained in inches,APC,Sport,0.2286,0.2286,2,,air
APC_CATALOG_202602,APC Propellers,9x9E,APC:9X9E,APC designation normalized: whitespace/case unified; diameter and pitch retained in inches,APC,Thin Electric,0.2286,0.2286,2,,air
APC_CATALOG_202602,APC Propellers,9x9EP,APC:9X9EP,APC designation normalized: whitespace/case unified; diameter and pitch retained in inches,APC,"Thin Electric, Electric Reverse Rotation (Left Hand Rotation)",0.2286,0.2286,2,CW,air
APC_CATALOG_202602,APC Propellers,B10x10E,APC:B10X10E,APC designation normalized: whitespace/case unified; diameter and pitch retained in inches,APC,"Thin Electric, Black Thin Electric",0.254,0.254,2,,air
APC_CATALOG_202602,APC Propellers,B10x4.5MR-B4,APC:B10X4.5MR-B4,APC designation normalized: whitespace/case unified; diameter and pitch retained in inches,APC,"Bundle (2 CW & 2 CCW), Black MR",0.254,0.1143,2,,air
APC_CATALOG_202602,APC Propellers,B10x4.7SF,APC:B10X4.7SF,APC designation normalized: whitespace/case unified; diameter and pitch retained in inches,APC,"Multi Rotor (Electric Only), Slow Fly (Electric Only), Black MR, Black SF",0.254,0.11938,2,,air
APC_CATALOG_202602,APC Propellers,B10x5.5MR-B4,APC:B10X5.5MR-B4,APC designation normalized: whitespace/case unified; diameter and pitch retained in inches,APC,"Bundle (2 CW & 2 CCW), Black MR",0.254,0.1397,2,,air
APC_CATALOG_202602,APC Propellers,B10x5E,APC:B10X5E,APC designation normalized: whitespace/case unified; diameter and pitch retained in inches,APC,"Thin Electric, Black Thin Electric",0.254,0.127,2,,air
APC_CATALOG_202602,APC Propellers,B10x5EP,APC:B10X5EP,APC designation normalized: whitespace/case unified; diameter and pitch retained in inches,APC,"Thin Electric, Electric Reverse Rotation (Left Hand Rotation), Black Thin Electric",0.254,0.127,2,CW,air
APC_CATALOG_202602,APC Propellers,B10x6E,APC:B10X6E,APC designation normalized: whitespace/case unified; diameter and pitch retained in inches,APC,"Thin Electric, Black Thin Electric",0.254,0.15239999999999998,2,,air
APC_CATALOG_202602,APC Propellers,B10x7E,APC:B10X7E,APC designation normalized: whitespace/case unified; diameter and pitch retained in inches,APC,"Thin Electric, Black Thin Electric",0.254,0.17779999999999999,2,,air
APC_CATALOG_202602,APC Propellers,B10x7EP,APC:B10X7EP,APC designation normalized: whitespace/case unified; diameter and pitch retained in inches,APC,"Thin Electric, Electric Reverse Rotation (Left Hand Rotation), Black Thin Electric",0.254,0.17779999999999999,2,CW,air
APC_CATALOG_202602,APC Propellers,B10x8E,APC:B10X8E,APC designation normalized: whitespace/case unified; diameter and pitch retained in inches,APC,"Thin Electric, Black Thin Electric",0.254,0.2032,2,,air
APC_CATALOG_202602,APC Propellers,B11x10E,APC:B11X10E,APC designation normalized: whitespace/case unified; diameter and pitch retained in inches,APC,"Thin Electric, Black Thin Electric",0.2794,0.254,2,,air
APC_CATALOG_202602,APC Propellers,B11x4.5MR-B4,APC:B11X4.5MR-B4,APC designation normalized: whitespace/case unified; diameter and pitch retained in inches,APC,"Bundle (2 CW & 2 CCW), Black MR",0.2794,0.1143,2,,air
APC_CATALOG_202602,APC Propellers,B11x4.7SF,APC:B11X4.7SF,APC designation normalized: whitespace/case unified; diameter and pitch retained in inches,APC,"Multi Rotor (Electric Only), Slow Fly (Electric Only), Black MR, Black SF",0.2794,0.11938,2,,air
APC_CATALOG_202602,APC Propellers,B11x5.5E,APC:B11X5.5E,APC designation normalized: whitespace/case unified; diameter and pitch retained in inches,APC,"Thin Electric, Black Thin Electric",0.2794,0.1397,2,,air
APC_CATALOG_202602,APC Propellers,B11x5.5EP,APC:B11X5.5EP,APC designation normalized: whitespace/case unified; diameter and pitch retained in inches,APC,"Thin Electric, Electric Reverse Rotation (Left Hand Rotation), Black Thin Electric",0.2794,0.1397,2,CW,air
APC_CATALOG_202602,APC Propellers,B11x5.5MR-B4,APC:B11X5.5MR-B4,APC designation normalized: whitespace/case unified; diameter and pitch retained in inches,APC,"Bundle (2 CW & 2 CCW), Black MR",0.2794,0.1397,2,,air
APC_CATALOG_202602,APC Propellers,B11x7E,APC:B11X7E,APC designation normalized: whitespace/case unified; diameter and pitch retained in inches,APC,"Thin Electric, Black Thin Electric",0.2794,0.17779999999999999,2,,air
APC_CATALOG_202602,APC Propellers,B11x8.5E,APC:B11X8.5E,APC designation normalized: whitespace/case unified; diameter and pitch retained in inches,APC,"Thin Electric, Black Thin Electric",0.2794,0.21589999999999998,2,,air
APC_CATALOG_202602,APC Propellers,B11x8E,APC:B11X8E,APC designation normalized: whitespace/case unified; diameter and pitch retained in inches,APC,"Thin Electric, Black Thin Electric",0.2794,0.2032,2,,air
APC_CATALOG_202602,APC Propellers,B11x8EP,APC:B11X8EP,APC designation normalized: whitespace/case unified; diameter and pitch retained in inches,APC,"Thin Electric, Electric Reverse Rotation (Left Hand Rotation), Black Thin Electric",0.2794,0.2032,2,CW,air
APC_CATALOG_202602,APC Propellers,B12x10E,APC:B12X10E,APC designation normalized: whitespace/case unified; diameter and pitch retained in inches,APC,"Thin Electric, Black Thin Electric",0.30479999999999996,0.254,2,,air
APC_CATALOG_202602,APC Propellers,B12x12E,APC:B12X12E,APC designation normalized: whitespace/case unified; diameter and pitch retained in inches,APC,"Thin Electric, Black Thin Electric",0.30479999999999996,0.30479999999999996,2,,air
APC_CATALOG_202602,APC Propellers,B12x12EP,APC:B12X12EP,APC designation normalized: whitespace/case unified; diameter and pitch retained in inches,APC,"Thin Electric, Electric Reverse Rotation (Left Hand Rotation), Black Thin Electric",0.30479999999999996,0.30479999999999996,2,CW,air
APC_CATALOG_202602,APC Propellers,B12x6E,APC:B12X6E,APC designation normalized: whitespace/case unified; diameter and pitch retained in inches,APC,"Thin Electric, Black Thin Electric",0.30479999999999996,0.15239999999999998,2,,air
APC_CATALOG_202602,APC Propellers,B12x6EP,APC:B12X6EP,APC designation normalized: whitespace/case unified; diameter and pitch retained in inches,APC,"Thin Electric, Electric Reverse Rotation (Left Hand Rotation), Black Thin Electric",0.30479999999999996,0.15239999999999998,2,CW,air
APC_CATALOG_202602,APC Propellers,B12x8E,APC:B12X8E,APC designation normalized: whitespace/case unified; diameter and pitch retained in inches,APC,"Thin Electric, Black Thin Electric",0.30479999999999996,0.2032,2,,air
APC_CATALOG_202602,APC Propellers,B12x8EP,APC:B12X8EP,APC designation normalized: whitespace/case unified; diameter and pitch retained in inches,APC,"Thin Electric, Electric Reverse Rotation (Left Hand Rotation), Black Thin Electric",0.30479999999999996,0.2032,2,CW,air
APC_CATALOG_202602,APC Propellers,B13x4E,APC:B13X4E,APC designation normalized: whitespace/case unified; diameter and pitch retained in inches,APC,"Thin Electric, Black Thin Electric",0.3302,0.1016,2,,air
APC_CATALOG_202602,APC Propellers,B13x4EP,APC:B13X4EP,APC designation normalized: whitespace/case unified; diameter and pitch retained in inches,APC,"Thin Electric, Electric Reverse Rotation (Left Hand Rotation), Black Thin Electric",0.3302,0.1016,2,CW,air
APC_CATALOG_202602,APC Propellers,B13x6.5E,APC:B13X6.5E,APC designation normalized: whitespace/case unified; diameter and pitch retained in inches,APC,"Thin Electric, Black Thin Electric",0.3302,0.1651,2,,air
APC_CATALOG_202602,APC Propellers,B13x8E,APC:B13X8E,APC designation normalized: whitespace/case unified; diameter and pitch retained in inches,APC,"Thin Electric, Black Thin Electric",0.3302,0.2032,2,,air
APC_CATALOG_202602,APC Propellers,B13x8EP,APC:B13X8EP,APC designation normalized: whitespace/case unified; diameter and pitch retained in inches,APC,"Thin Electric, Electric Reverse Rotation (Left Hand Rotation), Black Thin Electric",0.3302,0.2032,2,CW,air
APC_CATALOG_202602,APC Propellers,B14x10E,APC:B14X10E,APC designation normalized: whitespace/case unified; diameter and pitch retained in inches,APC,"Thin Electric, Black Thin Electric",0.35559999999999997,0.254,2,,air
APC_CATALOG_202602,APC Propellers,B14x10E-T,APC:B14X10E-T,APC designation normalized: whitespace/case unified; diameter and pitch retained in inches,APC,"Thin Electric, Black Thin Electric, T-Mount",0.35559999999999997,0.254,2,,air
APC_CATALOG_202602,APC Propellers,B14x10EP-T,APC:B14X10EP-T,APC designation normalized: whitespace/case unified; diameter and pitch retained in inches,APC,"Thin Electric, Electric Reverse Rotation (Left Hand Rotation), Black Thin Electric, T-Mount",0.35559999999999997,0.254,2,,air
APC_CATALOG_202602,APC Propellers,B14x12E,APC:B14X12E,APC designation normalized: whitespace/case unified; diameter and pitch retained in inches,APC,"Thin Electric, Black Thin Electric",0.35559999999999997,0.30479999999999996,2,,air
APC_CATALOG_202602,APC Propellers,B14x8.5E,APC:B14X8.5E,APC designation normalized: whitespace/case unified; diameter and pitch retained in inches,APC,"Thin Electric, Black Thin Electric, Multi Rotor (Electric Only)",0.35559999999999997,0.21589999999999998,2,,air
APC_CATALOG_202602,APC Propellers,B14x8.5E-T,APC:B14X8.5E-T,APC designation normalized: whitespace/case unified; diameter and pitch retained in inches,APC,"Thin Electric, Black Thin Electric, T-Mount",0.35559999999999997,0.21589999999999998,2,,air
APC_CATALOG_202602,APC Propellers,B14x8.5EP,APC:B14X8.5EP,APC designation normalized: whitespace/case unified; diameter and pitch retained in inches,APC,"Thin Electric, Electric Reverse Rotation (Left Hand Rotation), Black Thin Electric, Multi Rotor (Electric Only)",0.35559999999999997,0.21589999999999998,2,CW,air
APC_CATALOG_202602,APC Propellers,B14x8.5EP-T,APC:B14X8.5EP-T,APC designation normalized: whitespace/case unified; diameter and pitch retained in inches,APC,"Thin Electric, Electric Reverse Rotation (Left Hand Rotation), Black Thin Electric, T-Mount",0.35559999999999997,0.21589999999999998,2,,air
APC_CATALOG_202602,APC Propellers,B15x10E,APC:B15X10E,APC designation normalized: whitespace/case unified; diameter and pitch retained in inches,APC,"Thin Electric, Black Thin Electric",0.381,0.254,2,,air
APC_CATALOG_202602,APC Propellers,B15x12E-T,APC:B15X12E-T,APC designation normalized: whitespace/case unified; diameter and pitch retained in inches,APC,"Thin Electric, Black Thin Electric, T-Mount",0.381,0.30479999999999996,2,,air
APC_CATALOG_202602,APC Propellers,B15x12EP-T,APC:B15X12EP-T,APC designation normalized: whitespace/case unified; diameter and pitch retained in inches,APC,"Thin Electric, Electric Reverse Rotation (Left Hand Rotation), Black Thin Electric, T-Mount",0.381,0.30479999999999996,2,,air
APC_CATALOG_202602,APC Propellers,B15x5.5MR-T,APC:B15X5.5MR-T,APC designation normalized: whitespace/case unified; diameter and pitch retained in inches,APC,"Multi Rotor (Electric Only), T-Mount",0.381,0.1397,2,,air
APC_CATALOG_202602,APC Propellers,B15x5.5MRP-T,APC:B15X5.5MRP-T,APC designation normalized: whitespace/case unified; diameter and pitch retained in inches,APC,"Multi Rotor (Electric Only), T-Mount",0.381,0.1397,2,,air
APC_CATALOG_202602,APC Propellers,B15x8E,APC:B15X8E,APC designation normalized: whitespace/case unified; diameter and pitch retained in inches,APC,"Thin Electric, Black Thin Electric",0.381,0.2032,2,,air
APC_CATALOG_202602,APC Propellers,B18x5.5MR-T,APC:B18X5.5MR-T,APC designation normalized: whitespace/case unified; diameter and pitch retained in inches,APC,"Multi Rotor (Electric Only), T-Mount",0.4572,0.1397,2,,air
APC_CATALOG_202602,APC Propellers,B18x5.5MRP-T,APC:B18X5.5MRP-T,APC designation normalized: whitespace/case unified; diameter and pitch retained in inches,APC,"Multi Rotor (Electric Only), T-Mount",0.4572,0.1397,2,,air
APC_CATALOG_202602,APC Propellers,B4x3.3E-B4,APC:B4X3.3E-B4,APC designation normalized: whitespace/case unified; diameter and pitch retained in inches,APC,"Bundle (2 CW & 2 CCW), Black FPV, Black MR",0.1016,0.08381999999999999,2,,air
APC_CATALOG_202602,APC Propellers,B4x4.5E-B4,APC:B4X4.5E-B4,APC designation normalized: whitespace/case unified; diameter and pitch retained in inches,APC,"Bundle (2 CW & 2 CCW), Black FPV, Black MR",0.1016,0.1143,2,,air
APC_CATALOG_202602,APC Propellers,B4x4E-3-B4,APC:B4X4E-3-B4,APC designation normalized: whitespace/case unified; diameter and pitch retained in inches,APC,"Bundle (2 CW & 2 CCW), 3 Bladed (Electric Only), Black FPV, Black MR",0.1016,0.1016,3,,air
APC_CATALOG_202602,APC Propellers,B5.5x4.5E,APC:B5.5X4.5E,APC designation normalized: whitespace/case unified; diameter and pitch retained in inches,APC,"Multi Rotor (Electric Only), FPV Racing / Freestyle, Speed 400 (Electric Only), Black FPV, Black MR, Black Speed 400",0.1397,0.1143,2,,air
APC_CATALOG_202602,APC Propellers,B5.5x4.5E-B4,APC:B5.5X4.5E-B4,APC designation normalized: whitespace/case unified; diameter and pitch retained in inches,APC,"Bundle (2 CW & 2 CCW), Black FPV, Black MR",0.1397,0.1143,2,,air
APC_CATALOG_202602,APC Propellers,B5.5x4.5EP,APC:B5.5X4.5EP,APC designation normalized: whitespace/case unified; diameter and pitch retained in inches,APC,"Multi Rotor (Electric Only), FPV Racing / Freestyle, Speed 400 (Electric Only), Black FPV, Black MR, Speed 400 Reverse Rotation (Left Hand Rotation), Black Speed 400",0.1397,0.1143,2,CW,air
APC_CATALOG_202602,APC Propellers,B5x3E-B4,APC:B5X3E-B4,APC designation normalized: whitespace/case unified; diameter and pitch retained in inches,APC,"Bundle (2 CW & 2 CCW), Black FPV, Black MR",0.127,0.07619999999999999,2,,air
APC_CATALOG_202602,APC Propellers,B5x4.3E-B4,APC:B5X4.3E-B4,APC designation normalized: whitespace/case unified; diameter and pitch retained in inches,APC,"Bundle (2 CW & 2 CCW), Black FPV, Black MR",0.127,0.10922,2,,air
APC_CATALOG_202602,APC Propellers,B5x4.5E-B4,APC:B5X4.5E-B4,APC designation normalized: whitespace/case unified; diameter and pitch retained in inches,APC,"Bundle (2 CW & 2 CCW), Black FPV, Black MR",0.127,0.1143,2,,air
APC_CATALOG_202602,APC Propellers,B5x4.6E-B4,APC:B5X4.6E-B4,APC designation normalized: whitespace/case unified; diameter and pitch retained in inches,APC,"Bundle (2 CW & 2 CCW), Black FPV, Black MR",0.127,0.11683999999999999,2,,air
APC_CATALOG_202602,APC Propellers,B5x4E-3-B4,APC:B5X4E-3-B4,APC designation normalized: whitespace/case unified; diameter and pitch retained in inches,APC,"Bundle (2 CW & 2 CCW), 3 Bladed (Electric Only), Black FPV, Black MR",0.127,0.1016,3,,air
APC_CATALOG_202602,APC Propellers,B5x4E-4-B4,APC:B5X4E-4-B4,APC designation normalized: whitespace/case unified; diameter and pitch retained in inches,APC,"Bundle (2 CW & 2 CCW), Black FPV, 4 Bladed (Electric Only), Black MR",0.127,0.1016,4,,air
APC_CATALOG_202602,APC Propellers,B5x5E,APC:B5X5E,APC designation normalized: whitespace/case unified; diameter and pitch retained in inches,APC,"Multi Rotor (Electric Only), FPV Racing / Freestyle, Speed 400 (Electric Only), Black FPV, Black MR, Black Speed 400",0.127,0.127,2,,air
APC_CATALOG_202602,APC Propellers,B5x5E-B4,APC:B5X5E-B4,APC designation normalized: whitespace/case unified; diameter and pitch retained in inches,APC,"Bundle (2 CW & 2 CCW), Black FPV, Black MR",0.127,0.127,2,,air
APC_CATALOG_202602,APC Propellers,B5x5EP,APC:B5X5EP,APC designation normalized: whitespace/case unified; diameter and pitch retained in inches,APC,"Multi Rotor (Electric Only), FPV Racing / Freestyle, Speed 400 (Electric Only), Black FPV, Black MR, Speed 400 Reverse Rotation (Left Hand Rotation), Black Speed 400",0.127,0.127,2,CW,air
APC_CATALOG_202602,APC Propellers,B6x4.5E-B4,APC:B6X4.5E-B4,APC designation normalized: whitespace/case unified; diameter and pitch retained in inches,APC,"Bundle (2 CW & 2 CCW), Black FPV, Black MR",0.15239999999999998,0.1143,2,,air
APC_CATALOG_202602,APC Propellers,B6x4E,APC:B6X4E,APC designation normalized: whitespace/case unified; diameter and pitch retained in inches,APC,"Multi Rotor (Electric Only), FPV Racing / Freestyle, Speed 400 (Electric Only), Black FPV, Black MR, Black Speed 400",0.15239999999999998,0.1016,2,,air
APC_CATALOG_202602,APC Propellers,B6x4E-B4,APC:B6X4E-B4,APC designation normalized: whitespace/case unified; diameter and pitch retained in inches,APC,"Bundle (2 CW & 2 CCW), Black FPV, Black MR",0.15239999999999998,0.1016,2,,air
APC_CATALOG_202602,APC Propellers,B6x4EP,APC:B6X4EP,APC designation normalized: whitespace/case unified; diameter and pitch retained in inches,APC,"Multi Rotor (Electric Only), FPV Racing / Freestyle, Speed 400 (Electric Only), Black FPV, Black MR, Speed 400 Reverse Rotation (Left Hand Rotation), Black Speed 400",0.15239999999999998,0.1016,2,CW,air
APC_CATALOG_202602,APC Propellers,B6x5.5E,APC:B6X5.5E,APC designation normalized: whitespace/case unified; diameter and pitch retained in inches,APC,"Thin Electric, Black Thin Electric",0.15239999999999998,0.1397,2,,air
APC_CATALOG_202602,APC Propellers,B6x6E,APC:B6X6E,APC designation normalized: whitespace/case unified; diameter and pitch retained in inches,APC,"Thin Electric, Multi Rotor (Electric Only), Black MR, Black Thin Electric",0.15239999999999998,0.15239999999999998,2,,air
APC_CATALOG_202602,APC Propellers,B6x6E-B4,APC:B6X6E-B4,APC designation normalized: whitespace/case unified; diameter and pitch retained in inches,APC,"Bundle (2 CW & 2 CCW), Black MR",0.15239999999999998,0.15239999999999998,2,,air
APC_CATALOG_202602,APC Propellers,B6x6EP,APC:B6X6EP,APC designation normalized: whitespace/case unified; diameter and pitch retained in inches,APC,"Thin Electric, Multi Rotor (Electric Only), Electric Reverse Rotation (Left Hand Rotation), Black MR, Black Thin Electric",0.15239999999999998,0.15239999999999998,2,CW,air
APC_CATALOG_202602,APC Propellers,B7x4E,APC:B7X4E,APC designation normalized: whitespace/case unified; diameter and pitch retained in inches,APC,"Thin Electric, Multi Rotor (Electric Only), Black MR, Black Thin Electric",0.17779999999999999,0.1016,2,,air
APC_CATALOG_202602,APC Propellers,B7x4E-B4,APC:B7X4E-B4,APC designation normalized: whitespace/case unified; diameter and pitch retained in inches,APC,"Bundle (2 CW & 2 CCW), Black MR",0.17779999999999999,0.1016,2,,air
APC_CATALOG_202602,APC Propellers,B7x4EP,APC:B7X4EP,APC designation normalized: whitespace/case unified; diameter and pitch retained in inches,APC,"Thin Electric, Multi Rotor (Electric Only), Electric Reverse Rotation (Left Hand Rotation), Black MR, Black Thin Electric",0.17779999999999999,0.1016,2,CW,air
APC_CATALOG_202602,APC Propellers,B7x5E,APC:B7X5E,APC designation normalized: whitespace/case unified; diameter and pitch retained in inches,APC,"Thin Electric, Multi Rotor (Electric Only), Black MR, Black Thin Electric",0.17779999999999999,0.127,2,,air
APC_CATALOG_202602,APC Propellers,B7x5E-B4,APC:B7X5E-B4,APC designation normalized: whitespace/case unified; diameter and pitch retained in inches,APC,"Bundle (2 CW & 2 CCW), Black MR",0.17779999999999999,0.127,2,,air
APC_CATALOG_202602,APC Propellers,B7x5EP,APC:B7X5EP,APC designation normalized: whitespace/case unified; diameter and pitch retained in inches,APC,"Thin Electric, Multi Rotor (Electric Only), Electric Reverse Rotation (Left Hand Rotation), Black MR, Black Thin Electric",0.17779999999999999,0.127,2,CW,air
APC_CATALOG_202602,APC Propellers,B7x6E,APC:B7X6E,APC designation normalized: whitespace/case unified; diameter and pitch retained in inches,APC,"Thin Electric, Multi Rotor (Electric Only), Black MR, Black Thin Electric",0.17779999999999999,0.15239999999999998,2,,air
APC_CATALOG_202602,APC Propellers,B7x6E-B4,APC:B7X6E-B4,APC designation normalized: whitespace/case unified; diameter and pitch retained in inches,APC,"Bundle (2 CW & 2 CCW), Black MR",0.17779999999999999,0.15239999999999998,2,,air
APC_CATALOG_202602,APC Propellers,B7x6EP,APC:B7X6EP,APC designation normalized: whitespace/case unified; diameter and pitch retained in inches,APC,"Thin Electric, Multi Rotor (Electric Only), Electric Reverse Rotation (Left Hand Rotation), Black MR, Black Thin Electric",0.17779999999999999,0.15239999999999998,2,CW,air
APC_CATALOG_202602,APC Propellers,B7x7E,APC:B7X7E,APC designation normalized: whitespace/case unified; diameter and pitch retained in inches,APC,"Thin Electric, Black Thin Electric",0.17779999999999999,0.17779999999999999,2,,air
APC_CATALOG_202602,APC Propellers,B8x3.8SF,APC:B8X3.8SF,APC designation normalized: whitespace/case unified; diameter and pitch retained in inches,APC,"Multi Rotor (Electric Only), Slow Fly (Electric Only), Black MR, Black SF",0.2032,0.09652,2,,air
APC_CATALOG_202602,APC Propellers,B8x3.8SFP,APC:B8X3.8SFP,APC designation normalized: whitespace/case unified; diameter and pitch retained in inches,APC,"Multi Rotor (Electric Only), Slow Fly (Electric Only), Slow Fly Reverse Rotation (Left Hand Rotation), Black MR, Black SF",0.2032,0.09652,2,CW,air
APC_CATALOG_202602,APC Propellers,B8x4.1SF,APC:B8X4.1SF,APC designation normalized: whitespace/case unified; diameter and pitch retained in inches,APC,Indoor 3D,0.2032,0.10413999999999998,2,,air
APC_CATALOG_202602,APC Propellers,B8x4.5MR-B4,APC:B8X4.5MR-B4,APC designation normalized: whitespace/case unified; diameter and pitch retained in inches,APC,"Bundle (2 CW & 2 CCW), Black MR",0.2032,0.1143,2,,air
APC_CATALOG_202602,APC Propellers,B8x4.7SF,APC:B8X4.7SF,APC designation normalized: whitespace/case unified; diameter and pitch retained in inches,APC,"Multi Rotor (Electric Only), Slow Fly (Electric Only), Black MR, Black SF",0.2032,0.11938,2,,air
APC_CATALOG_202602,APC Propellers,B8x4.7SFP,APC:B8X4.7SFP,APC designation normalized: whitespace/case unified; diameter and pitch retained in inches,APC,"Multi Rotor (Electric Only), Slow Fly (Electric Only), Slow Fly Reverse Rotation (Left Hand Rotation), Black MR, Black SF",0.2032,0.11938,2,CW,air
APC_CATALOG_202602,APC Propellers,B8x4E,APC:B8X4E,APC designation normalized: whitespace/case unified; diameter and pitch retained in inches,APC,"Thin Electric, Black Thin Electric",0.2032,0.1016,2,,air
APC_CATALOG_202602,APC Propellers,B8x6E,APC:B8X6E,APC designation normalized: whitespace/case unified; diameter and pitch retained in inches,APC,"Thin Electric, Black Thin Electric",0.2032,0.15239999999999998,2,,air
APC_CATALOG_202602,APC Propellers,B8x6EP,APC:B8X6EP,APC designation normalized: whitespace/case unified; diameter and pitch retained in inches,APC,"Thin Electric, Electric Reverse Rotation (Left Hand Rotation), Black Thin Electric",0.2032,0.15239999999999998,2,CW,air
APC_CATALOG_202602,APC Propellers,B8x8E,APC:B8X8E,APC designation normalized: whitespace/case unified; diameter and pitch retained in inches,APC,"Thin Electric, Black Thin Electric",0.2032,0.2032,2,,air
APC_CATALOG_202602,APC Propellers,B9x3.8SF-B4,APC:B9X3.8SF-B4,APC designation normalized: whitespace/case unified; diameter and pitch retained in inches,APC,"Bundle (2 CW & 2 CCW), Slow Fly (Electric Only), Black MR, Black SF",0.2286,0.09652,2,,air
APC_CATALOG_202602,APC Propellers,B9x4.5E,APC:B9X4.5E,APC designation normalized: whitespace/case unified; diameter and pitch retained in inches,APC,"Thin Electric, Black Thin Electric",0.2286,0.1143,2,,air
APC_CATALOG_202602,APC Propellers,B9x4.5MR-B4,APC:B9X4.5MR-B4,APC designation normalized: whitespace/case unified; diameter and pitch retained in inches,APC,"Bundle (2 CW & 2 CCW), Black MR",0.2286,0.1143,2,,air
APC_CATALOG_202602,APC Propellers,B9x4.7SF,APC:B9X4.7SF,APC designation normalized: whitespace/case unified; diameter and pitch retained in inches,APC,"Multi Rotor (Electric Only), Slow Fly (Electric Only), Black MR, Black SF",0.2286,0.11938,2,,air
APC_CATALOG_202602,APC Propellers,B9x6E,APC:B9X6E,APC designation normalized: whitespace/case unified; diameter and pitch retained in inches,APC,"Thin Electric, Black Thin Electric",0.2286,0.15239999999999998,2,,air
APC_CATALOG_202602,APC Propellers,B9x6SF,APC:B9X6SF,APC designation normalized: whitespace/case unified; diameter and pitch retained in inches,APC,"Multi Rotor (Electric Only), Slow Fly (Electric Only), Black MR, Black SF",0.2286,0.15239999999999998,2,,air
APC_CATALOG_202602,APC Propellers,B9x7.5E,APC:B9X7.5E,APC designation normalized: whitespace/case unified; diameter and pitch retained in inches,APC,"Thin Electric, Black Thin Electric",0.2286,0.1905,2,,air
APC_CATALOG_202602,APC Propellers,B9x9E,APC:B9X9E,APC designation normalized: whitespace/case unified; diameter and pitch retained in inches,APC,"Thin Electric, Black Thin Electric",0.2286,0.2286,2,,air
APC_CATALOG_202602,APC Propellers,BD5.1x5.0E-3-B4,APC:BD5.1X5E-3-B4,APC designation normalized: whitespace/case unified; diameter and pitch retained in inches,APC,"Bundle (2 CW & 2 CCW), FPV Racing / Freestyle, 3 Bladed (Electric Only), Black FPV, Black MR, Durable FPV",0.12954,0.127,3,,air
APC_CATALOG_202602,APC Propellers,BD5.1x5.0E-B4,APC:BD5.1X5E-B4,APC designation normalized: whitespace/case unified; diameter and pitch retained in inches,APC,"Multi Rotor (Electric Only), Bundle (2 CW & 2 CCW), FPV Racing / Freestyle, Black FPV, Black MR, Durable FPV",0.12954,0.127,2,,air
APC_CATALOG_202602,APC Propellers,BD5x3.7E-3-B4,APC:BD5X3.7E-3-B4,APC designation normalized: whitespace/case unified; diameter and pitch retained in inches,APC,"Bundle (2 CW & 2 CCW), FPV Racing / Freestyle, 3 Bladed (Electric Only), Black FPV, Black MR, Durable FPV",0.127,0.09398,3,,air
APC_CATALOG_202602,APC Propellers,BD5x4E-3-B4,APC:BD5X4E-3-B4,APC designation normalized: whitespace/case unified; diameter and pitch retained in inches,APC,"Bundle (2 CW & 2 CCW), FPV Racing / Freestyle, 3 Bladed (Electric Only), Black FPV, Black MR, Durable FPV",0.127,0.1016,3,,air
APC_CATALOG_202602,APC Propellers,BD5x4E-4-B4,APC:BD5X4E-4-B4,APC designation normalized: whitespace/case unified; diameter and pitch retained in inches,APC,"Bundle (2 CW & 2 CCW), FPV Racing / Freestyle, Black FPV, 4 Bladed (Electric Only), Black MR, Durable FPV",0.127,0.1016,4,,air
APC_CATALOG_202602,APC Propellers,BD6x4.2E-3-B4,APC:BD6X4.2E-3-B4,APC designation normalized: whitespace/case unified; diameter and pitch retained in inches,APC,"Bundle (2 CW & 2 CCW), FPV Racing / Freestyle, 3 Bladed (Electric Only), Black FPV, Black MR, Durable FPV",0.15239999999999998,0.10668,3,,air
APC_CATALOG_202602,APC Propellers,BD8x3.7SFR,APC:BD8X3.7SFR,APC designation normalized: whitespace/case unified; diameter and pitch retained in inches,APC,"Indoor 3D, Reversible ESC (Slow Fly)",0.2032,0.09398,2,,air
APC_CATALOG_202602,APC Propellers,BD9x3.9SFR,APC:BD9X3.9SFR,APC designation normalized: whitespace/case unified; diameter and pitch retained in inches,APC,"Indoor 3D, Reversible ESC (Slow Fly)",0.2286,0.09906,2,,air
APC_CATALOG_202602,APC Propellers,O9x6E,APC:O9X6E,APC designation normalized: whitespace/case unified; diameter and pitch retained in inches,APC,Thin Electric,0.2286,0.15239999999999998,2,,air
APC_PE0_202602,APC Propellers,105x45,APC:10.5X4.5,APC prediction filename matched compacted APC catalog designation,APC,"Free Flight, Sport",0.2667,0.1143,2,,air
APC_PE0_202602,APC Propellers,105x6,APC:10.5X6,APC prediction filename matched compacted APC catalog designation,APC,Sport,0.2667,0.15239999999999998,2,,air
APC_PE0_202602,APC Propellers,10x10,APC:10X10,APC prediction filename matched compacted APC catalog designation,APC,Sport,0.254,0.254,2,,air
APC_PE0_202602,APC Propellers,10x10E,APC:10X10E,APC prediction filename matched compacted APC catalog designation,APC,Thin Electric,0.254,0.254,2,,air
APC_PE0_202602,APC Propellers,10x10M-JK,APC:10X10M-JK,APC prediction filename matched compacted APC catalog designation,APC,Marine,0.254,0.254,2,,air
APC_PE0_202602,APC Propellers,10x12WE,APC:10X12WE,APC prediction filename matched compacted APC catalog designation,APC,Thin Electric,0.254,0.30479999999999996,2,,air
APC_PE0_202602,APC Propellers,10x14EP,APC:10X14EP,APC prediction filename matched compacted APC catalog designation,APC,"Thin Electric, Electric Reverse Rotation (Left Hand Rotation)",0.254,0.35559999999999997,2,CW,air
APC_PE0_202602,APC Propellers,10x14M-LH,APC:10X14M-LH,APC prediction filename matched compacted APC catalog designation,APC,Marine,0.254,0.35559999999999997,2,CW,air
APC_PE0_202602,APC Propellers,10x3,APC:10X3,APC prediction filename matched compacted APC catalog designation,APC,Sport,0.254,0.07619999999999999,2,,air
APC_PE0_202602,APC Propellers,10x38MRF-RH,APC:10X3.8MRF-RH,APC prediction filename matched compacted APC catalog designation,APC,"Multi Rotor (Electric Only), MR Folding",0.254,0.09652,2,CCW,air
APC_PE0_202602,APC Propellers,10x38SF,APC:10X3.8SF,APC prediction filename matched compacted APC catalog designation,APC,"Multi Rotor (Electric Only), Slow Fly (Electric Only)",0.254,0.09652,2,,air
APC_PE0_202602,APC Propellers,10x4,APC:10X4,APC prediction filename matched compacted APC catalog designation,APC,Sport,0.254,0.1016,2,,air
APC_PE0_202602,APC Propellers,10x45MR,APC:10X4.5MR,APC prediction filename matched compacted APC catalog designation,APC,Multi Rotor (Electric Only),0.254,0.1143,2,,air
APC_PE0_202602,APC Propellers,10x45MRF-RH,APC:10X4.5MRF-RH,APC prediction filename matched compacted APC catalog designation,APC,"Multi Rotor (Electric Only), MR Folding",0.254,0.1143,2,CCW,air
APC_PE0_202602,APC Propellers,10x46SF,APC:10X4.6SF,APC prediction filename matched compacted APC catalog designation,APC,Indoor 3D,0.254,0.11683999999999999,2,,air
APC_PE0_202602,APC Propellers,10x47SF,APC:10X4.7SF,APC prediction filename matched compacted APC catalog designation,APC,"Multi Rotor (Electric Only), Slow Fly (Electric Only)",0.254,0.11938,2,,air
APC_PE0_202602,APC Propellers,10x4M-LH,APC:10X4M-LH,APC prediction filename matched compacted APC catalog designation,APC,Marine,0.254,0.1016,2,CW,air
APC_PE0_202602,APC Propellers,10x5,APC:10X5,APC prediction filename matched compacted APC catalog designation,APC,Sport,0.254,0.127,2,,air
APC_PE0_202602,APC Propellers,10x55MR,APC:10X5.5MR,APC prediction filename matched compacted APC catalog designation,APC,Multi Rotor (Electric Only),0.254,0.1397,2,,air
APC_PE0_202602,APC Propellers,10x58EP(F2B),APC:10X5.8EP(F2B),APC prediction filename matched compacted APC catalog designation,APC,"Thin Electric, Electric Reverse Rotation (Left Hand Rotation), Control Line (Electric Only)",0.254,0.14731999999999998,2,,air
APC_PE0_202602,APC Propellers,10x5E,APC:10X5E,APC prediction filename matched compacted APC catalog designation,APC,Thin Electric,0.254,0.127,2,,air
APC_PE0_202602,APC Propellers,10x5M-LH,APC:10X5M-LH,APC prediction filename matched compacted APC catalog designation,APC,Marine,0.254,0.127,2,CW,air
APC_PE0_202602,APC Propellers,10x6,APC:10X6,APC prediction filename matched compacted APC catalog designation,APC,Sport,0.254,0.15239999999999998,2,,air
APC_PE0_202602,APC Propellers,10x6-4,APC:10X6-4,APC prediction filename matched compacted APC catalog designation,APC,"Sport, 4 Bladed (for IC Engines)",0.254,0.15239999999999998,4,,air
APC_PE0_202602,APC Propellers,10x6E,APC:10X6E,APC prediction filename matched compacted APC catalog designation,APC,Thin Electric,0.254,0.15239999999999998,2,,air
APC_PE0_202602,APC Propellers,10x6F,APC:10X6F,APC prediction filename matched compacted APC catalog designation,APC,Folding (Electric Only),0.254,0.15239999999999998,2,,air
APC_PE0_202602,APC Propellers,10x7,APC:10X7,APC prediction filename matched compacted APC catalog designation,APC,Sport,0.254,0.17779999999999999,2,,air
APC_PE0_202602,APC Propellers,10x7E,APC:10X7E,APC prediction filename matched compacted APC catalog designation,APC,Thin Electric,0.254,0.17779999999999999,2,,air
APC_PE0_202602,APC Propellers,10x7SF,APC:10X7SF,APC prediction filename matched compacted APC catalog designation,APC,Slow Fly (Electric Only),0.254,0.17779999999999999,2,,air
APC_PE0_202602,APC Propellers,10x8,APC:10X8,APC prediction filename matched compacted APC catalog designation,APC,Sport,0.254,0.2032,2,,air
APC_PE0_202602,APC Propellers,10x8E,APC:10X8E,APC prediction filename matched compacted APC catalog designation,APC,Thin Electric,0.254,0.2032,2,,air
APC_PE0_202602,APC Propellers,10x8M-LH,APC:10X8M-LH,APC prediction filename matched compacted APC catalog designation,APC,Marine,0.254,0.2032,2,CW,air
APC_PE0_202602,APC Propellers,10x9,APC:10X9,APC prediction filename matched compacted APC catalog designation,APC,Sport,0.254,0.2286,2,,air
APC_PE0_202602,APC Propellers,115x4,APC:11.5X4,APC prediction filename matched compacted APC catalog designation,APC,"Sport, Control Line",0.29209999999999997,0.1016,2,,air
APC_PE0_202602,APC Propellers,115x6,APC:11.5X6,APC prediction filename matched compacted APC catalog designation,APC,"Sport, Control Line",0.29209999999999997,0.15239999999999998,2,,air
APC_PE0_202602,APC Propellers,11x10,APC:11X10,APC prediction filename matched compacted APC catalog designation,APC,"Sport, Pattern",0.2794,0.254,2,,air
APC_PE0_202602,APC Propellers,11x10E,APC:11X10E,APC prediction filename matched compacted APC catalog designation,APC,Thin Electric,0.2794,0.254,2,,air
APC_PE0_202602,APC Propellers,11x11,APC:11X11,APC prediction filename matched compacted APC catalog designation,APC,"Sport, Pattern",0.2794,0.2794,2,,air
APC_PE0_202602,APC Propellers,11x12,APC:11X12,APC prediction filename matched compacted APC catalog designation,APC,"Sport, Pattern",0.2794,0.30479999999999996,2,,air
APC_PE0_202602,APC Propellers,11x12E,APC:11X12E,APC prediction filename matched compacted APC catalog designation,APC,Thin Electric,0.2794,0.30479999999999996,2,,air
APC_PE0_202602,APC Propellers,11x12W,APC:11X12W,APC prediction filename matched compacted APC catalog designation,APC,Sport,0.2794,0.30479999999999996,2,,air
APC_PE0_202602,APC Propellers,11x13,APC:11X13,APC prediction filename matched compacted APC catalog designation,APC,"Sport, Pattern",0.2794,0.3302,2,,air
APC_PE0_202602,APC Propellers,11x13EP,APC:11X13EP,APC prediction filename matched compacted APC catalog designation,APC,"Thin Electric, Electric Reverse Rotation (Left Hand Rotation)",0.2794,0.3302,2,CW,air
APC_PE0_202602,APC Propellers,11x14,APC:11X14,APC prediction filename matched compacted APC catalog designation,APC,"Sport, Pattern",0.2794,0.35559999999999997,2,,air
APC_PE0_202602,APC Propellers,11x3,APC:11X3,APC prediction filename matched compacted APC catalog designation,APC,Sport,0.2794,0.07619999999999999,2,,air
APC_PE0_202602,APC Propellers,11x38SF,APC:11X3.8SF,APC prediction filename matched compacted APC catalog designation,APC,"Multi Rotor (Electric Only), Slow Fly (Electric Only)",0.2794,0.09652,2,,air
APC_PE0_202602,APC Propellers,11x4,APC:11X4,APC prediction filename matched compacted APC catalog designation,APC,Sport,0.2794,0.1016,2,,air
APC_PE0_202602,APC Propellers,11x45EP,APC:11X4.5EP,APC prediction filename matched compacted APC catalog designation,APC,"Thin Electric, Electric Reverse Rotation (Left Hand Rotation), Control Line (Electric Only)",0.2794,0.1143,2,CW,air
APC_PE0_202602,APC Propellers,11x45MR,APC:11X4.5MR,APC prediction filename matched compacted APC catalog designation,APC,Multi Rotor (Electric Only),0.2794,0.1143,2,,air
APC_PE0_202602,APC Propellers,11x46SF,APC:11X4.6SF,APC prediction filename matched compacted APC catalog designation,APC,Indoor 3D,0.2794,0.11683999999999999,2,,air
APC_PE0_202602,APC Propellers,11x47SF,APC:11X4.7SF,APC prediction filename matched compacted APC catalog designation,APC,"Multi Rotor (Electric Only), Slow Fly (Electric Only)",0.2794,0.11938,2,,air
APC_PE0_202602,APC Propellers,11x5,APC:11X5,APC prediction filename matched compacted APC catalog designation,APC,Sport,0.2794,0.127,2,,air
APC_PE0_202602,APC Propellers,11x55E,APC:11X5.5E,APC prediction filename matched compacted APC catalog designation,APC,Thin Electric,0.2794,0.1397,2,,air
APC_PE0_202602,APC Propellers,11x55MR,APC:11X5.5MR,APC prediction filename matched compacted APC catalog designation,APC,Multi Rotor (Electric Only),0.2794,0.1397,2,,air
APC_PE0_202602,APC Propellers,11x55R-RH,APC:11X5.5R-RH,APC prediction filename matched compacted APC catalog designation,APC,"Thin Electric, Reversible ESC",0.2794,0.1397,2,CCW,air
APC_PE0_202602,APC Propellers,11x6,APC:11X6,APC prediction filename matched compacted APC catalog designation,APC,Sport,0.2794,0.15239999999999998,2,,air
APC_PE0_202602,APC Propellers,11x6-4,APC:11X6-4,APC prediction filename matched compacted APC catalog designation,APC,"Sport, 4 Bladed (for IC Engines)",0.2794,0.15239999999999998,4,,air
APC_PE0_202602,APC Propellers,11x6M-LH,APC:11X6M-LH,APC prediction filename matched compacted APC catalog designation,APC,Marine,0.2794,0.15239999999999998,2,CW,air
APC_PE0_202602,APC Propellers,11x7,APC:11X7,APC prediction filename matched compacted APC catalog designation,APC,Sport,0.2794,0.17779999999999999,2,,air
APC_PE0_202602,APC Propellers,11x7E,APC:11X7E,APC prediction filename matched compacted APC catalog designation,APC,Thin Electric,0.2794,0.17779999999999999,2,,air
APC_PE0_202602,APC Propellers,11x7E-3,APC:11X7E-3,APC prediction filename matched compacted APC catalog designation,APC,"Thin Electric, 3 Bladed (Electric Only)",0.2794,0.17779999999999999,3,,air
APC_PE0_202602,APC Propellers,11x7SF,APC:11X7SF,APC prediction filename matched compacted APC catalog designation,APC,"Multi Rotor (Electric Only), Slow Fly (Electric Only)",0.2794,0.17779999999999999,2,,air
APC_PE0_202602,APC Propellers,11x8,APC:11X8,APC prediction filename matched compacted APC catalog designation,APC,Sport,0.2794,0.2032,2,,air
APC_PE0_202602,APC Propellers,11x85E,APC:11X8.5E,APC prediction filename matched compacted APC catalog designation,APC,Thin Electric,0.2794,0.21589999999999998,2,,air
APC_PE0_202602,APC Propellers,11x8E,APC:11X8E,APC prediction filename matched compacted APC catalog designation,APC,Thin Electric,0.2794,0.2032,2,,air
APC_PE0_202602,APC Propellers,11x8F,APC:11X8F,APC prediction filename matched compacted APC catalog designation,APC,Folding (Electric Only),0.2794,0.2032,2,,air
APC_PE0_202602,APC Propellers,11x9,APC:11X9,APC prediction filename matched compacted APC catalog designation,APC,Sport,0.2794,0.2286,2,,air
APC_PE0_202602,APC Propellers,11x9-4,APC:11X9-4,APC prediction filename matched compacted APC catalog designation,APC,"Sport, 4 Bladed (for IC Engines)",0.2794,0.2286,4,,air
APC_PE0_202602,APC Propellers,1225x375,APC:12.25X3.75,APC prediction filename matched compacted APC catalog designation,APC,"Sport, Control Line",0.31115,0.09525,2,,air
APC_PE0_202602,APC Propellers,125x10,APC:12.5X10,APC prediction filename matched compacted APC catalog designation,APC,"Sport, Pattern",0.3175,0.254,2,,air
APC_PE0_202602,APC Propellers,125x6,APC:12.5X6,APC prediction filename matched compacted APC catalog designation,APC,Sport,0.3175,0.15239999999999998,2,,air
APC_PE0_202602,APC Propellers,12x10,APC:12X10,APC prediction filename matched compacted APC catalog designation,APC,"Sport, Pattern",0.30479999999999996,0.254,2,,air
APC_PE0_202602,APC Propellers,12x10E,APC:12X10E,APC prediction filename matched compacted APC catalog designation,APC,Thin Electric,0.30479999999999996,0.254,2,,air
APC_PE0_202602,APC Propellers,12x10W,APC:12X10W,APC prediction filename matched compacted APC catalog designation,APC,"Sport, Pattern",0.30479999999999996,0.254,2,,air
APC_PE0_202602,APC Propellers,12x11,APC:12X11,APC prediction filename matched compacted APC catalog designation,APC,"Sport, Pattern",0.30479999999999996,0.2794,2,,air
APC_PE0_202602,APC Propellers,12x12,APC:12X12,APC prediction filename matched compacted APC catalog designation,APC,"Sport, Pattern",0.30479999999999996,0.30479999999999996,2,,air
APC_PE0_202602,APC Propellers,12x12E,APC:12X12E,APC prediction filename matched compacted APC catalog designation,APC,Thin Electric,0.30479999999999996,0.30479999999999996,2,,air
APC_PE0_202602,APC Propellers,12x12N,APC:12X12N,APC prediction filename matched compacted APC catalog designation,APC,"Sport, Pattern, Warbird Racing",0.30479999999999996,0.30479999999999996,2,,air
APC_PE0_202602,APC Propellers,12x13,APC:12X13,APC prediction filename matched compacted APC catalog designation,APC,"Sport, Pattern",0.30479999999999996,0.3302,2,,air
APC_PE0_202602,APC Propellers,12x13N,APC:12X13N,APC prediction filename matched compacted APC catalog designation,APC,"Sport, Pattern",0.30479999999999996,0.3302,2,,air
APC_PE0_202602,APC Propellers,12x14,APC:12X14,APC prediction filename matched compacted APC catalog designation,APC,"Sport, Pattern",0.30479999999999996,0.35559999999999997,2,,air
APC_PE0_202602,APC Propellers,12x38SF,APC:12X3.8SF,APC prediction filename matched compacted APC catalog designation,APC,"Multi Rotor (Electric Only), Slow Fly (Electric Only)",0.30479999999999996,0.09652,2,,air
APC_PE0_202602,APC Propellers,12x4,APC:12X4,APC prediction filename matched compacted APC catalog designation,APC,Sport,0.30479999999999996,0.1016,2,,air
APC_PE0_202602,APC Propellers,12x45MR,APC:12X4.5MR,APC prediction filename matched compacted APC catalog designation,APC,Multi Rotor (Electric Only),0.30479999999999996,0.1143,2,,air
APC_PE0_202602,APC Propellers,12x45MRF-RH,APC:12X4.5MRF-RH,APC compact prediction filename decoded heuristically; no catalog alias,APC,APC,0.30479999999999996,0.1143,2,CCW,air
APC_PE0_202602,APC Propellers,12x47SF,APC:12X4.7SF,APC prediction filename matched compacted APC catalog designation,APC,"Multi Rotor (Electric Only), Slow Fly (Electric Only)",0.30479999999999996,0.11938,2,,air
APC_PE0_202602,APC Propellers,12x5,APC:12X5,APC prediction filename matched compacted APC catalog designation,APC,Sport,0.30479999999999996,0.127,2,,air
APC_PE0_202602,APC Propellers,12x55MR,APC:12X5.5MR,APC prediction filename matched compacted APC catalog designation,APC,Multi Rotor (Electric Only),0.30479999999999996,0.1397,2,,air
APC_PE0_202602,APC Propellers,12x58SF,APC:12X5.8SF,APC prediction filename matched compacted APC catalog designation,APC,Indoor 3D,0.30479999999999996,0.14731999999999998,2,,air
APC_PE0_202602,APC Propellers,12x6,APC:12X6,APC prediction filename matched compacted APC catalog designation,APC,Sport,0.30479999999999996,0.15239999999999998,2,,air
APC_PE0_202602,APC Propellers,12x6E,APC:12X6E,APC prediction filename matched compacted APC catalog designation,APC,Thin Electric,0.30479999999999996,0.15239999999999998,2,,air
APC_PE0_202602,APC Propellers,12x6EP(F2B),APC:12X6EP(F2B),APC prediction filename matched compacted APC catalog designation,APC,"Thin Electric, Electric Reverse Rotation (Left Hand Rotation), Control Line (Electric Only)",0.30479999999999996,0.15239999999999998,2,,air
APC_PE0_202602,APC Propellers,12x6SF,APC:12X6SF,APC prediction filename matched compacted APC catalog designation,APC,Slow Fly (Electric Only),0.30479999999999996,0.15239999999999998,2,,air
APC_PE0_202602,APC Propellers,12x7,APC:12X7,APC prediction filename matched compacted APC catalog designation,APC,Sport,0.30479999999999996,0.17779999999999999,2,,air
APC_PE0_202602,APC Propellers,12x7E-3,APC:12X7E-3,APC prediction filename matched compacted APC catalog designation,APC,"Thin Electric, 3 Bladed (Electric Only)",0.30479999999999996,0.17779999999999999,3,,air
APC_PE0_202602,APC Propellers,12x8,APC:12X8,APC prediction filename matched compacted APC catalog designation,APC,Sport,0.30479999999999996,0.2032,2,,air
APC_PE0_202602,APC Propellers,12x85F,APC:12X8.5F,APC prediction filename matched compacted APC catalog designation,APC,Folding (Electric Only),0.30479999999999996,0.21589999999999998,2,,air
APC_PE0_202602,APC Propellers,12x8E,APC:12X8E,APC prediction filename matched compacted APC catalog designation,APC,Thin Electric,0.30479999999999996,0.2032,2,,air
APC_PE0_202602,APC Propellers,12x8SF,APC:12X8SF,APC prediction filename matched compacted APC catalog designation,APC,Slow Fly (Electric Only),0.30479999999999996,0.2032,2,,air
APC_PE0_202602,APC Propellers,12x9,APC:12X9,APC prediction filename matched compacted APC catalog designation,APC,"Sport, Pattern",0.30479999999999996,0.2286,2,,air
APC_PE0_202602,APC Propellers,12x9W,APC:12X9W,APC prediction filename matched compacted APC catalog designation,APC,"Sport, Pattern",0.30479999999999996,0.2286,2,,air
APC_PE0_202602,APC Propellers,135x10,APC:13.5X10,APC prediction filename matched compacted APC catalog designation,APC,"Sport, Pattern",0.3429,0.254,2,,air
APC_PE0_202602,APC Propellers,135x135,APC:13.5X13.5,APC prediction filename matched compacted APC catalog designation,APC,"Sport, Pattern, Warbird Racing",0.3429,0.3429,2,,air
APC_PE0_202602,APC Propellers,135x14,APC:13.5X14,APC prediction filename matched compacted APC catalog designation,APC,"Sport, Pattern, Warbird Racing",0.3429,0.35559999999999997,2,,air
APC_PE0_202602,APC Propellers,135x9,APC:13.5X9,APC prediction filename matched compacted APC catalog designation,APC,"Sport, Pattern",0.3429,0.2286,2,,air
APC_PE0_202602,APC Propellers,13x10,APC:13X10,APC prediction filename matched compacted APC catalog designation,APC,"Sport, Pattern",0.3302,0.254,2,,air
APC_PE0_202602,APC Propellers,13x10E,APC:13X10E,APC prediction filename matched compacted APC catalog designation,APC,Thin Electric,0.3302,0.254,2,,air
APC_PE0_202602,APC Propellers,13x10F,APC:13X10F,APC prediction filename matched compacted APC catalog designation,APC,Folding (Electric Only),0.3302,0.254,2,,air
APC_PE0_202602,APC Propellers,13x11,APC:13X11,APC prediction filename matched compacted APC catalog designation,APC,"Sport, Pattern, Warbird Racing",0.3302,0.2794,2,,air
APC_PE0_202602,APC Propellers,13x135N,APC:13X13.5N,APC prediction filename matched compacted APC catalog designation,APC,"Sport, Pattern, Warbird Racing",0.3302,0.3429,2,,air
APC_PE0_202602,APC Propellers,13x13N,APC:13X13N,APC prediction filename matched compacted APC catalog designation,APC,"Sport, Pattern, Warbird Racing",0.3302,0.3302,2,,air
APC_PE0_202602,APC Propellers,13x14,APC:13X14,APC prediction filename matched compacted APC catalog designation,APC,"Sport, Warbird Racing",0.3302,0.35559999999999997,2,,air
APC_PE0_202602,APC Propellers,13x4,APC:13X4,APC prediction filename matched compacted APC catalog designation,APC,Sport,0.3302,0.1016,2,,air
APC_PE0_202602,APC Propellers,13x45EP,APC:13X4.5EP,APC prediction filename matched compacted APC catalog designation,APC,"Thin Electric, Electric Reverse Rotation (Left Hand Rotation), Control Line (Electric Only)",0.3302,0.1143,2,CW,air
APC_PE0_202602,APC Propellers,13x45EP(F2B),APC:13X4.5EP(F2B),APC prediction filename matched compacted APC catalog designation,APC,"Thin Electric, Electric Reverse Rotation (Left Hand Rotation), Control Line (Electric Only)",0.3302,0.1143,2,,air
APC_PE0_202602,APC Propellers,13x45MR,APC:13X4.5MR,APC prediction filename matched compacted APC catalog designation,APC,Multi Rotor (Electric Only),0.3302,0.1143,2,,air
APC_PE0_202602,APC Propellers,13x47SF,APC:13X4.7SF,APC prediction filename matched compacted APC catalog designation,APC,"Multi Rotor (Electric Only), Slow Fly (Electric Only)",0.3302,0.11938,2,,air
APC_PE0_202602,APC Propellers,13x4E,APC:13X4E,APC prediction filename matched compacted APC catalog designation,APC,Thin Electric,0.3302,0.1016,2,,air
APC_PE0_202602,APC Propellers,13x4W,APC:13X4W,APC prediction filename matched compacted APC catalog designation,APC,"Sport, 3D Fun Fly",0.3302,0.1016,2,,air
APC_PE0_202602,APC Propellers,13x55E,APC:13X5.5E,APC prediction filename matched compacted APC catalog designation,APC,Thin Electric,0.3302,0.1397,2,,air
APC_PE0_202602,APC Propellers,13x55MR,APC:13X5.5MR,APC prediction filename matched compacted APC catalog designation,APC,Multi Rotor (Electric Only),0.3302,0.1397,2,,air
APC_PE0_202602,APC Propellers,13x55MRF-RH,APC:13X5.5MRF-RH,APC compact prediction filename decoded heuristically; no catalog alias,APC,APC,0.3302,0.1397,2,CCW,air
APC_PE0_202602,APC Propellers,13x6,APC:13X6,APC prediction filename matched compacted APC catalog designation,APC,Sport,0.3302,0.15239999999999998,2,,air
APC_PE0_202602,APC Propellers,13x65E,APC:13X6.5E,APC prediction filename matched compacted APC catalog designation,APC,Thin Electric,0.3302,0.1651,2,,air
APC_PE0_202602,APC Propellers,13x65E(F2B),APC:13X6.5E(F2B),APC prediction filename matched compacted APC catalog designation,APC,"Thin Electric, Control Line (Electric Only)",0.3302,0.1651,2,,air
APC_PE0_202602,APC Propellers,13x7,APC:13X7,APC prediction filename matched compacted APC catalog designation,APC,Sport,0.3302,0.17779999999999999,2,,air
APC_PE0_202602,APC Propellers,13x7F,APC:13X7F,APC prediction filename matched compacted APC catalog designation,APC,Folding (Electric Only),0.3302,0.17779999999999999,2,,air
APC_PE0_202602,APC Propellers,13x8,APC:13X8,APC prediction filename matched compacted APC catalog designation,APC,Sport,0.3302,0.2032,2,,air
APC_PE0_202602,APC Propellers,13x8E,APC:13X8E,APC prediction filename matched compacted APC catalog designation,APC,Thin Electric,0.3302,0.2032,2,,air
APC_PE0_202602,APC Propellers,13x9,APC:13X9,APC prediction filename matched compacted APC catalog designation,APC,"Sport, Pattern",0.3302,0.2286,2,,air
APC_PE0_202602,APC Propellers,14x10,APC:14X10,APC prediction filename matched compacted APC catalog designation,APC,Sport,0.35559999999999997,0.254,2,,air
APC_PE0_202602,APC Propellers,14x10E,APC:14X10E,APC prediction filename matched compacted APC catalog designation,APC,Thin Electric,0.35559999999999997,0.254,2,,air
APC_PE0_202602,APC Propellers,14x10F,APC:14X10F,APC prediction filename matched compacted APC catalog designation,APC,Folding (Electric Only),0.35559999999999997,0.254,2,,air
APC_PE0_202602,APC Propellers,14x11,APC:14X11,APC prediction filename matched compacted APC catalog designation,APC,"Sport, Pattern, Warbird Racing",0.35559999999999997,0.2794,2,,air
APC_PE0_202602,APC Propellers,14x12,APC:14X12,APC prediction filename matched compacted APC catalog designation,APC,"Sport, Pattern",0.35559999999999997,0.30479999999999996,2,,air
APC_PE0_202602,APC Propellers,14x12E,APC:14X12E,APC prediction filename matched compacted APC catalog designation,APC,Thin Electric,0.35559999999999997,0.30479999999999996,2,,air
APC_PE0_202602,APC Propellers,14x12N,APC:14X12N,APC prediction filename matched compacted APC catalog designation,APC,"Sport, Pattern",0.35559999999999997,0.30479999999999996,2,,air
APC_PE0_202602,APC Propellers,14x13,APC:14X13,APC prediction filename matched compacted APC catalog designation,APC,"Sport, Pattern",0.35559999999999997,0.3302,2,,air
APC_PE0_202602,APC Propellers,14x135,APC:14X13.5,APC prediction filename matched compacted APC catalog designation,APC,"Sport, Pattern",0.35559999999999997,0.3429,2,,air
APC_PE0_202602,APC Propellers,14x13M,APC:14X13M,APC prediction filename matched compacted APC catalog designation,APC,Marine,0.35559999999999997,0.3302,2,,air
APC_PE0_202602,APC Propellers,14x13N,APC:14X13N,APC prediction filename matched compacted APC catalog designation,APC,"Sport, Pattern, Warbird Racing",0.35559999999999997,0.3302,2,,air
APC_PE0_202602,APC Propellers,14x14,APC:14X14,APC prediction filename matched compacted APC catalog designation,APC,"Sport, Pattern",0.35559999999999997,0.35559999999999997,2,,air
APC_PE0_202602,APC Propellers,14x14E,APC:14X14E,APC prediction filename matched compacted APC catalog designation,APC,Thin Electric,0.35559999999999997,0.35559999999999997,2,,air
APC_PE0_202602,APC Propellers,14x14N,APC:14X14N,APC prediction filename matched compacted APC catalog designation,APC,"Sport, Pattern, Warbird Racing",0.35559999999999997,0.35559999999999997,2,,air
APC_PE0_202602,APC Propellers,14x17M,APC:14X17M,APC prediction filename matched compacted APC catalog designation,APC,Marine,0.35559999999999997,0.43179999999999996,2,,air
APC_PE0_202602,APC Propellers,14x47SF,APC:14X4.7SF,APC prediction filename matched compacted APC catalog designation,APC,"Multi Rotor (Electric Only), Slow Fly (Electric Only)",0.35559999999999997,0.11938,2,,air
APC_PE0_202602,APC Propellers,14x4W,APC:14X4W,APC prediction filename matched compacted APC catalog designation,APC,"Sport, 3D Fun Fly",0.35559999999999997,0.1016,2,,air
APC_PE0_202602,APC Propellers,14x55MR,APC:14X5.5MR,APC prediction filename matched compacted APC catalog designation,APC,Multi Rotor (Electric Only),0.35559999999999997,0.1397,2,,air
APC_PE0_202602,APC Propellers,14x5N,APC:14X5N,APC prediction filename matched compacted APC catalog designation,APC,Sport,0.35559999999999997,0.127,2,,air
APC_PE0_202602,APC Propellers,14x6,APC:14X6,APC prediction filename matched compacted APC catalog designation,APC,Sport,0.35559999999999997,0.15239999999999998,2,,air
APC_PE0_202602,APC Propellers,14x6E,APC:14X6E,APC prediction filename matched compacted APC catalog designation,APC,Thin Electric,0.35559999999999997,0.15239999999999998,2,,air
APC_PE0_202602,APC Propellers,14x7,APC:14X7,APC prediction filename matched compacted APC catalog designation,APC,Sport,0.35559999999999997,0.17779999999999999,2,,air
APC_PE0_202602,APC Propellers,14x7E,APC:14X7E,APC prediction filename matched compacted APC catalog designation,APC,Thin Electric,0.35559999999999997,0.17779999999999999,2,,air
APC_PE0_202602,APC Propellers,14x8,APC:14X8,APC prediction filename matched compacted APC catalog designation,APC,Sport,0.35559999999999997,0.2032,2,,air
APC_PE0_202602,APC Propellers,14x85E,APC:14X8.5E,APC prediction filename matched compacted APC catalog designation,APC,Thin Electric,0.35559999999999997,0.21589999999999998,2,,air
APC_PE0_202602,APC Propellers,155x12-4,APC:15.5X12-4,APC prediction filename matched compacted APC catalog designation,APC,"Sport, Pattern, 4 Bladed (for IC Engines)",0.3937,0.30479999999999996,4,,air
APC_PE0_202602,APC Propellers,1575x13-3,APC:15.75X13-3,APC prediction filename matched compacted APC catalog designation,APC,"Sport, Pattern, 3 Bladed (for IC Engines)",0.40004999999999996,0.3302,3,,air
APC_PE0_202602,APC Propellers,15x10,APC:15X10,APC prediction filename matched compacted APC catalog designation,APC,"Sport, Pattern",0.381,0.254,2,,air
APC_PE0_202602,APC Propellers,15x10E,APC:15X10E,APC prediction filename matched compacted APC catalog designation,APC,Thin Electric,0.381,0.254,2,,air
APC_PE0_202602,APC Propellers,15x11,APC:15X11,APC prediction filename matched compacted APC catalog designation,APC,"Sport, Pattern",0.381,0.2794,2,,air
APC_PE0_202602,APC Propellers,15x12,APC:15X12,APC prediction filename matched compacted APC catalog designation,APC,"Sport, Pattern",0.381,0.30479999999999996,2,,air
APC_PE0_202602,APC Propellers,15x12E,APC:15X12E,APC compact prediction filename decoded heuristically; no catalog alias,APC,APC,0.381,0.30479999999999996,2,,air
APC_PE0_202602,APC Propellers,15x135-3,APC:15X13.5-3,APC prediction filename matched compacted APC catalog designation,APC,"Sport, Pattern, 3 Bladed (for IC Engines)",0.381,0.3429,3,,air
APC_PE0_202602,APC Propellers,15x4E,APC:15X4E,APC prediction filename matched compacted APC catalog designation,APC,Thin Electric,0.381,0.1016,2,,air
APC_PE0_202602,APC Propellers,15x4W,APC:15X4W,APC prediction filename matched compacted APC catalog designation,APC,"Sport, 3D Fun Fly",0.381,0.1016,2,,air
APC_PE0_202602,APC Propellers,15x55MR,APC:15X5.5MR,APC prediction filename matched compacted APC catalog designation,APC,Multi Rotor (Electric Only),0.381,0.1397,2,,air
APC_PE0_202602,APC Propellers,15x6,APC:15X6,APC prediction filename matched compacted APC catalog designation,APC,Sport,0.381,0.15239999999999998,2,,air
APC_PE0_202602,APC Propellers,15x6E,APC:15X6E,APC prediction filename matched compacted APC catalog designation,APC,Thin Electric,0.381,0.15239999999999998,2,,air
APC_PE0_202602,APC Propellers,15x7,APC:15X7,APC prediction filename matched compacted APC catalog designation,APC,Sport,0.381,0.17779999999999999,2,,air
APC_PE0_202602,APC Propellers,15x7E,APC:15X7E,APC prediction filename matched compacted APC catalog designation,APC,Thin Electric,0.381,0.17779999999999999,2,,air
APC_PE0_202602,APC Propellers,15x8,APC:15X8,APC prediction filename matched compacted APC catalog designation,APC,"Sport, Pattern",0.381,0.2032,2,,air
APC_PE0_202602,APC Propellers,15x8E,APC:15X8E,APC prediction filename matched compacted APC catalog designation,APC,Thin Electric,0.381,0.2032,2,,air
APC_PE0_202602,APC Propellers,16x10,APC:16X10,APC prediction filename matched compacted APC catalog designation,APC,"Sport, Pattern",0.4064,0.254,2,,air
APC_PE0_202602,APC Propellers,16x10E,APC:16X10E,APC prediction filename matched compacted APC catalog designation,APC,Thin Electric,0.4064,0.254,2,,air
APC_PE0_202602,APC Propellers,16x12,APC:16X12,APC prediction filename matched compacted APC catalog designation,APC,"Sport, Pattern",0.4064,0.30479999999999996,2,,air
APC_PE0_202602,APC Propellers,16x12E,APC:16X12E,APC prediction filename matched compacted APC catalog designation,APC,Thin Electric,0.4064,0.30479999999999996,2,,air
APC_PE0_202602,APC Propellers,16x13,APC:16X13,APC prediction filename matched compacted APC catalog designation,APC,"Sport, Pattern",0.4064,0.3302,2,,air
APC_PE0_202602,APC Propellers,16x14,APC:16X14,APC prediction filename matched compacted APC catalog designation,APC,"Sport, Pattern",0.4064,0.35559999999999997,2,,air
APC_PE0_202602,APC Propellers,16x16,APC:16X16,APC prediction filename matched compacted APC catalog designation,APC,"Sport, Pattern",0.4064,0.4064,2,,air
APC_PE0_202602,APC Propellers,16x4E,APC:16X4E,APC prediction filename matched compacted APC catalog designation,APC,Thin Electric,0.4064,0.1016,2,,air
APC_PE0_202602,APC Propellers,16x4W,APC:16X4W,APC prediction filename matched compacted APC catalog designation,APC,"Sport, 3D Fun Fly",0.4064,0.1016,2,,air
APC_PE0_202602,APC Propellers,16x55MR,APC:16X5.5MR,APC prediction filename matched compacted APC catalog designation,APC,Multi Rotor (Electric Only),0.4064,0.1397,2,,air
APC_PE0_202602,APC Propellers,16x6,APC:16X6,APC prediction filename matched compacted APC catalog designation,APC,Sport,0.4064,0.15239999999999998,2,,air
APC_PE0_202602,APC Propellers,16x6E,APC:16X6E,APC prediction filename matched compacted APC catalog designation,APC,Thin Electric,0.4064,0.15239999999999998,2,,air
APC_PE0_202602,APC Propellers,16x7,APC:16X7,APC prediction filename matched compacted APC catalog designation,APC,Sport,0.4064,0.17779999999999999,2,,air
APC_PE0_202602,APC Propellers,16x7E(3D),APC:16X7E(3D),APC prediction filename matched compacted APC catalog designation,APC,Thin Electric,0.4064,0.17779999999999999,2,,air
APC_PE0_202602,APC Propellers,16x8,APC:16X8,APC prediction filename matched compacted APC catalog designation,APC,"Sport, Pattern",0.4064,0.2032,2,,air
APC_PE0_202602,APC Propellers,16x8E,APC:16X8E,APC prediction filename matched compacted APC catalog designation,APC,Thin Electric,0.4064,0.2032,2,,air
APC_PE0_202602,APC Propellers,17x10,APC:17X10,APC prediction filename matched compacted APC catalog designation,APC,"Sport, Pattern",0.43179999999999996,0.254,2,,air
APC_PE0_202602,APC Propellers,17x10E,APC:17X10E,APC prediction filename matched compacted APC catalog designation,APC,Thin Electric,0.43179999999999996,0.254,2,,air
APC_PE0_202602,APC Propellers,17x10N,APC:17X10N,APC prediction filename matched compacted APC catalog designation,APC,"Sport, Pattern",0.43179999999999996,0.254,2,,air
APC_PE0_202602,APC Propellers,17x10WE,APC:17X10WE,APC prediction filename matched compacted APC catalog designation,APC,Thin Electric,0.43179999999999996,0.254,2,,air
APC_PE0_202602,APC Propellers,17x12E,APC:17X12E,APC prediction filename matched compacted APC catalog designation,APC,Thin Electric,0.43179999999999996,0.30479999999999996,2,,air
APC_PE0_202602,APC Propellers,17x12W,APC:17X12W,APC prediction filename matched compacted APC catalog designation,APC,"Sport, Pattern",0.43179999999999996,0.30479999999999996,2,,air
APC_PE0_202602,APC Propellers,17x13,APC:17X13,APC prediction filename matched compacted APC catalog designation,APC,"Sport, Pattern",0.43179999999999996,0.3302,2,,air
APC_PE0_202602,APC Propellers,17x4W,APC:17X4W,APC prediction filename matched compacted APC catalog designation,APC,"Sport, 3D Fun Fly",0.43179999999999996,0.1016,2,,air
APC_PE0_202602,APC Propellers,17x6,APC:17X6,APC prediction filename matched compacted APC catalog designation,APC,"Sport, IMAC Aerobatic",0.43179999999999996,0.15239999999999998,2,,air
APC_PE0_202602,APC Propellers,17x6E,APC:17X6E,APC prediction filename matched compacted APC catalog designation,APC,Thin Electric,0.43179999999999996,0.15239999999999998,2,,air
APC_PE0_202602,APC Propellers,17x7E,APC:17X7E,APC prediction filename matched compacted APC catalog designation,APC,Thin Electric,0.43179999999999996,0.17779999999999999,2,,air
APC_PE0_202602,APC Propellers,17x8,APC:17X8,APC prediction filename matched compacted APC catalog designation,APC,"Sport, Pattern",0.43179999999999996,0.2032,2,,air
APC_PE0_202602,APC Propellers,17x8E,APC:17X8E,APC prediction filename matched compacted APC catalog designation,APC,Thin Electric,0.43179999999999996,0.2032,2,,air
APC_PE0_202602,APC Propellers,17x8N,APC:17X8N,APC prediction filename matched compacted APC catalog designation,APC,"Sport, Pattern",0.43179999999999996,0.2032,2,,air
APC_PE0_202602,APC Propellers,181x10,APC:18.1X10,APC prediction filename matched compacted APC catalog designation,APC,Pattern,0.45974000000000004,0.254,2,,air
APC_PE0_202602,APC Propellers,181x12,APC:18.1X12,APC prediction filename matched compacted APC catalog designation,APC,Pattern,0.45974000000000004,0.30479999999999996,2,,air
APC_PE0_202602,APC Propellers,18x10,APC:18X10,APC prediction filename matched compacted APC catalog designation,APC,Sport,0.4572,0.254,2,,air
APC_PE0_202602,APC Propellers,18x10E,APC:18X10E,APC prediction filename matched compacted APC catalog designation,APC,Thin Electric,0.4572,0.254,2,,air
APC_PE0_202602,APC Propellers,18x12,APC:18X12,APC prediction filename matched compacted APC catalog designation,APC,Sport,0.4572,0.30479999999999996,2,,air
APC_PE0_202602,APC Propellers,18x12E,APC:18X12E,APC prediction filename matched compacted APC catalog designation,APC,Thin Electric,0.4572,0.30479999999999996,2,,air
APC_PE0_202602,APC Propellers,18x12WE,APC:18X12WE,APC prediction filename matched compacted APC catalog designation,APC,Thin Electric,0.4572,0.30479999999999996,2,,air
APC_PE0_202602,APC Propellers,18x14,APC:18X14,APC prediction filename matched compacted APC catalog designation,APC,Sport,0.4572,0.35559999999999997,2,,air
APC_PE0_202602,APC Propellers,18x55MR,APC:18X5.5MR,APC prediction filename matched compacted APC catalog designation,APC,Multi Rotor (Electric Only),0.4572,0.1397,2,,air
APC_PE0_202602,APC Propellers,18x6W,APC:18X6W,APC prediction filename matched compacted APC catalog designation,APC,"Sport, 3D Fun Fly",0.4572,0.15239999999999998,2,,air
APC_PE0_202602,APC Propellers,18x7WP,APC:18X7WP,APC prediction filename matched compacted APC catalog designation,APC,"Sport, Pusher (for IC Engines)",0.4572,0.17779999999999999,2,CW,air
APC_PE0_202602,APC Propellers,18x8,APC:18X8,APC prediction filename matched compacted APC catalog designation,APC,Sport,0.4572,0.2032,2,,air
APC_PE0_202602,APC Propellers,18x8E,APC:18X8E,APC prediction filename matched compacted APC catalog designation,APC,Thin Electric,0.4572,0.2032,2,,air
APC_PE0_202602,APC Propellers,18x8W,APC:18X8W,APC prediction filename matched compacted APC catalog designation,APC,"Sport, IMAC Aerobatic",0.4572,0.2032,2,,air
APC_PE0_202602,APC Propellers,19x10E,APC:19X10E,APC prediction filename matched compacted APC catalog designation,APC,Thin Electric,0.4826,0.254,2,,air
APC_PE0_202602,APC Propellers,19x11,APC:19X11,APC prediction filename matched compacted APC catalog designation,APC,"Sport, Pattern",0.4826,0.2794,2,,air
APC_PE0_202602,APC Propellers,19x12E,APC:19X12E,APC prediction filename matched compacted APC catalog designation,APC,Thin Electric,0.4826,0.30479999999999996,2,,air
APC_PE0_202602,APC Propellers,19x12WE,APC:19X12WE,APC prediction filename matched compacted APC catalog designation,APC,Thin Electric,0.4826,0.30479999999999996,2,,air
APC_PE0_202602,APC Propellers,19x8E,APC:19X8E,APC prediction filename matched compacted APC catalog designation,APC,Thin Electric,0.4826,0.2032,2,,air
APC_PE0_202602,APC Propellers,19x8W,APC:19X8W,APC prediction filename matched compacted APC catalog designation,APC,"Sport, IMAC Aerobatic",0.4826,0.2032,2,,air
APC_PE0_202602,APC Propellers,205x105PN,APC:20.5X10.5PN,APC compact prediction filename decoded heuristically; no catalog alias,APC,APC,0.5206999999999999,0.2667,2,,air
APC_PE0_202602,APC Propellers,205x105WPN,APC:20.5X10.5WPN,APC compact prediction filename decoded heuristically; no catalog alias,APC,APC,0.5206999999999999,0.2667,2,,air
APC_PE0_202602,APC Propellers,205x10PN,APC:20.5X10PN,APC prediction filename matched compacted APC catalog designation,APC,Pattern,0.5206999999999999,0.254,2,,air
APC_PE0_202602,APC Propellers,205x12WE,APC:20.5X12WE,APC prediction filename matched compacted APC catalog designation,APC,Thin Electric,0.5206999999999999,0.30479999999999996,2,,air
APC_PE0_202602,APC Propellers,205x135EPN,APC:20.5X13.5EPN,APC prediction filename matched compacted APC catalog designation,APC,"Thin Electric, Pattern (Electric Only)",0.5206999999999999,0.3429,2,,air
APC_PE0_202602,APC Propellers,205x14E,APC:20.5X14E,APC prediction filename matched compacted APC catalog designation,APC,Thin Electric,0.5206999999999999,0.35559999999999997,2,,air
APC_PE0_202602,APC Propellers,205x14EPN,APC:20.5X14EPN,APC prediction filename matched compacted APC catalog designation,APC,"Thin Electric, Pattern (Electric Only)",0.5206999999999999,0.35559999999999997,2,,air
APC_PE0_202602,APC Propellers,205x205E(CD),APC:20.5X20.5E(CD),APC prediction filename matched compacted APC catalog designation,APC,Thin Electric,0.5206999999999999,0.5206999999999999,2,,air
APC_PE0_202602,APC Propellers,20x10,APC:20X10,APC prediction filename matched compacted APC catalog designation,APC,Sport,0.508,0.254,2,,air
APC_PE0_202602,APC Propellers,20x105PN,APC:20X10.5PN,APC prediction filename matched compacted APC catalog designation,APC,Pattern,0.508,0.2667,2,,air
APC_PE0_202602,APC Propellers,20x10E,APC:20X10E,APC prediction filename matched compacted APC catalog designation,APC,Thin Electric,0.508,0.254,2,,air
APC_PE0_202602,APC Propellers,20x10PN,APC:20X10PN,APC prediction filename matched compacted APC catalog designation,APC,Pattern,0.508,0.254,2,,air
APC_PE0_202602,APC Propellers,20x10W,APC:20X10W,APC prediction filename matched compacted APC catalog designation,APC,"Sport, IMAC Aerobatic",0.508,0.254,2,,air
APC_PE0_202602,APC Propellers,20x11E,APC:20X11E,APC prediction filename matched compacted APC catalog designation,APC,Thin Electric,0.508,0.2794,2,,air
APC_PE0_202602,APC Propellers,20x12,APC:20X12,APC prediction filename matched compacted APC catalog designation,APC,Sport,0.508,0.30479999999999996,2,,air
APC_PE0_202602,APC Propellers,20x12WE,APC:20X12WE,APC prediction filename matched compacted APC catalog designation,APC,Thin Electric,0.508,0.30479999999999996,2,,air
APC_PE0_202602,APC Propellers,20x13E,APC:20X13E,APC prediction filename matched compacted APC catalog designation,APC,"Thin Electric, Multi Rotor (Electric Only)",0.508,0.3302,2,,air
APC_PE0_202602,APC Propellers,20x14,APC:20X14,APC prediction filename matched compacted APC catalog designation,APC,Sport,0.508,0.35559999999999997,2,,air
APC_PE0_202602,APC Propellers,20x15(WCAR-T6),APC:20X15(WCAR-T6),APC prediction filename matched compacted APC catalog designation,APC,Giant Scale Racing,0.508,0.381,2,,air
APC_PE0_202602,APC Propellers,20x15C,APC:20X15C,APC prediction filename matched compacted APC catalog designation,APC,"Carbon Fiber, Giant Scale Racing",0.508,0.381,2,,air
APC_PE0_202602,APC Propellers,20x15E,APC:20X15E,APC prediction filename matched compacted APC catalog designation,APC,Thin Electric,0.508,0.381,2,,air
APC_PE0_202602,APC Propellers,20x18(F1-GT),APC:20X18(F1-GT),APC prediction filename matched compacted APC catalog designation,APC,"Sport, Giant Scale Racing",0.508,0.4572,2,,air
APC_PE0_202602,APC Propellers,20x225EP(CD),APC:20X22.5EP(CD),APC prediction filename matched compacted APC catalog designation,APC,"Thin Electric, Electric Reverse Rotation (Left Hand Rotation)",0.508,0.5715,2,,air
APC_PE0_202602,APC Propellers,20x8,APC:20X8,APC prediction filename matched compacted APC catalog designation,APC,Sport,0.508,0.2032,2,,air
APC_PE0_202602,APC Propellers,20x8E,APC:20X8E,APC prediction filename matched compacted APC catalog designation,APC,Thin Electric,0.508,0.2032,2,,air
APC_PE0_202602,APC Propellers,20x8W,APC:20X8W,APC prediction filename matched compacted APC catalog designation,APC,"Sport, IMAC Aerobatic",0.508,0.2032,2,,air
APC_PE0_202602,APC Propellers,215x105PN,APC:21.5X10.5PN,APC prediction filename matched compacted APC catalog designation,APC,Pattern,0.5461,0.2667,2,,air
APC_PE0_202602,APC Propellers,215x10WPN,APC:21.5X10WPN,APC compact prediction filename decoded heuristically; no catalog alias,APC,APC,0.5461,0.254,2,,air
APC_PE0_202602,APC Propellers,215x13EPN,APC:21.5X13EPN,APC compact prediction filename decoded heuristically; no catalog alias,APC,APC,0.5461,0.3302,2,,air
APC_PE0_202602,APC Propellers,21x105PN,APC:21X10.5PN,APC prediction filename matched compacted APC catalog designation,APC,Pattern,0.5334,0.2667,2,,air
APC_PE0_202602,APC Propellers,21x10PN,APC:21X10PN,APC prediction filename matched compacted APC catalog designation,APC,Pattern,0.5334,0.254,2,,air
APC_PE0_202602,APC Propellers,21x10W,APC:21X10W,APC prediction filename matched compacted APC catalog designation,APC,"Sport, IMAC Aerobatic",0.5334,0.254,2,,air
APC_PE0_202602,APC Propellers,21x12WE,APC:21X12WE,APC prediction filename matched compacted APC catalog designation,APC,Thin Electric,0.5334,0.30479999999999996,2,,air
APC_PE0_202602,APC Propellers,21x135EPN,APC:21X13.5EPN,APC compact prediction filename decoded heuristically; no catalog alias,APC,APC,0.5334,0.3429,2,,air
APC_PE0_202602,APC Propellers,21x13E,APC:21X13E,APC prediction filename matched compacted APC catalog designation,APC,Thin Electric,0.5334,0.3302,2,,air
APC_PE0_202602,APC Propellers,21x13WE,APC:21X13WE,APC prediction filename matched compacted APC catalog designation,APC,Thin Electric,0.5334,0.3302,2,,air
APC_PE0_202602,APC Propellers,22x10,APC:22X10,APC prediction filename matched compacted APC catalog designation,APC,"Sport, Giant Scale Racing",0.5588,0.254,2,,air
APC_PE0_202602,APC Propellers,22x10E,APC:22X10E,APC prediction filename matched compacted APC catalog designation,APC,Thin Electric,0.5588,0.254,2,,air
APC_PE0_202602,APC Propellers,22x12E,APC:22X12E,APC prediction filename matched compacted APC catalog designation,APC,Thin Electric,0.5588,0.30479999999999996,2,,air
APC_PE0_202602,APC Propellers,22x12WE,APC:22X12WE,APC prediction filename matched compacted APC catalog designation,APC,Thin Electric,0.5588,0.30479999999999996,2,,air
APC_PE0_202602,APC Propellers,22x13EPN,APC:22X13EPN,APC compact prediction filename decoded heuristically; no catalog alias,APC,APC,0.5588,0.3302,2,,air
APC_PE0_202602,APC Propellers,22x8,APC:22X8,APC prediction filename matched compacted APC catalog designation,APC,"Sport, Giant Scale Racing",0.5588,0.2032,2,,air
APC_PE0_202602,APC Propellers,24x12E,APC:24X12E,APC prediction filename matched compacted APC catalog designation,APC,Thin Electric,0.6095999999999999,0.30479999999999996,2,,air
APC_PE0_202602,APC Propellers,25x125E,APC:25X12.5E,APC prediction filename matched compacted APC catalog designation,APC,Thin Electric,0.635,0.3175,2,,air
APC_PE0_202602,APC Propellers,26x13E,APC:26X13E,APC prediction filename matched compacted APC catalog designation,APC,Thin Electric,0.6604,0.3302,2,,air
APC_PE0_202602,APC Propellers,26x15E,APC:26X15E,APC prediction filename matched compacted APC catalog designation,APC,Thin Electric,0.6604,0.381,2,,air
APC_PE0_202602,APC Propellers,27x13E,APC:27X13E,APC prediction filename matched compacted APC catalog designation,APC,"Thin Electric, Multi Rotor (Electric Only)",0.6858,0.3302,2,,air
APC_PE0_202602,APC Propellers,28x20-4,APC:28X20-4,APC compact prediction filename decoded heuristically; no catalog alias,APC,APC,0.7111999999999999,0.508,4,,air
APC_PE0_202602,APC Propellers,41x41E,APC:4.1X4.1E,APC prediction filename matched compacted APC catalog designation,APC,"Multi Rotor (Electric Only), Speed 400 (Electric Only)",0.10413999999999998,0.10413999999999998,2,,air
APC_PE0_202602,APC Propellers,42x2,APC:4.2X2,APC prediction filename matched compacted APC catalog designation,APC,Sport,0.10668,0.0508,2,,air
APC_PE0_202602,APC Propellers,42x4,APC:4.2X4,APC prediction filename matched compacted APC catalog designation,APC,"Free Flight, Sport",0.10668,0.1016,2,,air
APC_PE0_202602,APC Propellers,44x4,APC:4.4X4,APC prediction filename matched compacted APC catalog designation,APC,"Free Flight, Sport",0.11176,0.1016,2,,air
APC_PE0_202602,APC Propellers,45x35,APC:4.5X3.5,APC prediction filename matched compacted APC catalog designation,APC,"Pylon Combat, 1/2A Pylon Combat",0.1143,0.08889999999999999,2,,air
APC_PE0_202602,APC Propellers,45x4,APC:4.5X4,APC prediction filename matched compacted APC catalog designation,APC,"Pylon Combat, 1/2A Pylon Combat",0.1143,0.1016,2,,air
APC_PE0_202602,APC Propellers,45x41E,APC:4.5X4.1E,APC prediction filename matched compacted APC catalog designation,APC,Speed 400 (Electric Only),0.1143,0.10413999999999998,2,,air
APC_PE0_202602,APC Propellers,46x3,APC:4.6X3,APC prediction filename matched compacted APC catalog designation,APC,"Pylon Combat, 1/2A Pylon Combat",0.11683999999999999,0.07619999999999999,2,,air
APC_PE0_202602,APC Propellers,475x4,APC:4.75X4,APC prediction filename matched compacted APC catalog designation,APC,"Pylon Combat, 1/2A Pylon Combat",0.12065,0.1016,2,,air
APC_PE0_202602,APC Propellers,475x45E,APC:4.75X4.5E,APC prediction filename matched compacted APC catalog designation,APC,Speed 400 (Electric Only),0.12065,0.1143,2,,air
APC_PE0_202602,APC Propellers,475x475E,APC:4.75X4.75E,APC prediction filename matched compacted APC catalog designation,APC,"Multi Rotor (Electric Only), Speed 400 (Electric Only)",0.12065,0.12065,2,,air
APC_PE0_202602,APC Propellers,475x55E,APC:4.75X5.5E,APC prediction filename matched compacted APC catalog designation,APC,Speed 400 (Electric Only),0.12065,0.1397,2,,air
APC_PE0_202602,APC Propellers,47x42E,APC:4.7X4.2E,APC prediction filename matched compacted APC catalog designation,APC,Speed 400 (Electric Only),0.11938,0.10668,2,,air
APC_PE0_202602,APC Propellers,4x33E,APC:4X3.3E,APC compact prediction filename decoded heuristically; no catalog alias,APC,APC,0.1016,0.08381999999999999,2,,air
APC_PE0_202602,APC Propellers,4x45E,APC:4X4.5E,APC compact prediction filename decoded heuristically; no catalog alias,APC,APC,0.1016,0.1143,2,,air
APC_PE0_202602,APC Propellers,4x4E-3,APC:4X4E-3,APC compact prediction filename decoded heuristically; no catalog alias,APC,APC,0.1016,0.1016,3,,air
APC_PE0_202602,APC Propellers,51x45E,APC:5.1X4.5E,APC prediction filename matched compacted APC catalog designation,APC,Thin Electric,0.12954,0.1143,2,,air
APC_PE0_202602,APC Propellers,51x50E,APC:51X5E,APC compact prediction filename decoded heuristically; no catalog alias,APC,APC,1.2953999999999999,0.127,2,,air
APC_PE0_202602,APC Propellers,51x50E-3,APC:51X5E-3,APC compact prediction filename decoded heuristically; no catalog alias,APC,APC,1.2953999999999999,0.127,3,,air
APC_PE0_202602,APC Propellers,525x475E,APC:5.25X4.75E,APC prediction filename matched compacted APC catalog designation,APC,Speed 400 (Electric Only),0.13335,0.12065,2,,air
APC_PE0_202602,APC Propellers,525x55E,APC:5.25X5.5E,APC prediction filename matched compacted APC catalog designation,APC,Speed 400 (Electric Only),0.13335,0.1397,2,,air
APC_PE0_202602,APC Propellers,525x625E,APC:5.25X6.25E,APC prediction filename matched compacted APC catalog designation,APC,Speed 400 (Electric Only),0.13335,0.15875,2,,air
APC_PE0_202602,APC Propellers,525x8E,APC:5.25X8E,APC prediction filename matched compacted APC catalog designation,APC,"Multi Rotor (Electric Only), FPV Racing / Freestyle, Speed 400 (Electric Only)",0.13335,0.2032,2,,air
APC_PE0_202602,APC Propellers,52x60E,APC:52X6E,APC compact prediction filename decoded heuristically; no catalog alias,APC,APC,1.3208,0.15239999999999998,2,,air
APC_PE0_202602,APC Propellers,53x59E,APC:5.3X5.9E,APC prediction filename matched compacted APC catalog designation,APC,Speed 400 (Electric Only),0.13462,0.14986,2,,air
APC_PE0_202602,APC Propellers,55x2,APC:5.5X2,APC prediction filename matched compacted APC catalog designation,APC,"Free Flight, Sport",0.1397,0.0508,2,,air
APC_PE0_202602,APC Propellers,55x25,APC:5.5X2.5,APC prediction filename matched compacted APC catalog designation,APC,"Free Flight, Sport",0.1397,0.0635,2,,air
APC_PE0_202602,APC Propellers,55x45E,APC:5.5X4.5E,APC prediction filename matched compacted APC catalog designation,APC,"Multi Rotor (Electric Only), FPV Racing / Freestyle, Speed 400 (Electric Only)",0.1397,0.1143,2,,air
APC_PE0_202602,APC Propellers,55x47E,APC:5.5X4.7E,APC prediction filename matched compacted APC catalog designation,APC,"Thin Electric, Speed 400 (Electric Only)",0.1397,0.11938,2,,air
APC_PE0_202602,APC Propellers,55x65E,APC:5.5X6.5E,APC prediction filename matched compacted APC catalog designation,APC,Speed 400 (Electric Only),0.1397,0.1651,2,,air
APC_PE0_202602,APC Propellers,55x70,APC:5.5X7,APC prediction filename matched compacted APC catalog designation,APC,Pylon Racing,0.1397,0.17779999999999999,2,,air
APC_PE0_202602,APC Propellers,57x3,APC:5.7X3,APC prediction filename matched compacted APC catalog designation,APC,"Free Flight, Sport",0.14478,0.07619999999999999,2,,air
APC_PE0_202602,APC Propellers,5x11E,APC:5X11E,APC prediction filename matched compacted APC catalog designation,APC,"Multi Rotor (Electric Only), FPV Racing / Freestyle, Speed 400 (Electric Only)",0.127,0.2794,2,,air
APC_PE0_202602,APC Propellers,5x3,APC:5X3,APC prediction filename matched compacted APC catalog designation,APC,"Free Flight, Sport",0.127,0.07619999999999999,2,,air
APC_PE0_202602,APC Propellers,5x37E-3,APC:5X3.7E-3,APC compact prediction filename decoded heuristically; no catalog alias,APC,APC,0.127,0.09398,3,,air
APC_PE0_202602,APC Propellers,5x3E,APC:5X3E,APC prediction filename matched compacted APC catalog designation,APC,"Thin Electric, Multi Rotor (Electric Only)",0.127,0.07619999999999999,2,,air
APC_PE0_202602,APC Propellers,5x41SF,APC:5X4.1SF,APC prediction filename matched compacted APC catalog designation,APC,Indoor 3D,0.127,0.10413999999999998,2,,air
APC_PE0_202602,APC Propellers,5x43E,APC:5X4.3E,APC compact prediction filename decoded heuristically; no catalog alias,APC,APC,0.127,0.10922,2,,air
APC_PE0_202602,APC Propellers,5x45E,APC:5X4.5E,APC compact prediction filename decoded heuristically; no catalog alias,APC,APC,0.127,0.1143,2,,air
APC_PE0_202602,APC Propellers,5x46E,APC:5X4.6E,APC compact prediction filename decoded heuristically; no catalog alias,APC,APC,0.127,0.11683999999999999,2,,air
APC_PE0_202602,APC Propellers,5x4E-3,APC:5X4E-3,APC compact prediction filename decoded heuristically; no catalog alias,APC,APC,0.127,0.1016,3,,air
APC_PE0_202602,APC Propellers,5x4E-4,APC:5X4E-4,APC compact prediction filename decoded heuristically; no catalog alias,APC,APC,0.127,0.1016,4,,air
APC_PE0_202602,APC Propellers,5x4R-RH,APC:5X4R-RH,APC prediction filename matched compacted APC catalog designation,APC,"Multi Rotor (Electric Only), 3D - Reversible ESC",0.127,0.1016,2,CCW,air
APC_PE0_202602,APC Propellers,5x5E,APC:5X5E,APC prediction filename matched compacted APC catalog designation,APC,"Multi Rotor (Electric Only), FPV Racing / Freestyle, Speed 400 (Electric Only)",0.127,0.127,2,,air
APC_PE0_202602,APC Propellers,5x5F,APC:5X5F,APC prediction filename matched compacted APC catalog designation,APC,Folding (Electric Only),0.127,0.127,2,,air
APC_PE0_202602,APC Propellers,5x75E,APC:5X7.5E,APC prediction filename matched compacted APC catalog designation,APC,"Multi Rotor (Electric Only), FPV Racing / Freestyle, Speed 400 (Electric Only)",0.127,0.1905,2,,air
APC_PE0_202602,APC Propellers,63x4,APC:6.3X4,APC prediction filename matched compacted APC catalog designation,APC,Pylon Combat,0.16002,0.1016,2,,air
APC_PE0_202602,APC Propellers,65x29,APC:6.5X2.9,APC prediction filename matched compacted APC catalog designation,APC,Free Flight,0.1651,0.07365999999999999,2,,air
APC_PE0_202602,APC Propellers,65x37,APC:6.5X3.7,APC prediction filename matched compacted APC catalog designation,APC,Pylon Combat,0.1651,0.09398,2,,air
APC_PE0_202602,APC Propellers,65x50,APC:6.5X5,APC prediction filename matched compacted APC catalog designation,APC,Pylon Racing,0.1651,0.127,2,,air
APC_PE0_202602,APC Propellers,65x55,APC:6.5X5.5,APC prediction filename matched compacted APC catalog designation,APC,Pylon Racing,0.1651,0.1397,2,,air
APC_PE0_202602,APC Propellers,65x60,APC:6.5X6,APC prediction filename matched compacted APC catalog designation,APC,Pylon Racing,0.1651,0.15239999999999998,2,,air
APC_PE0_202602,APC Propellers,65x65,APC:6.5X6.5,APC prediction filename matched compacted APC catalog designation,APC,Pylon Racing,0.1651,0.1651,2,,air
APC_PE0_202602,APC Propellers,65x70,APC:6.5X7,APC prediction filename matched compacted APC catalog designation,APC,Pylon Racing,0.1651,0.17779999999999999,2,,air
APC_PE0_202602,APC Propellers,65x75,APC:6.5X7.5,APC prediction filename matched compacted APC catalog designation,APC,Pylon Racing,0.1651,0.1905,2,,air
APC_PE0_202602,APC Propellers,6x2,APC:6X2,APC prediction filename matched compacted APC catalog designation,APC,"Free Flight, Sport",0.15239999999999998,0.0508,2,,air
APC_PE0_202602,APC Propellers,6x3,APC:6X3,APC prediction filename matched compacted APC catalog designation,APC,"Free Flight, Sport",0.15239999999999998,0.07619999999999999,2,,air
APC_PE0_202602,APC Propellers,6x31SF,APC:6X3.1SF,APC prediction filename matched compacted APC catalog designation,APC,Indoor 3D,0.15239999999999998,0.07874,2,,air
APC_PE0_202602,APC Propellers,6x3F,APC:6X3F,APC prediction filename matched compacted APC catalog designation,APC,Folding (Electric Only),0.15239999999999998,0.07619999999999999,2,,air
APC_PE0_202602,APC Propellers,6x3R-RH,APC:6X3R-RH,APC prediction filename matched compacted APC catalog designation,APC,"Multi Rotor (Electric Only), 3D - Reversible ESC",0.15239999999999998,0.07619999999999999,2,CCW,air
APC_PE0_202602,APC Propellers,6x4,APC:6X4,APC prediction filename matched compacted APC catalog designation,APC,Sport,0.15239999999999998,0.1016,2,,air
APC_PE0_202602,APC Propellers,6x41SF,APC:6X4.1SF,APC prediction filename matched compacted APC catalog designation,APC,Indoor 3D,0.15239999999999998,0.10413999999999998,2,,air
APC_PE0_202602,APC Propellers,6x42E-3,APC:6X4.2E-3,APC compact prediction filename decoded heuristically; no catalog alias,APC,APC,0.15239999999999998,0.10668,3,,air
APC_PE0_202602,APC Propellers,6x45E,APC:6X4.5E,APC compact prediction filename decoded heuristically; no catalog alias,APC,APC,0.15239999999999998,0.1143,2,,air
APC_PE0_202602,APC Propellers,6x4E,APC:6X4E,APC prediction filename matched compacted APC catalog designation,APC,"Multi Rotor (Electric Only), FPV Racing / Freestyle, Speed 400 (Electric Only)",0.15239999999999998,0.1016,2,,air
APC_PE0_202602,APC Propellers,6x5,APC:6X5,APC prediction filename matched compacted APC catalog designation,APC,Sport,0.15239999999999998,0.127,2,,air
APC_PE0_202602,APC Propellers,6x55E,APC:6X5.5E,APC prediction filename matched compacted APC catalog designation,APC,Thin Electric,0.15239999999999998,0.1397,2,,air
APC_PE0_202602,APC Propellers,6x6E,APC:6X6E,APC prediction filename matched compacted APC catalog designation,APC,"Thin Electric, Multi Rotor (Electric Only), FPV Racing / Freestyle",0.15239999999999998,0.15239999999999998,2,,air
APC_PE0_202602,APC Propellers,74x75C,APC:7.4X7.5C,APC prediction filename matched compacted APC catalog designation,APC,"Carbon Fiber, AMA 422 (Q40)",0.18796,0.1905,2,,air
APC_PE0_202602,APC Propellers,74x76C,APC:7.4X7.6C,APC prediction filename matched compacted APC catalog designation,APC,"Carbon Fiber, AMA 422 (Q40)",0.18796,0.19304,2,,air
APC_PE0_202602,APC Propellers,74x77C,APC:7.4X7.7C,APC prediction filename matched compacted APC catalog designation,APC,"Carbon Fiber, AMA 422 (Q40)",0.18796,0.19558,2,,air
APC_PE0_202602,APC Propellers,78x4,APC:7.8X4,APC prediction filename matched compacted APC catalog designation,APC,"Free Flight, Pylon Combat",0.19812,0.1016,2,,air
APC_PE0_202602,APC Propellers,78x6,APC:7.8X6,APC prediction filename matched compacted APC catalog designation,APC,Pylon Combat,0.19812,0.15239999999999998,2,,air
APC_PE0_202602,APC Propellers,78x7,APC:7.8X7,APC prediction filename matched compacted APC catalog designation,APC,Pylon Combat,0.19812,0.17779999999999999,2,,air
APC_PE0_202602,APC Propellers,7x10,APC:7X10,APC prediction filename matched compacted APC catalog designation,APC,Sport,0.17779999999999999,0.254,2,,air
APC_PE0_202602,APC Propellers,7x11E,APC:7X11E,APC prediction filename matched compacted APC catalog designation,APC,"Thin Electric, Multi Rotor (Electric Only), FPV Racing / Freestyle",0.17779999999999999,0.2794,2,,air
APC_PE0_202602,APC Propellers,7x15E,APC:7X15E,APC prediction filename matched compacted APC catalog designation,APC,"Thin Electric, Multi Rotor (Electric Only), FPV Racing / Freestyle",0.17779999999999999,0.381,2,,air
APC_PE0_202602,APC Propellers,7x3,APC:7X3,APC prediction filename matched compacted APC catalog designation,APC,"Free Flight, Sport",0.17779999999999999,0.07619999999999999,2,,air
APC_PE0_202602,APC Propellers,7x38WSF,APC:7X3.8WSF,APC prediction filename matched compacted APC catalog designation,APC,Slow Fly (Electric Only),0.17779999999999999,0.09652,2,,air
APC_PE0_202602,APC Propellers,7x4,APC:7X4,APC prediction filename matched compacted APC catalog designation,APC,"Free Flight, Sport",0.17779999999999999,0.1016,2,,air
APC_PE0_202602,APC Propellers,7x41SF,APC:7X4.1SF,APC prediction filename matched compacted APC catalog designation,APC,Indoor 3D,0.17779999999999999,0.10413999999999998,2,,air
APC_PE0_202602,APC Propellers,7x4E,APC:7X4E,APC prediction filename matched compacted APC catalog designation,APC,"Thin Electric, Multi Rotor (Electric Only)",0.17779999999999999,0.1016,2,,air
APC_PE0_202602,APC Propellers,7x4F,APC:7X4F,APC prediction filename matched compacted APC catalog designation,APC,Folding (Electric Only),0.17779999999999999,0.1016,2,,air
APC_PE0_202602,APC Propellers,7x4SF,APC:7X4SF,APC prediction filename matched compacted APC catalog designation,APC,"Multi Rotor (Electric Only), Slow Fly (Electric Only)",0.17779999999999999,0.1016,2,,air
APC_PE0_202602,APC Propellers,7x5,APC:7X5,APC prediction filename matched compacted APC catalog designation,APC,Sport,0.17779999999999999,0.127,2,,air
APC_PE0_202602,APC Propellers,7x5E,APC:7X5E,APC prediction filename matched compacted APC catalog designation,APC,"Thin Electric, Multi Rotor (Electric Only)",0.17779999999999999,0.127,2,,air
APC_PE0_202602,APC Propellers,7x5SF,APC:7X5SF,APC prediction filename matched compacted APC catalog designation,APC,Slow Fly (Electric Only),0.17779999999999999,0.127,2,,air
APC_PE0_202602,APC Propellers,7x6,APC:7X6,APC prediction filename matched compacted APC catalog designation,APC,Sport,0.17779999999999999,0.15239999999999998,2,,air
APC_PE0_202602,APC Propellers,7x6E,APC:7X6E,APC prediction filename matched compacted APC catalog designation,APC,"Thin Electric, Multi Rotor (Electric Only)",0.17779999999999999,0.15239999999999998,2,,air
APC_PE0_202602,APC Propellers,7x6F,APC:7X6F,APC prediction filename matched compacted APC catalog designation,APC,Folding (Electric Only),0.17779999999999999,0.15239999999999998,2,,air
APC_PE0_202602,APC Propellers,7x6SF,APC:7X6SF,APC prediction filename matched compacted APC catalog designation,APC,Slow Fly (Electric Only),0.17779999999999999,0.15239999999999998,2,,air
APC_PE0_202602,APC Propellers,7x6W,APC:7X6W,APC prediction filename matched compacted APC catalog designation,APC,Pylon Racing,0.17779999999999999,0.15239999999999998,2,,air
APC_PE0_202602,APC Propellers,7x7,APC:7X7,APC prediction filename matched compacted APC catalog designation,APC,Sport,0.17779999999999999,0.17779999999999999,2,,air
APC_PE0_202602,APC Propellers,7x7E,APC:7X7E,APC prediction filename matched compacted APC catalog designation,APC,Thin Electric,0.17779999999999999,0.17779999999999999,2,,air
APC_PE0_202602,APC Propellers,7x8,APC:7X8,APC prediction filename matched compacted APC catalog designation,APC,Sport,0.17779999999999999,0.2032,2,,air
APC_PE0_202602,APC Propellers,7x9,APC:7X9,APC prediction filename matched compacted APC catalog designation,APC,Sport,0.17779999999999999,0.2286,2,,air
APC_PE0_202602,APC Propellers,7x9E,APC:7X9E,APC prediction filename matched compacted APC catalog designation,APC,"Thin Electric, Multi Rotor (Electric Only), FPV Racing / Freestyle",0.17779999999999999,0.2286,2,,air
APC_PE0_202602,APC Propellers,8625x375,APC:8.625X3.75,APC prediction filename matched compacted APC catalog designation,APC,Free Flight,0.219075,0.09525,2,,air
APC_PE0_202602,APC Propellers,875x50,APC:8.75X5,APC prediction filename matched compacted APC catalog designation,APC,Pylon Combat,0.22225,0.127,2,,air
APC_PE0_202602,APC Propellers,875x70N,APC:8.75X7N,APC prediction filename matched compacted APC catalog designation,APC,Pylon Racing,0.22225,0.17779999999999999,2,,air
APC_PE0_202602,APC Propellers,875x75N,APC:8.75X7.5N,APC prediction filename matched compacted APC catalog designation,APC,Pylon Racing,0.22225,0.1905,2,,air
APC_PE0_202602,APC Propellers,875x75NN,APC:8.75X7.5NN,APC prediction filename matched compacted APC catalog designation,APC,Pylon Racing,0.22225,0.1905,2,,air
APC_PE0_202602,APC Propellers,875x75W,APC:8.75X7.5W,APC prediction filename matched compacted APC catalog designation,APC,Pylon Racing,0.22225,0.1905,2,,air
APC_PE0_202602,APC Propellers,875x775NN,APC:8.75X7.75NN,APC prediction filename matched compacted APC catalog designation,APC,Pylon Racing,0.22225,0.19685,2,,air
APC_PE0_202602,APC Propellers,875x80NN,APC:8.75X8NN,APC prediction filename matched compacted APC catalog designation,APC,Pylon Racing,0.22225,0.2032,2,,air
APC_PE0_202602,APC Propellers,875x825NN,APC:8.75X8.25NN,APC prediction filename matched compacted APC catalog designation,APC,Pylon Racing,0.22225,0.20955,2,,air
APC_PE0_202602,APC Propellers,875x85N,APC:8.75X8.5N,APC prediction filename matched compacted APC catalog designation,APC,AMA 426 (Q500),0.22225,0.21589999999999998,2,,air
APC_PE0_202602,APC Propellers,875x875NN,APC:8.75X8.75NN,APC prediction filename matched compacted APC catalog designation,APC,Pylon Racing,0.22225,0.22225,2,,air
APC_PE0_202602,APC Propellers,875x875W,APC:8.75X8.75W,APC prediction filename matched compacted APC catalog designation,APC,Pylon Racing,0.22225,0.22225,2,,air
APC_PE0_202602,APC Propellers,875x90NN,APC:8.75X9NN,APC prediction filename matched compacted APC catalog designation,APC,Pylon Racing,0.22225,0.2286,2,,air
APC_PE0_202602,APC Propellers,875x90W,APC:8.75X9W,APC prediction filename matched compacted APC catalog designation,APC,Pylon Racing,0.22225,0.2286,2,,air
APC_PE0_202602,APC Propellers,875x925NN,APC:8.75X9.25NN,APC prediction filename matched compacted APC catalog designation,APC,Pylon Racing,0.22225,0.23495,2,,air
APC_PE0_202602,APC Propellers,875x925W,APC:8.75X9.25W,APC prediction filename matched compacted APC catalog designation,APC,Pylon Racing,0.22225,0.23495,2,,air
APC_PE0_202602,APC Propellers,88x85,APC:8.8X8.5,APC prediction filename matched compacted APC catalog designation,APC,Pylon Racing,0.22352,0.21589999999999998,2,,air
APC_PE0_202602,APC Propellers,88x875,APC:8.8X8.75,APC prediction filename matched compacted APC catalog designation,APC,AMA 426 (Q500),0.22352,0.22225,2,,air
APC_PE0_202602,APC Propellers,88x89,APC:8.8X8.9,APC prediction filename matched compacted APC catalog designation,APC,AMA 426 (Q500),0.22352,0.22606,2,,air
APC_PE0_202602,APC Propellers,88x90,APC:8.8X9,APC prediction filename matched compacted APC catalog designation,APC,AMA 426 (Q500),0.22352,0.2286,2,,air
APC_PE0_202602,APC Propellers,88x925,APC:8.8X9.25,APC prediction filename matched compacted APC catalog designation,APC,AMA 426 (Q500),0.22352,0.23495,2,,air
APC_PE0_202602,APC Propellers,88x95,APC:8.8X9.5,APC prediction filename matched compacted APC catalog designation,APC,Pylon Racing,0.22352,0.2413,2,,air
APC_PE0_202602,APC Propellers,88x975,APC:8.8X9.75,APC prediction filename matched compacted APC catalog designation,APC,Pylon Racing,0.22352,0.24764999999999998,2,,air
APC_PE0_202602,APC Propellers,8x10,APC:8X10,APC prediction filename matched compacted APC catalog designation,APC,Sport,0.2032,0.254,2,,air
APC_PE0_202602,APC Propellers,8x10E,APC:8X10E,APC prediction filename matched compacted APC catalog designation,APC,Thin Electric,0.2032,0.254,2,,air
APC_PE0_202602,APC Propellers,8x375,APC:8X3.75,APC prediction filename matched compacted APC catalog designation,APC,Free Flight,0.2032,0.09525,2,,air
APC_PE0_202602,APC Propellers,8x37SFR-PC,APC:8X3.7SFR-PC,APC compact prediction filename decoded heuristically; no catalog alias,APC,APC,0.2032,0.09398,2,,air
APC_PE0_202602,APC Propellers,8x38SF,APC:8X3.8SF,APC prediction filename matched compacted APC catalog designation,APC,"Multi Rotor (Electric Only), Slow Fly (Electric Only)",0.2032,0.09652,2,,air
APC_PE0_202602,APC Propellers,8x4,APC:8X4,APC prediction filename matched compacted APC catalog designation,APC,Sport,0.2032,0.1016,2,,air
APC_PE0_202602,APC Propellers,8x41SF,APC:8X4.1SF,APC prediction filename matched compacted APC catalog designation,APC,Indoor 3D,0.2032,0.10413999999999998,2,,air
APC_PE0_202602,APC Propellers,8x42SFR,APC:8X4.2SFR,APC prediction filename matched compacted APC catalog designation,APC,"Indoor 3D, Reversible ESC (Slow Fly)",0.2032,0.10668,2,,air
APC_PE0_202602,APC Propellers,8x45MR,APC:8X4.5MR,APC prediction filename matched compacted APC catalog designation,APC,Multi Rotor (Electric Only),0.2032,0.1143,2,,air
APC_PE0_202602,APC Propellers,8x47SF,APC:8X4.7SF,APC prediction filename matched compacted APC catalog designation,APC,"Multi Rotor (Electric Only), Slow Fly (Electric Only)",0.2032,0.11938,2,,air
APC_PE0_202602,APC Propellers,8x4E,APC:8X4E,APC prediction filename matched compacted APC catalog designation,APC,Thin Electric,0.2032,0.1016,2,,air
APC_PE0_202602,APC Propellers,8x4F,APC:8X4F,APC prediction filename matched compacted APC catalog designation,APC,Folding (Electric Only),0.2032,0.1016,2,,air
APC_PE0_202602,APC Propellers,8x5,APC:8X5,APC prediction filename matched compacted APC catalog designation,APC,Sport,0.2032,0.127,2,,air
APC_PE0_202602,APC Propellers,8x6,APC:8X6,APC prediction filename matched compacted APC catalog designation,APC,"Sport, Control Line",0.2032,0.15239999999999998,2,,air
APC_PE0_202602,APC Propellers,8x6E,APC:8X6E,APC prediction filename matched compacted APC catalog designation,APC,Thin Electric,0.2032,0.15239999999999998,2,,air
APC_PE0_202602,APC Propellers,8x6SF,APC:8X6SF,APC prediction filename matched compacted APC catalog designation,APC,Slow Fly (Electric Only),0.2032,0.15239999999999998,2,,air
APC_PE0_202602,APC Propellers,8x7,APC:8X7,APC prediction filename matched compacted APC catalog designation,APC,Sport,0.2032,0.17779999999999999,2,,air
APC_PE0_202602,APC Propellers,8x73,APC:8X7.3,APC prediction filename matched compacted APC catalog designation,APC,Pylon Racing,0.2032,0.18542,2,,air
APC_PE0_202602,APC Propellers,8x8,APC:8X8,APC prediction filename matched compacted APC catalog designation,APC,Sport,0.2032,0.2032,2,,air
APC_PE0_202602,APC Propellers,8x8E,APC:8X8E,APC prediction filename matched compacted APC catalog designation,APC,Thin Electric,0.2032,0.2032,2,,air
APC_PE0_202602,APC Propellers,8x9,APC:8X9,APC prediction filename matched compacted APC catalog designation,APC,Sport,0.2032,0.2286,2,,air
APC_PE0_202602,APC Propellers,925x60,APC:9.25X6,APC prediction filename matched compacted APC catalog designation,APC,Pylon Racing,0.23495,0.15239999999999998,2,,air
APC_PE0_202602,APC Propellers,93x3,APC:9.3X3,APC prediction filename matched compacted APC catalog designation,APC,Pylon Combat,0.23622,0.07619999999999999,2,,air
APC_PE0_202602,APC Propellers,95x45,APC:9.5X4.5,APC prediction filename matched compacted APC catalog designation,APC,"Free Flight, Sport",0.2413,0.1143,2,,air
APC_PE0_202602,APC Propellers,95x5MR,APC:95X5MR,APC compact prediction filename decoded heuristically; no catalog alias,APC,APC,2.413,0.127,2,,air
APC_PE0_202602,APC Propellers,95x6,APC:9.5X6,APC prediction filename matched compacted APC catalog designation,APC,Sport,0.2413,0.15239999999999998,2,,air
APC_PE0_202602,APC Propellers,95x75N,APC:9.5X7.5N,APC prediction filename matched compacted APC catalog designation,APC,Pylon Racing,0.2413,0.1905,2,,air
APC_PE0_202602,APC Propellers,95x7N,APC:9.5X7N,APC prediction filename matched compacted APC catalog designation,APC,Pylon Racing,0.2413,0.17779999999999999,2,,air
APC_PE0_202602,APC Propellers,9625x375N,APC:9.625X3.75N,APC prediction filename matched compacted APC catalog designation,APC,Free Flight,0.244475,0.09525,2,,air
APC_PE0_202602,APC Propellers,9x10,APC:9X10,APC prediction filename matched compacted APC catalog designation,APC,Sport,0.2286,0.254,2,,air
APC_PE0_202602,APC Propellers,9x3,APC:9X3,APC prediction filename matched compacted APC catalog designation,APC,"Sport, Pylon Combat",0.2286,0.07619999999999999,2,,air
APC_PE0_202602,APC Propellers,9x37SF,APC:9X3.7SF,APC prediction filename matched compacted APC catalog designation,APC,Indoor 3D,0.2286,0.09398,2,,air
APC_PE0_202602,APC Propellers,9x38SF,APC:9X3.8SF,APC prediction filename matched compacted APC catalog designation,APC,"Multi Rotor (Electric Only), Slow Fly (Electric Only)",0.2286,0.09652,2,,air
APC_PE0_202602,APC Propellers,9x39SFR-PC,APC:9X3.9SFR-PC,APC compact prediction filename decoded heuristically; no catalog alias,APC,APC,0.2286,0.09906,2,,air
APC_PE0_202602,APC Propellers,9x3N,APC:9X3N,APC prediction filename matched compacted APC catalog designation,APC,Pylon Combat,0.2286,0.07619999999999999,2,,air
APC_PE0_202602,APC Propellers,9x4,APC:9X4,APC prediction filename matched compacted APC catalog designation,APC,"Free Flight, Sport",0.2286,0.1016,2,,air
APC_PE0_202602,APC Propellers,9x41SF,APC:9X4.1SF,APC prediction filename matched compacted APC catalog designation,APC,Indoor 3D,0.2286,0.10413999999999998,2,,air
APC_PE0_202602,APC Propellers,9x44SFR,APC:9X4.4SFR,APC prediction filename matched compacted APC catalog designation,APC,"Indoor 3D, Reversible ESC (Slow Fly)",0.2286,0.11176,2,,air
APC_PE0_202602,APC Propellers,9x45E,APC:9X4.5E,APC prediction filename matched compacted APC catalog designation,APC,Thin Electric,0.2286,0.1143,2,,air
APC_PE0_202602,APC Propellers,9x45MR,APC:9X4.5MR,APC prediction filename matched compacted APC catalog designation,APC,Multi Rotor (Electric Only),0.2286,0.1143,2,,air
APC_PE0_202602,APC Propellers,9x45MRF-RH,APC:9X4.5MRF-RH,APC prediction filename matched compacted APC catalog designation,APC,"Multi Rotor (Electric Only), MR Folding",0.2286,0.1143,2,CCW,air
APC_PE0_202602,APC Propellers,9x45R-RH,APC:9X4.5R-RH,APC prediction filename matched compacted APC catalog designation,APC,"Multi Rotor (Electric Only), 3D - Reversible ESC",0.2286,0.1143,2,CCW,air
APC_PE0_202602,APC Propellers,9x46SF,APC:9X4.6SF,APC prediction filename matched compacted APC catalog designation,APC,Indoor 3D,0.2286,0.11683999999999999,2,,air
APC_PE0_202602,APC Propellers,9x47SF,APC:9X4.7SF,APC prediction filename matched compacted APC catalog designation,APC,"Multi Rotor (Electric Only), Slow Fly (Electric Only)",0.2286,0.11938,2,,air
APC_PE0_202602,APC Propellers,9x4M-LH,APC:9X4M-LH,APC prediction filename matched compacted APC catalog designation,APC,Marine,0.2286,0.1016,2,CW,air
APC_PE0_202602,APC Propellers,9x5,APC:9X5,APC prediction filename matched compacted APC catalog designation,APC,"Free Flight, Sport",0.2286,0.127,2,,air
APC_PE0_202602,APC Propellers,9x5F,APC:9X5F,APC prediction filename matched compacted APC catalog designation,APC,Folding (Electric Only),0.2286,0.127,2,,air
APC_PE0_202602,APC Propellers,9x5M-JK,APC:9X5M-JK,APC prediction filename matched compacted APC catalog designation,APC,Marine,0.2286,0.127,2,,air
APC_PE0_202602,APC Propellers,9x6,APC:9X6,APC prediction filename matched compacted APC catalog designation,APC,"Sport, AMA 424 (Sport Q500)",0.2286,0.15239999999999998,2,,air
APC_PE0_202602,APC Propellers,9x6-4,APC:9X6-4,APC prediction filename matched compacted APC catalog designation,APC,"Sport, 4 Bladed (for IC Engines)",0.2286,0.15239999999999998,4,,air
APC_PE0_202602,APC Propellers,9x65,APC:9X6.5,APC prediction filename matched compacted APC catalog designation,APC,Pylon Racing,0.2286,0.1651,2,,air
APC_PE0_202602,APC Propellers,9x6E,APC:9X6E,APC prediction filename matched compacted APC catalog designation,APC,Thin Electric,0.2286,0.15239999999999998,2,,air
APC_PE0_202602,APC Propellers,9x6N,APC:9X6N,APC prediction filename matched compacted APC catalog designation,APC,Control Line Racing,0.2286,0.15239999999999998,2,,air
APC_PE0_202602,APC Propellers,9x6SF,APC:9X6SF,APC prediction filename matched compacted APC catalog designation,APC,Slow Fly (Electric Only),0.2286,0.15239999999999998,2,,air
APC_PE0_202602,APC Propellers,9x7,APC:9X7,APC prediction filename matched compacted APC catalog designation,APC,Sport,0.2286,0.17779999999999999,2,,air
APC_PE0_202602,APC Propellers,9x75,APC:9X7.5,APC prediction filename matched compacted APC catalog designation,APC,Pylon Racing,0.2286,0.1905,2,,air
APC_PE0_202602,APC Propellers,9x75E,APC:9X7.5E,APC prediction filename matched compacted APC catalog designation,APC,Thin Electric,0.2286,0.1905,2,,air
APC_PE0_202602,APC Propellers,9x75SF,APC:9X7.5SF,APC prediction filename matched compacted APC catalog designation,APC,Slow Fly (Electric Only),0.2286,0.1905,2,,air
APC_PE0_202602,APC Propellers,9x8,APC:9X8,APC prediction filename matched compacted APC catalog designation,APC,Sport,0.2286,0.2032,2,,air
APC_PE0_202602,APC Propellers,9x85,APC:9X8.5,APC prediction filename matched compacted APC catalog designation,APC,Pylon Racing,0.2286,0.21589999999999998,2,,air
APC_PE0_202602,APC Propellers,9x8E-3,APC:9X8E-3,APC prediction filename matched compacted APC catalog designation,APC,"Thin Electric, 3 Bladed (Electric Only)",0.2286,0.2032,3,,air
APC_PE0_202602,APC Propellers,9x9,APC:9X9,APC prediction filename matched compacted APC catalog designation,APC,Sport,0.2286,0.2286,2,,air
APC_PE0_202602,APC Propellers,9x9E,APC:9X9E,APC prediction filename matched compacted APC catalog designation,APC,Thin Electric,0.2286,0.2286,2,,air
APC_PERFILES_202602,APC Propellers,105x45,APC:10.5X4.5,APC prediction filename matched compacted APC catalog designation,APC,"Free Flight, Sport",0.2667,0.1143,2,,air
APC_PERFILES_202602,APC Propellers,105x6,APC:10.5X6,APC prediction filename matched compacted APC catalog designation,APC,Sport,0.2667,0.15239999999999998,2,,air
APC_PERFILES_202602,APC Propellers,10x10,APC:10X10,APC prediction filename matched compacted APC catalog designation,APC,Sport,0.254,0.254,2,,air
APC_PERFILES_202602,APC Propellers,10x10E,APC:10X10E,APC prediction filename matched compacted APC catalog designation,APC,Thin Electric,0.254,0.254,2,,air
APC_PERFILES_202602,APC Propellers,10x10M-JK,APC:10X10M-JK,APC prediction filename matched compacted APC catalog designation; marine medium retained,APC,Marine,0.254,0.254,2,,air
APC_PERFILES_202602,APC Propellers,10x12WE,APC:10X12WE,APC prediction filename matched compacted APC catalog designation,APC,Thin Electric,0.254,0.30479999999999996,2,,air
APC_PERFILES_202602,APC Propellers,10x14EP,APC:10X14EP,APC prediction filename matched compacted APC catalog designation,APC,"Thin Electric, Electric Reverse Rotation (Left Hand Rotation)",0.254,0.35559999999999997,2,CW,air
APC_PERFILES_202602,APC Propellers,10x14M-LH,APC:10X14M-LH,APC prediction filename matched compacted APC catalog designation; marine medium retained,APC,Marine,0.254,0.35559999999999997,2,CW,air
APC_PERFILES_202602,APC Propellers,10x3,APC:10X3,APC prediction filename matched compacted APC catalog designation,APC,Sport,0.254,0.07619999999999999,2,,air
APC_PERFILES_202602,APC Propellers,10x38MRF-RH,APC:10X3.8MRF-RH,APC prediction filename matched compacted APC catalog designation,APC,"Multi Rotor (Electric Only), MR Folding",0.254,0.09652,2,CCW,air
APC_PERFILES_202602,APC Propellers,10x38SF,APC:10X3.8SF,APC prediction filename matched compacted APC catalog designation,APC,"Multi Rotor (Electric Only), Slow Fly (Electric Only)",0.254,0.09652,2,,air
APC_PERFILES_202602,APC Propellers,10x4,APC:10X4,APC prediction filename matched compacted APC catalog designation,APC,Sport,0.254,0.1016,2,,air
APC_PERFILES_202602,APC Propellers,10x45MR,APC:10X4.5MR,APC prediction filename matched compacted APC catalog designation,APC,Multi Rotor (Electric Only),0.254,0.1143,2,,air
APC_PERFILES_202602,APC Propellers,10x45MRF-RH,APC:10X4.5MRF-RH,APC prediction filename matched compacted APC catalog designation,APC,"Multi Rotor (Electric Only), MR Folding",0.254,0.1143,2,CCW,air
APC_PERFILES_202602,APC Propellers,10x46SF,APC:10X4.6SF,APC prediction filename matched compacted APC catalog designation,APC,Indoor 3D,0.254,0.11683999999999999,2,,air
APC_PERFILES_202602,APC Propellers,10x47SF,APC:10X4.7SF,APC prediction filename matched compacted APC catalog designation,APC,"Multi Rotor (Electric Only), Slow Fly (Electric Only)",0.254,0.11938,2,,air
APC_PERFILES_202602,APC Propellers,10x4M-LH,APC:10X4M-LH,APC prediction filename matched compacted APC catalog designation; marine medium retained,APC,Marine,0.254,0.1016,2,CW,air
APC_PERFILES_202602,APC Propellers,10x4P,APC:10X4P,APC prediction filename matched compacted APC catalog designation; marine medium retained,APC,"Sport, Pusher (for IC Engines), Marine",0.254,0.1016,2,CW,air
APC_PERFILES_202602,APC Propellers,10x5,APC:10X5,APC prediction filename matched compacted APC catalog designation,APC,Sport,0.254,0.127,2,,air
APC_PERFILES_202602,APC Propellers,10x55MR,APC:10X5.5MR,APC prediction filename matched compacted APC catalog designation,APC,Multi Rotor (Electric Only),0.254,0.1397,2,,air
APC_PERFILES_202602,APC Propellers,10x58EP(F2B),APC:10X5.8EP(F2B),APC prediction filename matched compacted APC catalog designation,APC,"Thin Electric, Electric Reverse Rotation (Left Hand Rotation), Control Line (Electric Only)",0.254,0.14731999999999998,2,,air
APC_PERFILES_202602,APC Propellers,10x5E,APC:10X5E,APC prediction filename matched compacted APC catalog designation,APC,Thin Electric,0.254,0.127,2,,air
APC_PERFILES_202602,APC Propellers,10x5M-LH,APC:10X5M-LH,APC prediction filename matched compacted APC catalog designation; marine medium retained,APC,Marine,0.254,0.127,2,CW,air
APC_PERFILES_202602,APC Propellers,10x6,APC:10X6,APC prediction filename matched compacted APC catalog designation,APC,Sport,0.254,0.15239999999999998,2,,air
APC_PERFILES_202602,APC Propellers,10x6-4,APC:10X6-4,APC prediction filename matched compacted APC catalog designation,APC,"Sport, 4 Bladed (for IC Engines)",0.254,0.15239999999999998,4,,air
APC_PERFILES_202602,APC Propellers,10x6E,APC:10X6E,APC prediction filename matched compacted APC catalog designation,APC,Thin Electric,0.254,0.15239999999999998,2,,air
APC_PERFILES_202602,APC Propellers,10x6F,APC:10X6F,APC prediction filename matched compacted APC catalog designation,APC,Folding (Electric Only),0.254,0.15239999999999998,2,,air
APC_PERFILES_202602,APC Propellers,10x7,APC:10X7,APC prediction filename matched compacted APC catalog designation,APC,Sport,0.254,0.17779999999999999,2,,air
APC_PERFILES_202602,APC Propellers,10x7E,APC:10X7E,APC prediction filename matched compacted APC catalog designation,APC,Thin Electric,0.254,0.17779999999999999,2,,air
APC_PERFILES_202602,APC Propellers,10x7SF,APC:10X7SF,APC prediction filename matched compacted APC catalog designation,APC,Slow Fly (Electric Only),0.254,0.17779999999999999,2,,air
APC_PERFILES_202602,APC Propellers,10x8,APC:10X8,APC prediction filename matched compacted APC catalog designation,APC,Sport,0.254,0.2032,2,,air
APC_PERFILES_202602,APC Propellers,10x8E,APC:10X8E,APC prediction filename matched compacted APC catalog designation,APC,Thin Electric,0.254,0.2032,2,,air
APC_PERFILES_202602,APC Propellers,10x8M-LH,APC:10X8M-LH,APC prediction filename matched compacted APC catalog designation; marine medium retained,APC,Marine,0.254,0.2032,2,CW,air
APC_PERFILES_202602,APC Propellers,10x9,APC:10X9,APC prediction filename matched compacted APC catalog designation,APC,Sport,0.254,0.2286,2,,air
APC_PERFILES_202602,APC Propellers,115x4,APC:11.5X4,APC prediction filename matched compacted APC catalog designation,APC,"Sport, Control Line",0.29209999999999997,0.1016,2,,air
APC_PERFILES_202602,APC Propellers,115x6,APC:11.5X6,APC prediction filename matched compacted APC catalog designation,APC,"Sport, Control Line",0.29209999999999997,0.15239999999999998,2,,air
APC_PERFILES_202602,APC Propellers,11x10,APC:11X10,APC prediction filename matched compacted APC catalog designation,APC,"Sport, Pattern",0.2794,0.254,2,,air
APC_PERFILES_202602,APC Propellers,11x10E,APC:11X10E,APC prediction filename matched compacted APC catalog designation,APC,Thin Electric,0.2794,0.254,2,,air
APC_PERFILES_202602,APC Propellers,11x11,APC:11X11,APC prediction filename matched compacted APC catalog designation,APC,"Sport, Pattern",0.2794,0.2794,2,,air
APC_PERFILES_202602,APC Propellers,11x12,APC:11X12,APC prediction filename matched compacted APC catalog designation,APC,"Sport, Pattern",0.2794,0.30479999999999996,2,,air
APC_PERFILES_202602,APC Propellers,11x12E,APC:11X12E,APC prediction filename matched compacted APC catalog designation,APC,Thin Electric,0.2794,0.30479999999999996,2,,air
APC_PERFILES_202602,APC Propellers,11x12W,APC:11X12W,APC prediction filename matched compacted APC catalog designation,APC,Sport,0.2794,0.30479999999999996,2,,air
APC_PERFILES_202602,APC Propellers,11x13,APC:11X13,APC prediction filename matched compacted APC catalog designation,APC,"Sport, Pattern",0.2794,0.3302,2,,air
APC_PERFILES_202602,APC Propellers,11x13EP,APC:11X13EP,APC prediction filename matched compacted APC catalog designation,APC,"Thin Electric, Electric Reverse Rotation (Left Hand Rotation)",0.2794,0.3302,2,CW,air
APC_PERFILES_202602,APC Propellers,11x14,APC:11X14,APC prediction filename matched compacted APC catalog designation,APC,"Sport, Pattern",0.2794,0.35559999999999997,2,,air
APC_PERFILES_202602,APC Propellers,11x3,APC:11X3,APC prediction filename matched compacted APC catalog designation,APC,Sport,0.2794,0.07619999999999999,2,,air
APC_PERFILES_202602,APC Propellers,11x38SF,APC:11X3.8SF,APC prediction filename matched compacted APC catalog designation,APC,"Multi Rotor (Electric Only), Slow Fly (Electric Only)",0.2794,0.09652,2,,air
APC_PERFILES_202602,APC Propellers,11x4,APC:11X4,APC prediction filename matched compacted APC catalog designation,APC,Sport,0.2794,0.1016,2,,air
APC_PERFILES_202602,APC Propellers,11x45EP,APC:11X4.5EP,APC prediction filename matched compacted APC catalog designation,APC,"Thin Electric, Electric Reverse Rotation (Left Hand Rotation), Control Line (Electric Only)",0.2794,0.1143,2,CW,air
APC_PERFILES_202602,APC Propellers,11x45MR,APC:11X4.5MR,APC prediction filename matched compacted APC catalog designation,APC,Multi Rotor (Electric Only),0.2794,0.1143,2,,air
APC_PERFILES_202602,APC Propellers,11x46SF,APC:11X4.6SF,APC prediction filename matched compacted APC catalog designation,APC,Indoor 3D,0.2794,0.11683999999999999,2,,air
APC_PERFILES_202602,APC Propellers,11x47SF,APC:11X4.7SF,APC prediction filename matched compacted APC catalog designation,APC,"Multi Rotor (Electric Only), Slow Fly (Electric Only)",0.2794,0.11938,2,,air
APC_PERFILES_202602,APC Propellers,11x5,APC:11X5,APC prediction filename matched compacted APC catalog designation,APC,Sport,0.2794,0.127,2,,air
APC_PERFILES_202602,APC Propellers,11x55E,APC:11X5.5E,APC prediction filename matched compacted APC catalog designation,APC,Thin Electric,0.2794,0.1397,2,,air
APC_PERFILES_202602,APC Propellers,11x55MR,APC:11X5.5MR,APC prediction filename matched compacted APC catalog designation,APC,Multi Rotor (Electric Only),0.2794,0.1397,2,,air
APC_PERFILES_202602,APC Propellers,11x55R-RH,APC:11X5.5R-RH,APC prediction filename matched compacted APC catalog designation,APC,"Thin Electric, Reversible ESC",0.2794,0.1397,2,CCW,air
APC_PERFILES_202602,APC Propellers,11x6,APC:11X6,APC prediction filename matched compacted APC catalog designation,APC,Sport,0.2794,0.15239999999999998,2,,air
APC_PERFILES_202602,APC Propellers,11x6-4,APC:11X6-4,APC prediction filename matched compacted APC catalog designation,APC,"Sport, 4 Bladed (for IC Engines)",0.2794,0.15239999999999998,4,,air
APC_PERFILES_202602,APC Propellers,11x6M-LH,APC:11X6M-LH,APC prediction filename matched compacted APC catalog designation; marine medium retained,APC,Marine,0.2794,0.15239999999999998,2,CW,air
APC_PERFILES_202602,APC Propellers,11x7,APC:11X7,APC prediction filename matched compacted APC catalog designation,APC,Sport,0.2794,0.17779999999999999,2,,air
APC_PERFILES_202602,APC Propellers,11x7E,APC:11X7E,APC prediction filename matched compacted APC catalog designation,APC,Thin Electric,0.2794,0.17779999999999999,2,,air
APC_PERFILES_202602,APC Propellers,11x7E-3,APC:11X7E-3,APC prediction filename matched compacted APC catalog designation,APC,"Thin Electric, 3 Bladed (Electric Only)",0.2794,0.17779999999999999,3,,air
APC_PERFILES_202602,APC Propellers,11x7SF,APC:11X7SF,APC prediction filename matched compacted APC catalog designation,APC,"Multi Rotor (Electric Only), Slow Fly (Electric Only)",0.2794,0.17779999999999999,2,,air
APC_PERFILES_202602,APC Propellers,11x8,APC:11X8,APC prediction filename matched compacted APC catalog designation,APC,Sport,0.2794,0.2032,2,,air
APC_PERFILES_202602,APC Propellers,11x85E,APC:11X8.5E,APC prediction filename matched compacted APC catalog designation,APC,Thin Electric,0.2794,0.21589999999999998,2,,air
APC_PERFILES_202602,APC Propellers,11x8E,APC:11X8E,APC prediction filename matched compacted APC catalog designation,APC,Thin Electric,0.2794,0.2032,2,,air
APC_PERFILES_202602,APC Propellers,11x8F,APC:11X8F,APC prediction filename matched compacted APC catalog designation,APC,Folding (Electric Only),0.2794,0.2032,2,,air
APC_PERFILES_202602,APC Propellers,11x9,APC:11X9,APC prediction filename matched compacted APC catalog designation,APC,Sport,0.2794,0.2286,2,,air
APC_PERFILES_202602,APC Propellers,11x9-4,APC:11X9-4,APC prediction filename matched compacted APC catalog designation,APC,"Sport, 4 Bladed (for IC Engines)",0.2794,0.2286,4,,air
APC_PERFILES_202602,APC Propellers,1225x375,APC:12.25X3.75,APC prediction filename matched compacted APC catalog designation,APC,"Sport, Control Line",0.31115,0.09525,2,,air
APC_PERFILES_202602,APC Propellers,125x10,APC:12.5X10,APC prediction filename matched compacted APC catalog designation,APC,"Sport, Pattern",0.3175,0.254,2,,air
APC_PERFILES_202602,APC Propellers,125x6,APC:12.5X6,APC prediction filename matched compacted APC catalog designation,APC,Sport,0.3175,0.15239999999999998,2,,air
APC_PERFILES_202602,APC Propellers,12x10,APC:12X10,APC prediction filename matched compacted APC catalog designation,APC,"Sport, Pattern",0.30479999999999996,0.254,2,,air
APC_PERFILES_202602,APC Propellers,12x10E,APC:12X10E,APC prediction filename matched compacted APC catalog designation,APC,Thin Electric,0.30479999999999996,0.254,2,,air
APC_PERFILES_202602,APC Propellers,12x10W,APC:12X10W,APC prediction filename matched compacted APC catalog designation,APC,"Sport, Pattern",0.30479999999999996,0.254,2,,air
APC_PERFILES_202602,APC Propellers,12x11,APC:12X11,APC prediction filename matched compacted APC catalog designation,APC,"Sport, Pattern",0.30479999999999996,0.2794,2,,air
APC_PERFILES_202602,APC Propellers,12x12,APC:12X12,APC prediction filename matched compacted APC catalog designation,APC,"Sport, Pattern",0.30479999999999996,0.30479999999999996,2,,air
APC_PERFILES_202602,APC Propellers,12x12E,APC:12X12E,APC prediction filename matched compacted APC catalog designation,APC,Thin Electric,0.30479999999999996,0.30479999999999996,2,,air
APC_PERFILES_202602,APC Propellers,12x12N,APC:12X12N,APC prediction filename matched compacted APC catalog designation,APC,"Sport, Pattern, Warbird Racing",0.30479999999999996,0.30479999999999996,2,,air
APC_PERFILES_202602,APC Propellers,12x13,APC:12X13,APC prediction filename matched compacted APC catalog designation,APC,"Sport, Pattern",0.30479999999999996,0.3302,2,,air
APC_PERFILES_202602,APC Propellers,12x13N,APC:12X13N,APC prediction filename matched compacted APC catalog designation,APC,"Sport, Pattern",0.30479999999999996,0.3302,2,,air
APC_PERFILES_202602,APC Propellers,12x14,APC:12X14,APC prediction filename matched compacted APC catalog designation,APC,"Sport, Pattern",0.30479999999999996,0.35559999999999997,2,,air
APC_PERFILES_202602,APC Propellers,12x38SF,APC:12X3.8SF,APC prediction filename matched compacted APC catalog designation,APC,"Multi Rotor (Electric Only), Slow Fly (Electric Only)",0.30479999999999996,0.09652,2,,air
APC_PERFILES_202602,APC Propellers,12x4,APC:12X4,APC prediction filename matched compacted APC catalog designation,APC,Sport,0.30479999999999996,0.1016,2,,air
APC_PERFILES_202602,APC Propellers,12x45MR,APC:12X4.5MR,APC prediction filename matched compacted APC catalog designation,APC,Multi Rotor (Electric Only),0.30479999999999996,0.1143,2,,air
APC_PERFILES_202602,APC Propellers,12x45MRF-RH,APC:12X4.5MRF-RH,APC compact prediction filename decoded heuristically; no catalog alias,APC,APC,0.30479999999999996,0.1143,2,CCW,air
APC_PERFILES_202602,APC Propellers,12x47SF,APC:12X4.7SF,APC prediction filename matched compacted APC catalog designation,APC,"Multi Rotor (Electric Only), Slow Fly (Electric Only)",0.30479999999999996,0.11938,2,,air
APC_PERFILES_202602,APC Propellers,12x5,APC:12X5,APC prediction filename matched compacted APC catalog designation,APC,Sport,0.30479999999999996,0.127,2,,air
APC_PERFILES_202602,APC Propellers,12x55MR,APC:12X5.5MR,APC prediction filename matched compacted APC catalog designation,APC,Multi Rotor (Electric Only),0.30479999999999996,0.1397,2,,air
APC_PERFILES_202602,APC Propellers,12x58SF,APC:12X5.8SF,APC prediction filename matched compacted APC catalog designation,APC,Indoor 3D,0.30479999999999996,0.14731999999999998,2,,air
APC_PERFILES_202602,APC Propellers,12x6,APC:12X6,APC prediction filename matched compacted APC catalog designation,APC,Sport,0.30479999999999996,0.15239999999999998,2,,air
APC_PERFILES_202602,APC Propellers,12x6E,APC:12X6E,APC prediction filename matched compacted APC catalog designation,APC,Thin Electric,0.30479999999999996,0.15239999999999998,2,,air
APC_PERFILES_202602,APC Propellers,12x6EP(F2B),APC:12X6EP(F2B),APC prediction filename matched compacted APC catalog designation,APC,"Thin Electric, Electric Reverse Rotation (Left Hand Rotation), Control Line (Electric Only)",0.30479999999999996,0.15239999999999998,2,,air
APC_PERFILES_202602,APC Propellers,12x6SF,APC:12X6SF,APC prediction filename matched compacted APC catalog designation,APC,Slow Fly (Electric Only),0.30479999999999996,0.15239999999999998,2,,air
APC_PERFILES_202602,APC Propellers,12x7,APC:12X7,APC prediction filename matched compacted APC catalog designation,APC,Sport,0.30479999999999996,0.17779999999999999,2,,air
APC_PERFILES_202602,APC Propellers,12x7E-3,APC:12X7E-3,APC prediction filename matched compacted APC catalog designation,APC,"Thin Electric, 3 Bladed (Electric Only)",0.30479999999999996,0.17779999999999999,3,,air
APC_PERFILES_202602,APC Propellers,12x8,APC:12X8,APC prediction filename matched compacted APC catalog designation,APC,Sport,0.30479999999999996,0.2032,2,,air
APC_PERFILES_202602,APC Propellers,12x85F,APC:12X8.5F,APC prediction filename matched compacted APC catalog designation,APC,Folding (Electric Only),0.30479999999999996,0.21589999999999998,2,,air
APC_PERFILES_202602,APC Propellers,12x8E,APC:12X8E,APC prediction filename matched compacted APC catalog designation,APC,Thin Electric,0.30479999999999996,0.2032,2,,air
APC_PERFILES_202602,APC Propellers,12x8SF,APC:12X8SF,APC prediction filename matched compacted APC catalog designation,APC,Slow Fly (Electric Only),0.30479999999999996,0.2032,2,,air
APC_PERFILES_202602,APC Propellers,12x9,APC:12X9,APC prediction filename matched compacted APC catalog designation,APC,"Sport, Pattern",0.30479999999999996,0.2286,2,,air
APC_PERFILES_202602,APC Propellers,12x9W,APC:12X9W,APC prediction filename matched compacted APC catalog designation,APC,"Sport, Pattern",0.30479999999999996,0.2286,2,,air
APC_PERFILES_202602,APC Propellers,135x10,APC:13.5X10,APC prediction filename matched compacted APC catalog designation,APC,"Sport, Pattern",0.3429,0.254,2,,air
APC_PERFILES_202602,APC Propellers,135x135,APC:13.5X13.5,APC prediction filename matched compacted APC catalog designation,APC,"Sport, Pattern, Warbird Racing",0.3429,0.3429,2,,air
APC_PERFILES_202602,APC Propellers,135x14,APC:13.5X14,APC prediction filename matched compacted APC catalog designation,APC,"Sport, Pattern, Warbird Racing",0.3429,0.35559999999999997,2,,air
APC_PERFILES_202602,APC Propellers,135x9,APC:13.5X9,APC prediction filename matched compacted APC catalog designation,APC,"Sport, Pattern",0.3429,0.2286,2,,air
APC_PERFILES_202602,APC Propellers,13x10,APC:13X10,APC prediction filename matched compacted APC catalog designation,APC,"Sport, Pattern",0.3302,0.254,2,,air
APC_PERFILES_202602,APC Propellers,13x10E,APC:13X10E,APC prediction filename matched compacted APC catalog designation,APC,Thin Electric,0.3302,0.254,2,,air
APC_PERFILES_202602,APC Propellers,13x10F,APC:13X10F,APC prediction filename matched compacted APC catalog designation,APC,Folding (Electric Only),0.3302,0.254,2,,air
APC_PERFILES_202602,APC Propellers,13x11,APC:13X11,APC prediction filename matched compacted APC catalog designation,APC,"Sport, Pattern, Warbird Racing",0.3302,0.2794,2,,air
APC_PERFILES_202602,APC Propellers,13x135N,APC:13X13.5N,APC prediction filename matched compacted APC catalog designation,APC,"Sport, Pattern, Warbird Racing",0.3302,0.3429,2,,air
APC_PERFILES_202602,APC Propellers,13x13N,APC:13X13N,APC prediction filename matched compacted APC catalog designation,APC,"Sport, Pattern, Warbird Racing",0.3302,0.3302,2,,air
APC_PERFILES_202602,APC Propellers,13x14,APC:13X14,APC prediction filename matched compacted APC catalog designation,APC,"Sport, Warbird Racing",0.3302,0.35559999999999997,2,,air
APC_PERFILES_202602,APC Propellers,13x4,APC:13X4,APC prediction filename matched compacted APC catalog designation,APC,Sport,0.3302,0.1016,2,,air
APC_PERFILES_202602,APC Propellers,13x45EP,APC:13X4.5EP,APC prediction filename matched compacted APC catalog designation,APC,"Thin Electric, Electric Reverse Rotation (Left Hand Rotation), Control Line (Electric Only)",0.3302,0.1143,2,CW,air
APC_PERFILES_202602,APC Propellers,13x45EP(F2B),APC:13X4.5EP(F2B),APC prediction filename matched compacted APC catalog designation,APC,"Thin Electric, Electric Reverse Rotation (Left Hand Rotation), Control Line (Electric Only)",0.3302,0.1143,2,,air
APC_PERFILES_202602,APC Propellers,13x45MR,APC:13X4.5MR,APC prediction filename matched compacted APC catalog designation,APC,Multi Rotor (Electric Only),0.3302,0.1143,2,,air
APC_PERFILES_202602,APC Propellers,13x47SF,APC:13X4.7SF,APC prediction filename matched compacted APC catalog designation,APC,"Multi Rotor (Electric Only), Slow Fly (Electric Only)",0.3302,0.11938,2,,air
APC_PERFILES_202602,APC Propellers,13x4E,APC:13X4E,APC prediction filename matched compacted APC catalog designation,APC,Thin Electric,0.3302,0.1016,2,,air
APC_PERFILES_202602,APC Propellers,13x4W,APC:13X4W,APC prediction filename matched compacted APC catalog designation,APC,"Sport, 3D Fun Fly",0.3302,0.1016,2,,air
APC_PERFILES_202602,APC Propellers,13x55E,APC:13X5.5E,APC prediction filename matched compacted APC catalog designation,APC,Thin Electric,0.3302,0.1397,2,,air
APC_PERFILES_202602,APC Propellers,13x55MR,APC:13X5.5MR,APC prediction filename matched compacted APC catalog designation,APC,Multi Rotor (Electric Only),0.3302,0.1397,2,,air
APC_PERFILES_202602,APC Propellers,13x55MRF-RH,APC:13X5.5MRF-RH,APC compact prediction filename decoded heuristically; no catalog alias,APC,APC,0.3302,0.1397,2,CCW,air
APC_PERFILES_202602,APC Propellers,13x6,APC:13X6,APC prediction filename matched compacted APC catalog designation,APC,Sport,0.3302,0.15239999999999998,2,,air
APC_PERFILES_202602,APC Propellers,13x65E,APC:13X6.5E,APC prediction filename matched compacted APC catalog designation,APC,Thin Electric,0.3302,0.1651,2,,air
APC_PERFILES_202602,APC Propellers,13x65E(F2B),APC:13X6.5E(F2B),APC prediction filename matched compacted APC catalog designation,APC,"Thin Electric, Control Line (Electric Only)",0.3302,0.1651,2,,air
APC_PERFILES_202602,APC Propellers,13x7,APC:13X7,APC prediction filename matched compacted APC catalog designation,APC,Sport,0.3302,0.17779999999999999,2,,air
APC_PERFILES_202602,APC Propellers,13x7F,APC:13X7F,APC prediction filename matched compacted APC catalog designation,APC,Folding (Electric Only),0.3302,0.17779999999999999,2,,air
APC_PERFILES_202602,APC Propellers,13x8,APC:13X8,APC prediction filename matched compacted APC catalog designation,APC,Sport,0.3302,0.2032,2,,air
APC_PERFILES_202602,APC Propellers,13x8E,APC:13X8E,APC prediction filename matched compacted APC catalog designation,APC,Thin Electric,0.3302,0.2032,2,,air
APC_PERFILES_202602,APC Propellers,13x9,APC:13X9,APC prediction filename matched compacted APC catalog designation,APC,"Sport, Pattern",0.3302,0.2286,2,,air
APC_PERFILES_202602,APC Propellers,14x10,APC:14X10,APC prediction filename matched compacted APC catalog designation,APC,Sport,0.35559999999999997,0.254,2,,air
APC_PERFILES_202602,APC Propellers,14x10E,APC:14X10E,APC prediction filename matched compacted APC catalog designation,APC,Thin Electric,0.35559999999999997,0.254,2,,air
APC_PERFILES_202602,APC Propellers,14x10F,APC:14X10F,APC prediction filename matched compacted APC catalog designation,APC,Folding (Electric Only),0.35559999999999997,0.254,2,,air
APC_PERFILES_202602,APC Propellers,14x11,APC:14X11,APC prediction filename matched compacted APC catalog designation,APC,"Sport, Pattern, Warbird Racing",0.35559999999999997,0.2794,2,,air
APC_PERFILES_202602,APC Propellers,14x12,APC:14X12,APC prediction filename matched compacted APC catalog designation,APC,"Sport, Pattern",0.35559999999999997,0.30479999999999996,2,,air
APC_PERFILES_202602,APC Propellers,14x12E,APC:14X12E,APC prediction filename matched compacted APC catalog designation,APC,Thin Electric,0.35559999999999997,0.30479999999999996,2,,air
APC_PERFILES_202602,APC Propellers,14x12N,APC:14X12N,APC prediction filename matched compacted APC catalog designation,APC,"Sport, Pattern",0.35559999999999997,0.30479999999999996,2,,air
APC_PERFILES_202602,APC Propellers,14x13,APC:14X13,APC prediction filename matched compacted APC catalog designation,APC,"Sport, Pattern",0.35559999999999997,0.3302,2,,air
APC_PERFILES_202602,APC Propellers,14x135,APC:14X13.5,APC prediction filename matched compacted APC catalog designation,APC,"Sport, Pattern",0.35559999999999997,0.3429,2,,air
APC_PERFILES_202602,APC Propellers,14x13M,APC:14X13M,APC prediction filename matched compacted APC catalog designation; marine medium retained,APC,Marine,0.35559999999999997,0.3302,2,,air
APC_PERFILES_202602,APC Propellers,14x13N,APC:14X13N,APC prediction filename matched compacted APC catalog designation,APC,"Sport, Pattern, Warbird Racing",0.35559999999999997,0.3302,2,,air
APC_PERFILES_202602,APC Propellers,14x14,APC:14X14,APC prediction filename matched compacted APC catalog designation,APC,"Sport, Pattern",0.35559999999999997,0.35559999999999997,2,,air
APC_PERFILES_202602,APC Propellers,14x14E,APC:14X14E,APC prediction filename matched compacted APC catalog designation,APC,Thin Electric,0.35559999999999997,0.35559999999999997,2,,air
APC_PERFILES_202602,APC Propellers,14x14N,APC:14X14N,APC prediction filename matched compacted APC catalog designation,APC,"Sport, Pattern, Warbird Racing",0.35559999999999997,0.35559999999999997,2,,air
APC_PERFILES_202602,APC Propellers,14x17M,APC:14X17M,APC prediction filename matched compacted APC catalog designation; marine medium retained,APC,Marine,0.35559999999999997,0.43179999999999996,2,,air
APC_PERFILES_202602,APC Propellers,14x47SF,APC:14X4.7SF,APC prediction filename matched compacted APC catalog designation,APC,"Multi Rotor (Electric Only), Slow Fly (Electric Only)",0.35559999999999997,0.11938,2,,air
APC_PERFILES_202602,APC Propellers,14x4W,APC:14X4W,APC prediction filename matched compacted APC catalog designation,APC,"Sport, 3D Fun Fly",0.35559999999999997,0.1016,2,,air
APC_PERFILES_202602,APC Propellers,14x55MR,APC:14X5.5MR,APC prediction filename matched compacted APC catalog designation,APC,Multi Rotor (Electric Only),0.35559999999999997,0.1397,2,,air
APC_PERFILES_202602,APC Propellers,14x5N,APC:14X5N,APC prediction filename matched compacted APC catalog designation,APC,Sport,0.35559999999999997,0.127,2,,air
APC_PERFILES_202602,APC Propellers,14x6,APC:14X6,APC prediction filename matched compacted APC catalog designation,APC,Sport,0.35559999999999997,0.15239999999999998,2,,air
APC_PERFILES_202602,APC Propellers,14x6E,APC:14X6E,APC prediction filename matched compacted APC catalog designation,APC,Thin Electric,0.35559999999999997,0.15239999999999998,2,,air
APC_PERFILES_202602,APC Propellers,14x7,APC:14X7,APC prediction filename matched compacted APC catalog designation,APC,Sport,0.35559999999999997,0.17779999999999999,2,,air
APC_PERFILES_202602,APC Propellers,14x7E,APC:14X7E,APC prediction filename matched compacted APC catalog designation,APC,Thin Electric,0.35559999999999997,0.17779999999999999,2,,air
APC_PERFILES_202602,APC Propellers,14x8,APC:14X8,APC prediction filename matched compacted APC catalog designation,APC,Sport,0.35559999999999997,0.2032,2,,air
APC_PERFILES_202602,APC Propellers,14x85E,APC:14X8.5E,APC prediction filename matched compacted APC catalog designation,APC,Thin Electric,0.35559999999999997,0.21589999999999998,2,,air
APC_PERFILES_202602,APC Propellers,155x12-4,APC:15.5X12-4,APC prediction filename matched compacted APC catalog designation,APC,"Sport, Pattern, 4 Bladed (for IC Engines)",0.3937,0.30479999999999996,4,,air
APC_PERFILES_202602,APC Propellers,1575x13-3,APC:15.75X13-3,APC prediction filename matched compacted APC catalog designation,APC,"Sport, Pattern, 3 Bladed (for IC Engines)",0.40004999999999996,0.3302,3,,air
APC_PERFILES_202602,APC Propellers,15x10,APC:15X10,APC prediction filename matched compacted APC catalog designation,APC,"Sport, Pattern",0.381,0.254,2,,air
APC_PERFILES_202602,APC Propellers,15x10E,APC:15X10E,APC prediction filename matched compacted APC catalog designation,APC,Thin Electric,0.381,0.254,2,,air
APC_PERFILES_202602,APC Propellers,15x11,APC:15X11,APC prediction filename matched compacted APC catalog designation,APC,"Sport, Pattern",0.381,0.2794,2,,air
APC_PERFILES_202602,APC Propellers,15x12,APC:15X12,APC prediction filename matched compacted APC catalog designation,APC,"Sport, Pattern",0.381,0.30479999999999996,2,,air
APC_PERFILES_202602,APC Propellers,15x12E,APC:15X12E,APC compact prediction filename decoded heuristically; no catalog alias,APC,APC,0.381,0.30479999999999996,2,,air
APC_PERFILES_202602,APC Propellers,15x135-3,APC:15X13.5-3,APC prediction filename matched compacted APC catalog designation,APC,"Sport, Pattern, 3 Bladed (for IC Engines)",0.381,0.3429,3,,air
APC_PERFILES_202602,APC Propellers,15x4E,APC:15X4E,APC prediction filename matched compacted APC catalog designation,APC,Thin Electric,0.381,0.1016,2,,air
APC_PERFILES_202602,APC Propellers,15x4W,APC:15X4W,APC prediction filename matched compacted APC catalog designation,APC,"Sport, 3D Fun Fly",0.381,0.1016,2,,air
APC_PERFILES_202602,APC Propellers,15x55MR,APC:15X5.5MR,APC prediction filename matched compacted APC catalog designation,APC,Multi Rotor (Electric Only),0.381,0.1397,2,,air
APC_PERFILES_202602,APC Propellers,15x6,APC:15X6,APC prediction filename matched compacted APC catalog designation,APC,Sport,0.381,0.15239999999999998,2,,air
APC_PERFILES_202602,APC Propellers,15x6E,APC:15X6E,APC prediction filename matched compacted APC catalog designation,APC,Thin Electric,0.381,0.15239999999999998,2,,air
APC_PERFILES_202602,APC Propellers,15x7,APC:15X7,APC prediction filename matched compacted APC catalog designation,APC,Sport,0.381,0.17779999999999999,2,,air
APC_PERFILES_202602,APC Propellers,15x7E,APC:15X7E,APC prediction filename matched compacted APC catalog designation,APC,Thin Electric,0.381,0.17779999999999999,2,,air
APC_PERFILES_202602,APC Propellers,15x8,APC:15X8,APC prediction filename matched compacted APC catalog designation,APC,"Sport, Pattern",0.381,0.2032,2,,air
APC_PERFILES_202602,APC Propellers,15x8E,APC:15X8E,APC prediction filename matched compacted APC catalog designation,APC,Thin Electric,0.381,0.2032,2,,air
APC_PERFILES_202602,APC Propellers,16x10,APC:16X10,APC prediction filename matched compacted APC catalog designation,APC,"Sport, Pattern",0.4064,0.254,2,,air
APC_PERFILES_202602,APC Propellers,16x10E,APC:16X10E,APC prediction filename matched compacted APC catalog designation,APC,Thin Electric,0.4064,0.254,2,,air
APC_PERFILES_202602,APC Propellers,16x12,APC:16X12,APC prediction filename matched compacted APC catalog designation,APC,"Sport, Pattern",0.4064,0.30479999999999996,2,,air
APC_PERFILES_202602,APC Propellers,16x12E,APC:16X12E,APC prediction filename matched compacted APC catalog designation,APC,Thin Electric,0.4064,0.30479999999999996,2,,air
APC_PERFILES_202602,APC Propellers,16x13,APC:16X13,APC prediction filename matched compacted APC catalog designation,APC,"Sport, Pattern",0.4064,0.3302,2,,air
APC_PERFILES_202602,APC Propellers,16x14,APC:16X14,APC prediction filename matched compacted APC catalog designation,APC,"Sport, Pattern",0.4064,0.35559999999999997,2,,air
APC_PERFILES_202602,APC Propellers,16x16,APC:16X16,APC prediction filename matched compacted APC catalog designation,APC,"Sport, Pattern",0.4064,0.4064,2,,air
APC_PERFILES_202602,APC Propellers,16x4E,APC:16X4E,APC prediction filename matched compacted APC catalog designation,APC,Thin Electric,0.4064,0.1016,2,,air
APC_PERFILES_202602,APC Propellers,16x4W,APC:16X4W,APC prediction filename matched compacted APC catalog designation,APC,"Sport, 3D Fun Fly",0.4064,0.1016,2,,air
APC_PERFILES_202602,APC Propellers,16x55MR,APC:16X5.5MR,APC prediction filename matched compacted APC catalog designation,APC,Multi Rotor (Electric Only),0.4064,0.1397,2,,air
APC_PERFILES_202602,APC Propellers,16x6,APC:16X6,APC prediction filename matched compacted APC catalog designation,APC,Sport,0.4064,0.15239999999999998,2,,air
APC_PERFILES_202602,APC Propellers,16x6E,APC:16X6E,APC prediction filename matched compacted APC catalog designation,APC,Thin Electric,0.4064,0.15239999999999998,2,,air
APC_PERFILES_202602,APC Propellers,16x7,APC:16X7,APC prediction filename matched compacted APC catalog designation,APC,Sport,0.4064,0.17779999999999999,2,,air
APC_PERFILES_202602,APC Propellers,16x7E(3D),APC:16X7E(3D),APC prediction filename matched compacted APC catalog designation,APC,Thin Electric,0.4064,0.17779999999999999,2,,air
APC_PERFILES_202602,APC Propellers,16x8,APC:16X8,APC prediction filename matched compacted APC catalog designation,APC,"Sport, Pattern",0.4064,0.2032,2,,air
APC_PERFILES_202602,APC Propellers,16x8E,APC:16X8E,APC prediction filename matched compacted APC catalog designation,APC,Thin Electric,0.4064,0.2032,2,,air
APC_PERFILES_202602,APC Propellers,17x10,APC:17X10,APC prediction filename matched compacted APC catalog designation,APC,"Sport, Pattern",0.43179999999999996,0.254,2,,air
APC_PERFILES_202602,APC Propellers,17x10E,APC:17X10E,APC prediction filename matched compacted APC catalog designation,APC,Thin Electric,0.43179999999999996,0.254,2,,air
APC_PERFILES_202602,APC Propellers,17x10N,APC:17X10N,APC prediction filename matched compacted APC catalog designation,APC,"Sport, Pattern",0.43179999999999996,0.254,2,,air
APC_PERFILES_202602,APC Propellers,17x10WE,APC:17X10WE,APC prediction filename matched compacted APC catalog designation,APC,Thin Electric,0.43179999999999996,0.254,2,,air
APC_PERFILES_202602,APC Propellers,17x12E,APC:17X12E,APC prediction filename matched compacted APC catalog designation,APC,Thin Electric,0.43179999999999996,0.30479999999999996,2,,air
APC_PERFILES_202602,APC Propellers,17x12W,APC:17X12W,APC prediction filename matched compacted APC catalog designation,APC,"Sport, Pattern",0.43179999999999996,0.30479999999999996,2,,air
APC_PERFILES_202602,APC Propellers,17x13,APC:17X13,APC prediction filename matched compacted APC catalog designation,APC,"Sport, Pattern",0.43179999999999996,0.3302,2,,air
APC_PERFILES_202602,APC Propellers,17x4W,APC:17X4W,APC prediction filename matched compacted APC catalog designation,APC,"Sport, 3D Fun Fly",0.43179999999999996,0.1016,2,,air
APC_PERFILES_202602,APC Propellers,17x6,APC:17X6,APC prediction filename matched compacted APC catalog designation,APC,"Sport, IMAC Aerobatic",0.43179999999999996,0.15239999999999998,2,,air
APC_PERFILES_202602,APC Propellers,17x6E,APC:17X6E,APC prediction filename matched compacted APC catalog designation,APC,Thin Electric,0.43179999999999996,0.15239999999999998,2,,air
APC_PERFILES_202602,APC Propellers,17x7E,APC:17X7E,APC prediction filename matched compacted APC catalog designation,APC,Thin Electric,0.43179999999999996,0.17779999999999999,2,,air
APC_PERFILES_202602,APC Propellers,17x8,APC:17X8,APC prediction filename matched compacted APC catalog designation,APC,"Sport, Pattern",0.43179999999999996,0.2032,2,,air
APC_PERFILES_202602,APC Propellers,17x8E,APC:17X8E,APC prediction filename matched compacted APC catalog designation,APC,Thin Electric,0.43179999999999996,0.2032,2,,air
APC_PERFILES_202602,APC Propellers,17x8N,APC:17X8N,APC prediction filename matched compacted APC catalog designation,APC,"Sport, Pattern",0.43179999999999996,0.2032,2,,air
APC_PERFILES_202602,APC Propellers,181x10,APC:18.1X10,APC prediction filename matched compacted APC catalog designation,APC,Pattern,0.45974000000000004,0.254,2,,air
APC_PERFILES_202602,APC Propellers,181x12,APC:18.1X12,APC prediction filename matched compacted APC catalog designation,APC,Pattern,0.45974000000000004,0.30479999999999996,2,,air
APC_PERFILES_202602,APC Propellers,18x10,APC:18X10,APC prediction filename matched compacted APC catalog designation,APC,Sport,0.4572,0.254,2,,air
APC_PERFILES_202602,APC Propellers,18x10E,APC:18X10E,APC prediction filename matched compacted APC catalog designation,APC,Thin Electric,0.4572,0.254,2,,air
APC_PERFILES_202602,APC Propellers,18x12,APC:18X12,APC prediction filename matched compacted APC catalog designation,APC,Sport,0.4572,0.30479999999999996,2,,air
APC_PERFILES_202602,APC Propellers,18x12E,APC:18X12E,APC prediction filename matched compacted APC catalog designation,APC,Thin Electric,0.4572,0.30479999999999996,2,,air
APC_PERFILES_202602,APC Propellers,18x12WE,APC:18X12WE,APC prediction filename matched compacted APC catalog designation,APC,Thin Electric,0.4572,0.30479999999999996,2,,air
APC_PERFILES_202602,APC Propellers,18x14,APC:18X14,APC prediction filename matched compacted APC catalog designation,APC,Sport,0.4572,0.35559999999999997,2,,air
APC_PERFILES_202602,APC Propellers,18x55MR,APC:18X5.5MR,APC prediction filename matched compacted APC catalog designation,APC,Multi Rotor (Electric Only),0.4572,0.1397,2,,air
APC_PERFILES_202602,APC Propellers,18x6W,APC:18X6W,APC prediction filename matched compacted APC catalog designation,APC,"Sport, 3D Fun Fly",0.4572,0.15239999999999998,2,,air
APC_PERFILES_202602,APC Propellers,18x7WP,APC:18X7WP,APC prediction filename matched compacted APC catalog designation,APC,"Sport, Pusher (for IC Engines)",0.4572,0.17779999999999999,2,CW,air
APC_PERFILES_202602,APC Propellers,18x8,APC:18X8,APC prediction filename matched compacted APC catalog designation,APC,Sport,0.4572,0.2032,2,,air
APC_PERFILES_202602,APC Propellers,18x8E,APC:18X8E,APC prediction filename matched compacted APC catalog designation,APC,Thin Electric,0.4572,0.2032,2,,air
APC_PERFILES_202602,APC Propellers,18x8W,APC:18X8W,APC prediction filename matched compacted APC catalog designation,APC,"Sport, IMAC Aerobatic",0.4572,0.2032,2,,air
APC_PERFILES_202602,APC Propellers,19x10E,APC:19X10E,APC prediction filename matched compacted APC catalog designation,APC,Thin Electric,0.4826,0.254,2,,air
APC_PERFILES_202602,APC Propellers,19x11,APC:19X11,APC prediction filename matched compacted APC catalog designation,APC,"Sport, Pattern",0.4826,0.2794,2,,air
APC_PERFILES_202602,APC Propellers,19x12E,APC:19X12E,APC prediction filename matched compacted APC catalog designation,APC,Thin Electric,0.4826,0.30479999999999996,2,,air
APC_PERFILES_202602,APC Propellers,19x12WE,APC:19X12WE,APC prediction filename matched compacted APC catalog designation,APC,Thin Electric,0.4826,0.30479999999999996,2,,air
APC_PERFILES_202602,APC Propellers,19x8E,APC:19X8E,APC prediction filename matched compacted APC catalog designation,APC,Thin Electric,0.4826,0.2032,2,,air
APC_PERFILES_202602,APC Propellers,19x8W,APC:19X8W,APC prediction filename matched compacted APC catalog designation,APC,"Sport, IMAC Aerobatic",0.4826,0.2032,2,,air
APC_PERFILES_202602,APC Propellers,205x105PN,APC:20.5X10.5PN,APC compact prediction filename decoded heuristically; no catalog alias,APC,APC,0.5206999999999999,0.2667,2,,air
APC_PERFILES_202602,APC Propellers,205x105WPN,APC:20.5X10.5WPN,APC compact prediction filename decoded heuristically; no catalog alias,APC,APC,0.5206999999999999,0.2667,2,,air
APC_PERFILES_202602,APC Propellers,205x10PN,APC:20.5X10PN,APC prediction filename matched compacted APC catalog designation,APC,Pattern,0.5206999999999999,0.254,2,,air
APC_PERFILES_202602,APC Propellers,205x12WE,APC:20.5X12WE,APC prediction filename matched compacted APC catalog designation,APC,Thin Electric,0.5206999999999999,0.30479999999999996,2,,air
APC_PERFILES_202602,APC Propellers,205x135EPN,APC:20.5X13.5EPN,APC prediction filename matched compacted APC catalog designation,APC,"Thin Electric, Pattern (Electric Only)",0.5206999999999999,0.3429,2,,air
APC_PERFILES_202602,APC Propellers,205x14E,APC:20.5X14E,APC prediction filename matched compacted APC catalog designation,APC,Thin Electric,0.5206999999999999,0.35559999999999997,2,,air
APC_PERFILES_202602,APC Propellers,205x14EPN,APC:20.5X14EPN,APC prediction filename matched compacted APC catalog designation,APC,"Thin Electric, Pattern (Electric Only)",0.5206999999999999,0.35559999999999997,2,,air
APC_PERFILES_202602,APC Propellers,205x205E(CD),APC:20.5X20.5E(CD),APC prediction filename matched compacted APC catalog designation,APC,Thin Electric,0.5206999999999999,0.5206999999999999,2,,air
APC_PERFILES_202602,APC Propellers,20x10,APC:20X10,APC prediction filename matched compacted APC catalog designation,APC,Sport,0.508,0.254,2,,air
APC_PERFILES_202602,APC Propellers,20x105PN,APC:20X10.5PN,APC prediction filename matched compacted APC catalog designation,APC,Pattern,0.508,0.2667,2,,air
APC_PERFILES_202602,APC Propellers,20x10E,APC:20X10E,APC prediction filename matched compacted APC catalog designation,APC,Thin Electric,0.508,0.254,2,,air
APC_PERFILES_202602,APC Propellers,20x10PN,APC:20X10PN,APC prediction filename matched compacted APC catalog designation,APC,Pattern,0.508,0.254,2,,air
APC_PERFILES_202602,APC Propellers,20x10W,APC:20X10W,APC prediction filename matched compacted APC catalog designation,APC,"Sport, IMAC Aerobatic",0.508,0.254,2,,air
APC_PERFILES_202602,APC Propellers,20x11E,APC:20X11E,APC prediction filename matched compacted APC catalog designation,APC,Thin Electric,0.508,0.2794,2,,air
APC_PERFILES_202602,APC Propellers,20x12,APC:20X12,APC prediction filename matched compacted APC catalog designation,APC,Sport,0.508,0.30479999999999996,2,,air
APC_PERFILES_202602,APC Propellers,20x12WE,APC:20X12WE,APC prediction filename matched compacted APC catalog designation,APC,Thin Electric,0.508,0.30479999999999996,2,,air
APC_PERFILES_202602,APC Propellers,20x13E,APC:20X13E,APC prediction filename matched compacted APC catalog designation,APC,"Thin Electric, Multi Rotor (Electric Only)",0.508,0.3302,2,,air
APC_PERFILES_202602,APC Propellers,20x14,APC:20X14,APC prediction filename matched compacted APC catalog designation,APC,Sport,0.508,0.35559999999999997,2,,air
APC_PERFILES_202602,APC Propellers,20x15(WCAR-T6),APC:20X15(WCAR-T6),APC prediction filename matched compacted APC catalog designation,APC,Giant Scale Racing,0.508,0.381,2,,air
APC_PERFILES_202602,APC Propellers,20x15C,APC:20X15C,APC prediction filename matched compacted APC catalog designation,APC,"Carbon Fiber, Giant Scale Racing",0.508,0.381,2,,air
APC_PERFILES_202602,APC Propellers,20x15E,APC:20X15E,APC prediction filename matched compacted APC catalog designation,APC,Thin Electric,0.508,0.381,2,,air
APC_PERFILES_202602,APC Propellers,20x18(F1-GT),APC:20X18(F1-GT),APC prediction filename matched compacted APC catalog designation,APC,"Sport, Giant Scale Racing",0.508,0.4572,2,,air
APC_PERFILES_202602,APC Propellers,20x225EP(CD),APC:20X22.5EP(CD),APC prediction filename matched compacted APC catalog designation,APC,"Thin Electric, Electric Reverse Rotation (Left Hand Rotation)",0.508,0.5715,2,,air
APC_PERFILES_202602,APC Propellers,20x8,APC:20X8,APC prediction filename matched compacted APC catalog designation,APC,Sport,0.508,0.2032,2,,air
APC_PERFILES_202602,APC Propellers,20x8E,APC:20X8E,APC prediction filename matched compacted APC catalog designation,APC,Thin Electric,0.508,0.2032,2,,air
APC_PERFILES_202602,APC Propellers,20x8W,APC:20X8W,APC prediction filename matched compacted APC catalog designation,APC,"Sport, IMAC Aerobatic",0.508,0.2032,2,,air
APC_PERFILES_202602,APC Propellers,215x105PN,APC:21.5X10.5PN,APC prediction filename matched compacted APC catalog designation,APC,Pattern,0.5461,0.2667,2,,air
APC_PERFILES_202602,APC Propellers,215x10WPN,APC:21.5X10WPN,APC compact prediction filename decoded heuristically; no catalog alias,APC,APC,0.5461,0.254,2,,air
APC_PERFILES_202602,APC Propellers,215x13EPN,APC:21.5X13EPN,APC compact prediction filename decoded heuristically; no catalog alias,APC,APC,0.5461,0.3302,2,,air
APC_PERFILES_202602,APC Propellers,21x105PN,APC:21X10.5PN,APC prediction filename matched compacted APC catalog designation,APC,Pattern,0.5334,0.2667,2,,air
APC_PERFILES_202602,APC Propellers,21x10PN,APC:21X10PN,APC prediction filename matched compacted APC catalog designation,APC,Pattern,0.5334,0.254,2,,air
APC_PERFILES_202602,APC Propellers,21x10W,APC:21X10W,APC prediction filename matched compacted APC catalog designation,APC,"Sport, IMAC Aerobatic",0.5334,0.254,2,,air
APC_PERFILES_202602,APC Propellers,21x12WE,APC:21X12WE,APC prediction filename matched compacted APC catalog designation,APC,Thin Electric,0.5334,0.30479999999999996,2,,air
APC_PERFILES_202602,APC Propellers,21x135EPN,APC:21X13.5EPN,APC compact prediction filename decoded heuristically; no catalog alias,APC,APC,0.5334,0.3429,2,,air
APC_PERFILES_202602,APC Propellers,21x13E,APC:21X13E,APC prediction filename matched compacted APC catalog designation,APC,Thin Electric,0.5334,0.3302,2,,air
APC_PERFILES_202602,APC Propellers,21x13WE,APC:21X13WE,APC prediction filename matched compacted APC catalog designation,APC,Thin Electric,0.5334,0.3302,2,,air
APC_PERFILES_202602,APC Propellers,22x10,APC:22X10,APC prediction filename matched compacted APC catalog designation,APC,"Sport, Giant Scale Racing",0.5588,0.254,2,,air
APC_PERFILES_202602,APC Propellers,22x10E,APC:22X10E,APC prediction filename matched compacted APC catalog designation,APC,Thin Electric,0.5588,0.254,2,,air
APC_PERFILES_202602,APC Propellers,22x12E,APC:22X12E,APC prediction filename matched compacted APC catalog designation,APC,Thin Electric,0.5588,0.30479999999999996,2,,air
APC_PERFILES_202602,APC Propellers,22x12WE,APC:22X12WE,APC prediction filename matched compacted APC catalog designation,APC,Thin Electric,0.5588,0.30479999999999996,2,,air
APC_PERFILES_202602,APC Propellers,22x13EPN,APC:22X13EPN,APC compact prediction filename decoded heuristically; no catalog alias,APC,APC,0.5588,0.3302,2,,air
APC_PERFILES_202602,APC Propellers,22x8,APC:22X8,APC prediction filename matched compacted APC catalog designation,APC,"Sport, Giant Scale Racing",0.5588,0.2032,2,,air
APC_PERFILES_202602,APC Propellers,24x12E,APC:24X12E,APC prediction filename matched compacted APC catalog designation,APC,Thin Electric,0.6095999999999999,0.30479999999999996,2,,air
APC_PERFILES_202602,APC Propellers,25x125E,APC:25X12.5E,APC prediction filename matched compacted APC catalog designation,APC,Thin Electric,0.635,0.3175,2,,air
APC_PERFILES_202602,APC Propellers,26x13E,APC:26X13E,APC prediction filename matched compacted APC catalog designation,APC,Thin Electric,0.6604,0.3302,2,,air
APC_PERFILES_202602,APC Propellers,26x15E,APC:26X15E,APC prediction filename matched compacted APC catalog designation,APC,Thin Electric,0.6604,0.381,2,,air
APC_PERFILES_202602,APC Propellers,27x13E,APC:27X13E,APC prediction filename matched compacted APC catalog designation,APC,"Thin Electric, Multi Rotor (Electric Only)",0.6858,0.3302,2,,air
APC_PERFILES_202602,APC Propellers,28x20-4,APC:28X20-4,APC compact prediction filename decoded heuristically; no catalog alias,APC,APC,0.7111999999999999,0.508,4,,air
APC_PERFILES_202602,APC Propellers,41x41E,APC:4.1X4.1E,APC prediction filename matched compacted APC catalog designation,APC,"Multi Rotor (Electric Only), Speed 400 (Electric Only)",0.10413999999999998,0.10413999999999998,2,,air
APC_PERFILES_202602,APC Propellers,42x2,APC:4.2X2,APC prediction filename matched compacted APC catalog designation,APC,Sport,0.10668,0.0508,2,,air
APC_PERFILES_202602,APC Propellers,42x4,APC:4.2X4,APC prediction filename matched compacted APC catalog designation,APC,"Free Flight, Sport",0.10668,0.1016,2,,air
APC_PERFILES_202602,APC Propellers,44x4,APC:4.4X4,APC prediction filename matched compacted APC catalog designation,APC,"Free Flight, Sport",0.11176,0.1016,2,,air
APC_PERFILES_202602,APC Propellers,45x35,APC:4.5X3.5,APC prediction filename matched compacted APC catalog designation,APC,"Pylon Combat, 1/2A Pylon Combat",0.1143,0.08889999999999999,2,,air
APC_PERFILES_202602,APC Propellers,45x4,APC:4.5X4,APC prediction filename matched compacted APC catalog designation,APC,"Pylon Combat, 1/2A Pylon Combat",0.1143,0.1016,2,,air
APC_PERFILES_202602,APC Propellers,45x41E,APC:4.5X4.1E,APC prediction filename matched compacted APC catalog designation,APC,Speed 400 (Electric Only),0.1143,0.10413999999999998,2,,air
APC_PERFILES_202602,APC Propellers,46x3,APC:4.6X3,APC prediction filename matched compacted APC catalog designation,APC,"Pylon Combat, 1/2A Pylon Combat",0.11683999999999999,0.07619999999999999,2,,air
APC_PERFILES_202602,APC Propellers,475x4,APC:4.75X4,APC prediction filename matched compacted APC catalog designation,APC,"Pylon Combat, 1/2A Pylon Combat",0.12065,0.1016,2,,air
APC_PERFILES_202602,APC Propellers,475x45E,APC:4.75X4.5E,APC prediction filename matched compacted APC catalog designation,APC,Speed 400 (Electric Only),0.12065,0.1143,2,,air
APC_PERFILES_202602,APC Propellers,475x475E,APC:4.75X4.75E,APC prediction filename matched compacted APC catalog designation,APC,"Multi Rotor (Electric Only), Speed 400 (Electric Only)",0.12065,0.12065,2,,air
APC_PERFILES_202602,APC Propellers,475x55E,APC:4.75X5.5E,APC prediction filename matched compacted APC catalog designation,APC,Speed 400 (Electric Only),0.12065,0.1397,2,,air
APC_PERFILES_202602,APC Propellers,47x42E,APC:4.7X4.2E,APC prediction filename matched compacted APC catalog designation,APC,Speed 400 (Electric Only),0.11938,0.10668,2,,air
APC_PERFILES_202602,APC Propellers,4x33E,APC:4X3.3E,APC compact prediction filename decoded heuristically; no catalog alias,APC,APC,0.1016,0.08381999999999999,2,,air
APC_PERFILES_202602,APC Propellers,4x45E,APC:4X4.5E,APC compact prediction filename decoded heuristically; no catalog alias,APC,APC,0.1016,0.1143,2,,air
APC_PERFILES_202602,APC Propellers,4x4E-3,APC:4X4E-3,APC compact prediction filename decoded heuristically; no catalog alias,APC,APC,0.1016,0.1016,3,,air
APC_PERFILES_202602,APC Propellers,51x45E,APC:5.1X4.5E,APC prediction filename matched compacted APC catalog designation,APC,Thin Electric,0.12954,0.1143,2,,air
APC_PERFILES_202602,APC Propellers,51x50E,APC:51X5E,APC compact prediction filename decoded heuristically; no catalog alias,APC,APC,1.2953999999999999,0.127,2,,air
APC_PERFILES_202602,APC Propellers,51x50E-3,APC:51X5E-3,APC compact prediction filename decoded heuristically; no catalog alias,APC,APC,1.2953999999999999,0.127,3,,air
APC_PERFILES_202602,APC Propellers,525x475E,APC:5.25X4.75E,APC prediction filename matched compacted APC catalog designation,APC,Speed 400 (Electric Only),0.13335,0.12065,2,,air
APC_PERFILES_202602,APC Propellers,525x55E,APC:5.25X5.5E,APC prediction filename matched compacted APC catalog designation,APC,Speed 400 (Electric Only),0.13335,0.1397,2,,air
APC_PERFILES_202602,APC Propellers,525x625E,APC:5.25X6.25E,APC prediction filename matched compacted APC catalog designation,APC,Speed 400 (Electric Only),0.13335,0.15875,2,,air
APC_PERFILES_202602,APC Propellers,525x8E,APC:5.25X8E,APC prediction filename matched compacted APC catalog designation,APC,"Multi Rotor (Electric Only), FPV Racing / Freestyle, Speed 400 (Electric Only)",0.13335,0.2032,2,,air
APC_PERFILES_202602,APC Propellers,52x60E,APC:52X6E,APC compact prediction filename decoded heuristically; no catalog alias,APC,APC,1.3208,0.15239999999999998,2,,air
APC_PERFILES_202602,APC Propellers,53x59E,APC:5.3X5.9E,APC prediction filename matched compacted APC catalog designation,APC,Speed 400 (Electric Only),0.13462,0.14986,2,,air
APC_PERFILES_202602,APC Propellers,55x2,APC:5.5X2,APC prediction filename matched compacted APC catalog designation,APC,"Free Flight, Sport",0.1397,0.0508,2,,air
APC_PERFILES_202602,APC Propellers,55x25,APC:5.5X2.5,APC prediction filename matched compacted APC catalog designation,APC,"Free Flight, Sport",0.1397,0.0635,2,,air
APC_PERFILES_202602,APC Propellers,55x45E,APC:5.5X4.5E,APC prediction filename matched compacted APC catalog designation,APC,"Multi Rotor (Electric Only), FPV Racing / Freestyle, Speed 400 (Electric Only)",0.1397,0.1143,2,,air
APC_PERFILES_202602,APC Propellers,55x47E,APC:5.5X4.7E,APC prediction filename matched compacted APC catalog designation,APC,"Thin Electric, Speed 400 (Electric Only)",0.1397,0.11938,2,,air
APC_PERFILES_202602,APC Propellers,55x65E,APC:5.5X6.5E,APC prediction filename matched compacted APC catalog designation,APC,Speed 400 (Electric Only),0.1397,0.1651,2,,air
APC_PERFILES_202602,APC Propellers,55x70,APC:5.5X7,APC prediction filename matched compacted APC catalog designation,APC,Pylon Racing,0.1397,0.17779999999999999,2,,air
APC_PERFILES_202602,APC Propellers,57x3,APC:5.7X3,APC prediction filename matched compacted APC catalog designation,APC,"Free Flight, Sport",0.14478,0.07619999999999999,2,,air
APC_PERFILES_202602,APC Propellers,5x11E,APC:5X11E,APC prediction filename matched compacted APC catalog designation,APC,"Multi Rotor (Electric Only), FPV Racing / Freestyle, Speed 400 (Electric Only)",0.127,0.2794,2,,air
APC_PERFILES_202602,APC Propellers,5x3,APC:5X3,APC prediction filename matched compacted APC catalog designation,APC,"Free Flight, Sport",0.127,0.07619999999999999,2,,air
APC_PERFILES_202602,APC Propellers,5x37E-3,APC:5X3.7E-3,APC compact prediction filename decoded heuristically; no catalog alias,APC,APC,0.127,0.09398,3,,air
APC_PERFILES_202602,APC Propellers,5x3E,APC:5X3E,APC prediction filename matched compacted APC catalog designation,APC,"Thin Electric, Multi Rotor (Electric Only)",0.127,0.07619999999999999,2,,air
APC_PERFILES_202602,APC Propellers,5x41SF,APC:5X4.1SF,APC prediction filename matched compacted APC catalog designation,APC,Indoor 3D,0.127,0.10413999999999998,2,,air
APC_PERFILES_202602,APC Propellers,5x43E,APC:5X4.3E,APC compact prediction filename decoded heuristically; no catalog alias,APC,APC,0.127,0.10922,2,,air
APC_PERFILES_202602,APC Propellers,5x45E,APC:5X4.5E,APC compact prediction filename decoded heuristically; no catalog alias,APC,APC,0.127,0.1143,2,,air
APC_PERFILES_202602,APC Propellers,5x46E,APC:5X4.6E,APC compact prediction filename decoded heuristically; no catalog alias,APC,APC,0.127,0.11683999999999999,2,,air
APC_PERFILES_202602,APC Propellers,5x4E-3,APC:5X4E-3,APC compact prediction filename decoded heuristically; no catalog alias,APC,APC,0.127,0.1016,3,,air
APC_PERFILES_202602,APC Propellers,5x4E-4,APC:5X4E-4,APC compact prediction filename decoded heuristically; no catalog alias,APC,APC,0.127,0.1016,4,,air
APC_PERFILES_202602,APC Propellers,5x4R-RH,APC:5X4R-RH,APC prediction filename matched compacted APC catalog designation,APC,"Multi Rotor (Electric Only), 3D - Reversible ESC",0.127,0.1016,2,CCW,air
APC_PERFILES_202602,APC Propellers,5x5E,APC:5X5E,APC prediction filename matched compacted APC catalog designation,APC,"Multi Rotor (Electric Only), FPV Racing / Freestyle, Speed 400 (Electric Only)",0.127,0.127,2,,air
APC_PERFILES_202602,APC Propellers,5x5F,APC:5X5F,APC prediction filename matched compacted APC catalog designation,APC,Folding (Electric Only),0.127,0.127,2,,air
APC_PERFILES_202602,APC Propellers,5x75E,APC:5X7.5E,APC prediction filename matched compacted APC catalog designation,APC,"Multi Rotor (Electric Only), FPV Racing / Freestyle, Speed 400 (Electric Only)",0.127,0.1905,2,,air
APC_PERFILES_202602,APC Propellers,63x4,APC:6.3X4,APC prediction filename matched compacted APC catalog designation,APC,Pylon Combat,0.16002,0.1016,2,,air
APC_PERFILES_202602,APC Propellers,65x29,APC:6.5X2.9,APC prediction filename matched compacted APC catalog designation,APC,Free Flight,0.1651,0.07365999999999999,2,,air
APC_PERFILES_202602,APC Propellers,65x37,APC:6.5X3.7,APC prediction filename matched compacted APC catalog designation,APC,Pylon Combat,0.1651,0.09398,2,,air
APC_PERFILES_202602,APC Propellers,65x50,APC:6.5X5,APC prediction filename matched compacted APC catalog designation,APC,Pylon Racing,0.1651,0.127,2,,air
APC_PERFILES_202602,APC Propellers,65x55,APC:6.5X5.5,APC prediction filename matched compacted APC catalog designation,APC,Pylon Racing,0.1651,0.1397,2,,air
APC_PERFILES_202602,APC Propellers,65x60,APC:6.5X6,APC prediction filename matched compacted APC catalog designation,APC,Pylon Racing,0.1651,0.15239999999999998,2,,air
APC_PERFILES_202602,APC Propellers,65x65,APC:6.5X6.5,APC prediction filename matched compacted APC catalog designation,APC,Pylon Racing,0.1651,0.1651,2,,air
APC_PERFILES_202602,APC Propellers,65x70,APC:6.5X7,APC prediction filename matched compacted APC catalog designation,APC,Pylon Racing,0.1651,0.17779999999999999,2,,air
APC_PERFILES_202602,APC Propellers,65x75,APC:6.5X7.5,APC prediction filename matched compacted APC catalog designation,APC,Pylon Racing,0.1651,0.1905,2,,air
APC_PERFILES_202602,APC Propellers,6x2,APC:6X2,APC prediction filename matched compacted APC catalog designation,APC,"Free Flight, Sport",0.15239999999999998,0.0508,2,,air
APC_PERFILES_202602,APC Propellers,6x3,APC:6X3,APC prediction filename matched compacted APC catalog designation,APC,"Free Flight, Sport",0.15239999999999998,0.07619999999999999,2,,air
APC_PERFILES_202602,APC Propellers,6x31SF,APC:6X3.1SF,APC prediction filename matched compacted APC catalog designation,APC,Indoor 3D,0.15239999999999998,0.07874,2,,air
APC_PERFILES_202602,APC Propellers,6x3F,APC:6X3F,APC prediction filename matched compacted APC catalog designation,APC,Folding (Electric Only),0.15239999999999998,0.07619999999999999,2,,air
APC_PERFILES_202602,APC Propellers,6x3R-RH,APC:6X3R-RH,APC prediction filename matched compacted APC catalog designation,APC,"Multi Rotor (Electric Only), 3D - Reversible ESC",0.15239999999999998,0.07619999999999999,2,CCW,air
APC_PERFILES_202602,APC Propellers,6x4,APC:6X4,APC prediction filename matched compacted APC catalog designation,APC,Sport,0.15239999999999998,0.1016,2,,air
APC_PERFILES_202602,APC Propellers,6x41SF,APC:6X4.1SF,APC prediction filename matched compacted APC catalog designation,APC,Indoor 3D,0.15239999999999998,0.10413999999999998,2,,air
APC_PERFILES_202602,APC Propellers,6x42E-3,APC:6X4.2E-3,APC compact prediction filename decoded heuristically; no catalog alias,APC,APC,0.15239999999999998,0.10668,3,,air
APC_PERFILES_202602,APC Propellers,6x45E,APC:6X4.5E,APC compact prediction filename decoded heuristically; no catalog alias,APC,APC,0.15239999999999998,0.1143,2,,air
APC_PERFILES_202602,APC Propellers,6x4E,APC:6X4E,APC prediction filename matched compacted APC catalog designation,APC,"Multi Rotor (Electric Only), FPV Racing / Freestyle, Speed 400 (Electric Only)",0.15239999999999998,0.1016,2,,air
APC_PERFILES_202602,APC Propellers,6x5,APC:6X5,APC prediction filename matched compacted APC catalog designation,APC,Sport,0.15239999999999998,0.127,2,,air
APC_PERFILES_202602,APC Propellers,6x55E,APC:6X5.5E,APC prediction filename matched compacted APC catalog designation,APC,Thin Electric,0.15239999999999998,0.1397,2,,air
APC_PERFILES_202602,APC Propellers,6x6E,APC:6X6E,APC prediction filename matched compacted APC catalog designation,APC,"Thin Electric, Multi Rotor (Electric Only), FPV Racing / Freestyle",0.15239999999999998,0.15239999999999998,2,,air
APC_PERFILES_202602,APC Propellers,74x75C,APC:7.4X7.5C,APC prediction filename matched compacted APC catalog designation,APC,"Carbon Fiber, AMA 422 (Q40)",0.18796,0.1905,2,,air
APC_PERFILES_202602,APC Propellers,74x76C,APC:7.4X7.6C,APC prediction filename matched compacted APC catalog designation,APC,"Carbon Fiber, AMA 422 (Q40)",0.18796,0.19304,2,,air
APC_PERFILES_202602,APC Propellers,74x77C,APC:7.4X7.7C,APC prediction filename matched compacted APC catalog designation,APC,"Carbon Fiber, AMA 422 (Q40)",0.18796,0.19558,2,,air
APC_PERFILES_202602,APC Propellers,78x4,APC:7.8X4,APC prediction filename matched compacted APC catalog designation,APC,"Free Flight, Pylon Combat",0.19812,0.1016,2,,air
APC_PERFILES_202602,APC Propellers,78x6,APC:7.8X6,APC prediction filename matched compacted APC catalog designation,APC,Pylon Combat,0.19812,0.15239999999999998,2,,air
APC_PERFILES_202602,APC Propellers,78x7,APC:7.8X7,APC prediction filename matched compacted APC catalog designation,APC,Pylon Combat,0.19812,0.17779999999999999,2,,air
APC_PERFILES_202602,APC Propellers,7x10,APC:7X10,APC prediction filename matched compacted APC catalog designation,APC,Sport,0.17779999999999999,0.254,2,,air
APC_PERFILES_202602,APC Propellers,7x11E,APC:7X11E,APC prediction filename matched compacted APC catalog designation,APC,"Thin Electric, Multi Rotor (Electric Only), FPV Racing / Freestyle",0.17779999999999999,0.2794,2,,air
APC_PERFILES_202602,APC Propellers,7x15E,APC:7X15E,APC prediction filename matched compacted APC catalog designation,APC,"Thin Electric, Multi Rotor (Electric Only), FPV Racing / Freestyle",0.17779999999999999,0.381,2,,air
APC_PERFILES_202602,APC Propellers,7x3,APC:7X3,APC prediction filename matched compacted APC catalog designation,APC,"Free Flight, Sport",0.17779999999999999,0.07619999999999999,2,,air
APC_PERFILES_202602,APC Propellers,7x38WSF,APC:7X3.8WSF,APC prediction filename matched compacted APC catalog designation,APC,Slow Fly (Electric Only),0.17779999999999999,0.09652,2,,air
APC_PERFILES_202602,APC Propellers,7x4,APC:7X4,APC prediction filename matched compacted APC catalog designation,APC,"Free Flight, Sport",0.17779999999999999,0.1016,2,,air
APC_PERFILES_202602,APC Propellers,7x41SF,APC:7X4.1SF,APC prediction filename matched compacted APC catalog designation,APC,Indoor 3D,0.17779999999999999,0.10413999999999998,2,,air
APC_PERFILES_202602,APC Propellers,7x4E,APC:7X4E,APC prediction filename matched compacted APC catalog designation,APC,"Thin Electric, Multi Rotor (Electric Only)",0.17779999999999999,0.1016,2,,air
APC_PERFILES_202602,APC Propellers,7x4F,APC:7X4F,APC prediction filename matched compacted APC catalog designation,APC,Folding (Electric Only),0.17779999999999999,0.1016,2,,air
APC_PERFILES_202602,APC Propellers,7x4SF,APC:7X4SF,APC prediction filename matched compacted APC catalog designation,APC,"Multi Rotor (Electric Only), Slow Fly (Electric Only)",0.17779999999999999,0.1016,2,,air
APC_PERFILES_202602,APC Propellers,7x5,APC:7X5,APC prediction filename matched compacted APC catalog designation,APC,Sport,0.17779999999999999,0.127,2,,air
APC_PERFILES_202602,APC Propellers,7x5E,APC:7X5E,APC prediction filename matched compacted APC catalog designation,APC,"Thin Electric, Multi Rotor (Electric Only)",0.17779999999999999,0.127,2,,air
APC_PERFILES_202602,APC Propellers,7x5SF,APC:7X5SF,APC prediction filename matched compacted APC catalog designation,APC,Slow Fly (Electric Only),0.17779999999999999,0.127,2,,air
APC_PERFILES_202602,APC Propellers,7x6,APC:7X6,APC prediction filename matched compacted APC catalog designation,APC,Sport,0.17779999999999999,0.15239999999999998,2,,air
APC_PERFILES_202602,APC Propellers,7x6E,APC:7X6E,APC prediction filename matched compacted APC catalog designation,APC,"Thin Electric, Multi Rotor (Electric Only)",0.17779999999999999,0.15239999999999998,2,,air
APC_PERFILES_202602,APC Propellers,7x6F,APC:7X6F,APC prediction filename matched compacted APC catalog designation,APC,Folding (Electric Only),0.17779999999999999,0.15239999999999998,2,,air
APC_PERFILES_202602,APC Propellers,7x6SF,APC:7X6SF,APC prediction filename matched compacted APC catalog designation,APC,Slow Fly (Electric Only),0.17779999999999999,0.15239999999999998,2,,air
APC_PERFILES_202602,APC Propellers,7x6W,APC:7X6W,APC prediction filename matched compacted APC catalog designation,APC,Pylon Racing,0.17779999999999999,0.15239999999999998,2,,air
APC_PERFILES_202602,APC Propellers,7x7,APC:7X7,APC prediction filename matched compacted APC catalog designation,APC,Sport,0.17779999999999999,0.17779999999999999,2,,air
APC_PERFILES_202602,APC Propellers,7x7E,APC:7X7E,APC prediction filename matched compacted APC catalog designation,APC,Thin Electric,0.17779999999999999,0.17779999999999999,2,,air
APC_PERFILES_202602,APC Propellers,7x8,APC:7X8,APC prediction filename matched compacted APC catalog designation,APC,Sport,0.17779999999999999,0.2032,2,,air
APC_PERFILES_202602,APC Propellers,7x9,APC:7X9,APC prediction filename matched compacted APC catalog designation,APC,Sport,0.17779999999999999,0.2286,2,,air
APC_PERFILES_202602,APC Propellers,7x9E,APC:7X9E,APC prediction filename matched compacted APC catalog designation,APC,"Thin Electric, Multi Rotor (Electric Only), FPV Racing / Freestyle",0.17779999999999999,0.2286,2,,air
APC_PERFILES_202602,APC Propellers,8625x375,APC:8.625X3.75,APC prediction filename matched compacted APC catalog designation,APC,Free Flight,0.219075,0.09525,2,,air
APC_PERFILES_202602,APC Propellers,875x50,APC:8.75X5,APC prediction filename matched compacted APC catalog designation,APC,Pylon Combat,0.22225,0.127,2,,air
APC_PERFILES_202602,APC Propellers,875x70N,APC:8.75X7N,APC prediction filename matched compacted APC catalog designation,APC,Pylon Racing,0.22225,0.17779999999999999,2,,air
APC_PERFILES_202602,APC Propellers,875x75N,APC:8.75X7.5N,APC prediction filename matched compacted APC catalog designation,APC,Pylon Racing,0.22225,0.1905,2,,air
APC_PERFILES_202602,APC Propellers,875x75NN,APC:8.75X7.5NN,APC prediction filename matched compacted APC catalog designation,APC,Pylon Racing,0.22225,0.1905,2,,air
APC_PERFILES_202602,APC Propellers,875x75W,APC:8.75X7.5W,APC prediction filename matched compacted APC catalog designation,APC,Pylon Racing,0.22225,0.1905,2,,air
APC_PERFILES_202602,APC Propellers,875x775NN,APC:8.75X7.75NN,APC prediction filename matched compacted APC catalog designation,APC,Pylon Racing,0.22225,0.19685,2,,air
APC_PERFILES_202602,APC Propellers,875x80NN,APC:8.75X8NN,APC prediction filename matched compacted APC catalog designation,APC,Pylon Racing,0.22225,0.2032,2,,air
APC_PERFILES_202602,APC Propellers,875x825NN,APC:8.75X8.25NN,APC prediction filename matched compacted APC catalog designation,APC,Pylon Racing,0.22225,0.20955,2,,air
APC_PERFILES_202602,APC Propellers,875x85N,APC:8.75X8.5N,APC prediction filename matched compacted APC catalog designation,APC,AMA 426 (Q500),0.22225,0.21589999999999998,2,,air
APC_PERFILES_202602,APC Propellers,875x875NN,APC:8.75X8.75NN,APC prediction filename matched compacted APC catalog designation,APC,Pylon Racing,0.22225,0.22225,2,,air
APC_PERFILES_202602,APC Propellers,875x875W,APC:8.75X8.75W,APC prediction filename matched compacted APC catalog designation,APC,Pylon Racing,0.22225,0.22225,2,,air
APC_PERFILES_202602,APC Propellers,875x90NN,APC:8.75X9NN,APC prediction filename matched compacted APC catalog designation,APC,Pylon Racing,0.22225,0.2286,2,,air
APC_PERFILES_202602,APC Propellers,875x90W,APC:8.75X9W,APC prediction filename matched compacted APC catalog designation,APC,Pylon Racing,0.22225,0.2286,2,,air
APC_PERFILES_202602,APC Propellers,875x925NN,APC:8.75X9.25NN,APC prediction filename matched compacted APC catalog designation,APC,Pylon Racing,0.22225,0.23495,2,,air
APC_PERFILES_202602,APC Propellers,875x925W,APC:8.75X9.25W,APC prediction filename matched compacted APC catalog designation,APC,Pylon Racing,0.22225,0.23495,2,,air
APC_PERFILES_202602,APC Propellers,88x85,APC:8.8X8.5,APC prediction filename matched compacted APC catalog designation,APC,Pylon Racing,0.22352,0.21589999999999998,2,,air
APC_PERFILES_202602,APC Propellers,88x875,APC:8.8X8.75,APC prediction filename matched compacted APC catalog designation,APC,AMA 426 (Q500),0.22352,0.22225,2,,air
APC_PERFILES_202602,APC Propellers,88x89,APC:8.8X8.9,APC prediction filename matched compacted APC catalog designation,APC,AMA 426 (Q500),0.22352,0.22606,2,,air
APC_PERFILES_202602,APC Propellers,88x90,APC:8.8X9,APC prediction filename matched compacted APC catalog designation,APC,AMA 426 (Q500),0.22352,0.2286,2,,air
APC_PERFILES_202602,APC Propellers,88x925,APC:8.8X9.25,APC prediction filename matched compacted APC catalog designation,APC,AMA 426 (Q500),0.22352,0.23495,2,,air
APC_PERFILES_202602,APC Propellers,88x95,APC:8.8X9.5,APC prediction filename matched compacted APC catalog designation,APC,Pylon Racing,0.22352,0.2413,2,,air
APC_PERFILES_202602,APC Propellers,88x975,APC:8.8X9.75,APC prediction filename matched compacted APC catalog designation,APC,Pylon Racing,0.22352,0.24764999999999998,2,,air
APC_PERFILES_202602,APC Propellers,8x10,APC:8X10,APC prediction filename matched compacted APC catalog designation,APC,Sport,0.2032,0.254,2,,air
APC_PERFILES_202602,APC Propellers,8x10E,APC:8X10E,APC prediction filename matched compacted APC catalog designation,APC,Thin Electric,0.2032,0.254,2,,air
APC_PERFILES_202602,APC Propellers,8x375,APC:8X3.75,APC prediction filename matched compacted APC catalog designation,APC,Free Flight,0.2032,0.09525,2,,air
APC_PERFILES_202602,APC Propellers,8x37SFR-PC,APC:8X3.7SFR-PC,APC compact prediction filename decoded heuristically; no catalog alias,APC,APC,0.2032,0.09398,2,,air
APC_PERFILES_202602,APC Propellers,8x38SF,APC:8X3.8SF,APC prediction filename matched compacted APC catalog designation,APC,"Multi Rotor (Electric Only), Slow Fly (Electric Only)",0.2032,0.09652,2,,air
APC_PERFILES_202602,APC Propellers,8x4,APC:8X4,APC prediction filename matched compacted APC catalog designation,APC,Sport,0.2032,0.1016,2,,air
APC_PERFILES_202602,APC Propellers,8x41SF,APC:8X4.1SF,APC prediction filename matched compacted APC catalog designation,APC,Indoor 3D,0.2032,0.10413999999999998,2,,air
APC_PERFILES_202602,APC Propellers,8x42SFR,APC:8X4.2SFR,APC prediction filename matched compacted APC catalog designation,APC,"Indoor 3D, Reversible ESC (Slow Fly)",0.2032,0.10668,2,,air
APC_PERFILES_202602,APC Propellers,8x45MR,APC:8X4.5MR,APC prediction filename matched compacted APC catalog designation,APC,Multi Rotor (Electric Only),0.2032,0.1143,2,,air
APC_PERFILES_202602,APC Propellers,8x47SF,APC:8X4.7SF,APC prediction filename matched compacted APC catalog designation,APC,"Multi Rotor (Electric Only), Slow Fly (Electric Only)",0.2032,0.11938,2,,air
APC_PERFILES_202602,APC Propellers,8x4E,APC:8X4E,APC prediction filename matched compacted APC catalog designation,APC,Thin Electric,0.2032,0.1016,2,,air
APC_PERFILES_202602,APC Propellers,8x4F,APC:8X4F,APC prediction filename matched compacted APC catalog designation,APC,Folding (Electric Only),0.2032,0.1016,2,,air
APC_PERFILES_202602,APC Propellers,8x5,APC:8X5,APC prediction filename matched compacted APC catalog designation,APC,Sport,0.2032,0.127,2,,air
APC_PERFILES_202602,APC Propellers,8x6,APC:8X6,APC prediction filename matched compacted APC catalog designation,APC,"Sport, Control Line",0.2032,0.15239999999999998,2,,air
APC_PERFILES_202602,APC Propellers,8x6E,APC:8X6E,APC prediction filename matched compacted APC catalog designation,APC,Thin Electric,0.2032,0.15239999999999998,2,,air
APC_PERFILES_202602,APC Propellers,8x6SF,APC:8X6SF,APC prediction filename matched compacted APC catalog designation,APC,Slow Fly (Electric Only),0.2032,0.15239999999999998,2,,air
APC_PERFILES_202602,APC Propellers,8x7,APC:8X7,APC prediction filename matched compacted APC catalog designation,APC,Sport,0.2032,0.17779999999999999,2,,air
APC_PERFILES_202602,APC Propellers,8x73,APC:8X7.3,APC prediction filename matched compacted APC catalog designation,APC,Pylon Racing,0.2032,0.18542,2,,air
APC_PERFILES_202602,APC Propellers,8x8,APC:8X8,APC prediction filename matched compacted APC catalog designation,APC,Sport,0.2032,0.2032,2,,air
APC_PERFILES_202602,APC Propellers,8x8E,APC:8X8E,APC prediction filename matched compacted APC catalog designation,APC,Thin Electric,0.2032,0.2032,2,,air
APC_PERFILES_202602,APC Propellers,8x9,APC:8X9,APC prediction filename matched compacted APC catalog designation,APC,Sport,0.2032,0.2286,2,,air
APC_PERFILES_202602,APC Propellers,925x60,APC:9.25X6,APC prediction filename matched compacted APC catalog designation,APC,Pylon Racing,0.23495,0.15239999999999998,2,,air
APC_PERFILES_202602,APC Propellers,93x3,APC:9.3X3,APC prediction filename matched compacted APC catalog designation,APC,Pylon Combat,0.23622,0.07619999999999999,2,,air
APC_PERFILES_202602,APC Propellers,95x45,APC:9.5X4.5,APC prediction filename matched compacted APC catalog designation,APC,"Free Flight, Sport",0.2413,0.1143,2,,air
APC_PERFILES_202602,APC Propellers,95x5MR,APC:95X5MR,APC compact prediction filename decoded heuristically; no catalog alias,APC,APC,2.413,0.127,2,,air
APC_PERFILES_202602,APC Propellers,95x6,APC:9.5X6,APC prediction filename matched compacted APC catalog designation,APC,Sport,0.2413,0.15239999999999998,2,,air
APC_PERFILES_202602,APC Propellers,95x75N,APC:9.5X7.5N,APC prediction filename matched compacted APC catalog designation,APC,Pylon Racing,0.2413,0.1905,2,,air
APC_PERFILES_202602,APC Propellers,95x7N,APC:9.5X7N,APC prediction filename matched compacted APC catalog designation,APC,Pylon Racing,0.2413,0.17779999999999999,2,,air
APC_PERFILES_202602,APC Propellers,9625x375N,APC:9.625X3.75N,APC prediction filename matched compacted APC catalog designation,APC,Free Flight,0.244475,0.09525,2,,air
APC_PERFILES_202602,APC Propellers,9x10,APC:9X10,APC prediction filename matched compacted APC catalog designation,APC,Sport,0.2286,0.254,2,,air
APC_PERFILES_202602,APC Propellers,9x3,APC:9X3,APC prediction filename matched compacted APC catalog designation,APC,"Sport, Pylon Combat",0.2286,0.07619999999999999,2,,air
APC_PERFILES_202602,APC Propellers,9x37SF,APC:9X3.7SF,APC prediction filename matched compacted APC catalog designation,APC,Indoor 3D,0.2286,0.09398,2,,air
APC_PERFILES_202602,APC Propellers,9x38SF,APC:9X3.8SF,APC prediction filename matched compacted APC catalog designation,APC,"Multi Rotor (Electric Only), Slow Fly (Electric Only)",0.2286,0.09652,2,,air
APC_PERFILES_202602,APC Propellers,9x39SFR-PC,APC:9X3.9SFR-PC,APC compact prediction filename decoded heuristically; no catalog alias,APC,APC,0.2286,0.09906,2,,air
APC_PERFILES_202602,APC Propellers,9x3N,APC:9X3N,APC prediction filename matched compacted APC catalog designation,APC,Pylon Combat,0.2286,0.07619999999999999,2,,air
APC_PERFILES_202602,APC Propellers,9x4,APC:9X4,APC prediction filename matched compacted APC catalog designation,APC,"Free Flight, Sport",0.2286,0.1016,2,,air
APC_PERFILES_202602,APC Propellers,9x41SF,APC:9X4.1SF,APC prediction filename matched compacted APC catalog designation,APC,Indoor 3D,0.2286,0.10413999999999998,2,,air
APC_PERFILES_202602,APC Propellers,9x44SFR,APC:9X4.4SFR,APC prediction filename matched compacted APC catalog designation,APC,"Indoor 3D, Reversible ESC (Slow Fly)",0.2286,0.11176,2,,air
APC_PERFILES_202602,APC Propellers,9x45E,APC:9X4.5E,APC prediction filename matched compacted APC catalog designation,APC,Thin Electric,0.2286,0.1143,2,,air
APC_PERFILES_202602,APC Propellers,9x45MR,APC:9X4.5MR,APC prediction filename matched compacted APC catalog designation,APC,Multi Rotor (Electric Only),0.2286,0.1143,2,,air
APC_PERFILES_202602,APC Propellers,9x45MRF-RH,APC:9X4.5MRF-RH,APC prediction filename matched compacted APC catalog designation,APC,"Multi Rotor (Electric Only), MR Folding",0.2286,0.1143,2,CCW,air
APC_PERFILES_202602,APC Propellers,9x45R-RH,APC:9X4.5R-RH,APC prediction filename matched compacted APC catalog designation,APC,"Multi Rotor (Electric Only), 3D - Reversible ESC",0.2286,0.1143,2,CCW,air
APC_PERFILES_202602,APC Propellers,9x46SF,APC:9X4.6SF,APC prediction filename matched compacted APC catalog designation,APC,Indoor 3D,0.2286,0.11683999999999999,2,,air
APC_PERFILES_202602,APC Propellers,9x47SF,APC:9X4.7SF,APC prediction filename matched compacted APC catalog designation,APC,"Multi Rotor (Electric Only), Slow Fly (Electric Only)",0.2286,0.11938,2,,air
APC_PERFILES_202602,APC Propellers,9x4M-LH,APC:9X4M-LH,APC prediction filename matched compacted APC catalog designation; marine medium retained,APC,Marine,0.2286,0.1016,2,CW,air
APC_PERFILES_202602,APC Propellers,9x5,APC:9X5,APC prediction filename matched compacted APC catalog designation,APC,"Free Flight, Sport",0.2286,0.127,2,,air
APC_PERFILES_202602,APC Propellers,9x5F,APC:9X5F,APC prediction filename matched compacted APC catalog designation,APC,Folding (Electric Only),0.2286,0.127,2,,air
APC_PERFILES_202602,APC Propellers,9x5M-JK,APC:9X5M-JK,APC prediction filename matched compacted APC catalog designation; marine medium retained,APC,Marine,0.2286,0.127,2,,air
APC_PERFILES_202602,APC Propellers,9x6,APC:9X6,APC prediction filename matched compacted APC catalog designation,APC,"Sport, AMA 424 (Sport Q500)",0.2286,0.15239999999999998,2,,air
APC_PERFILES_202602,APC Propellers,9x6-4,APC:9X6-4,APC prediction filename matched compacted APC catalog designation,APC,"Sport, 4 Bladed (for IC Engines)",0.2286,0.15239999999999998,4,,air
APC_PERFILES_202602,APC Propellers,9x65,APC:9X6.5,APC prediction filename matched compacted APC catalog designation,APC,Pylon Racing,0.2286,0.1651,2,,air
APC_PERFILES_202602,APC Propellers,9x6E,APC:9X6E,APC prediction filename matched compacted APC catalog designation,APC,Thin Electric,0.2286,0.15239999999999998,2,,air
APC_PERFILES_202602,APC Propellers,9x6N,APC:9X6N,APC prediction filename matched compacted APC catalog designation,APC,Control Line Racing,0.2286,0.15239999999999998,2,,air
APC_PERFILES_202602,APC Propellers,9x6SF,APC:9X6SF,APC prediction filename matched compacted APC catalog designation,APC,Slow Fly (Electric Only),0.2286,0.15239999999999998,2,,air
APC_PERFILES_202602,APC Propellers,9x7,APC:9X7,APC prediction filename matched compacted APC catalog designation,APC,Sport,0.2286,0.17779999999999999,2,,air
APC_PERFILES_202602,APC Propellers,9x75,APC:9X7.5,APC prediction filename matched compacted APC catalog designation,APC,Pylon Racing,0.2286,0.1905,2,,air
APC_PERFILES_202602,APC Propellers,9x75E,APC:9X7.5E,APC prediction filename matched compacted APC catalog designation,APC,Thin Electric,0.2286,0.1905,2,,air
APC_PERFILES_202602,APC Propellers,9x75SF,APC:9X7.5SF,APC prediction filename matched compacted APC catalog designation,APC,Slow Fly (Electric Only),0.2286,0.1905,2,,air
APC_PERFILES_202602,APC Propellers,9x8,APC:9X8,APC prediction filename matched compacted APC catalog designation,APC,Sport,0.2286,0.2032,2,,air
APC_PERFILES_202602,APC Propellers,9x85,APC:9X8.5,APC prediction filename matched compacted APC catalog designation,APC,Pylon Racing,0.2286,0.21589999999999998,2,,air
APC_PERFILES_202602,APC Propellers,9x8E-3,APC:9X8E-3,APC prediction filename matched compacted APC catalog designation,APC,"Thin Electric, 3 Bladed (Electric Only)",0.2286,0.2032,3,,air
APC_PERFILES_202602,APC Propellers,9x9,APC:9X9,APC prediction filename matched compacted APC catalog designation,APC,Sport,0.2286,0.2286,2,,air
APC_PERFILES_202602,APC Propellers,9x9E,APC:9X9E,APC prediction filename matched compacted APC catalog designation,APC,Thin Electric,0.2286,0.2286,2,,air
ENOLA_2026,ENOLA Propeller Database 2026,APC15x8,APC:15X8,ENOLA APC family mapped to common APC Model_ID,APC,"Sport, Pattern",0.381,0.2032,2,,air
ENOLA_2026,ENOLA Propeller Database 2026,APC19x10,APC:19X10,ENOLA APC family mapped to common APC Model_ID,APC,APC,0.4826,0.254,2,,air
ENOLA_2026,ENOLA Propeller Database 2026,APX15x8,APC:15X8,ENOLA APC family mapped to common APC Model_ID,APC,"Sport, Pattern",0.381,0.2032,2,,air
ENOLA_2026,ENOLA Propeller Database 2026,APX19x10,APC:19X10,ENOLA APC family mapped to common APC Model_ID,APC,APC,0.4826,0.254,2,,air
ENOLA_2026,ENOLA Propeller Database 2026,AeronautCAM9x5,ENOLA:AERONAUT:AERONAUTCAM9X5,ENOLA family and model normalized without cross-manufacturer merging,Aeronaut,ENOLA database,0.2286,0.127,2,,air
ENOLA_2026,ENOLA Propeller Database 2026,Casalino,ENOLA:CUSTOM:CASALINO,ENOLA family and model normalized without cross-manufacturer merging,Custom,ENOLA database,0.3,,,,air
ENOLA_2026,ENOLA Propeller Database 2026,MS1101,ENOLA:T-MOTOR:MS1101,ENOLA family and model normalized without cross-manufacturer merging,T-Motor,ENOLA database,0.2794,,,,air
ENOLA_2026,ENOLA Propeller Database 2026,XOAR10x6,ENOLA:XOAR:XOAR10X6,ENOLA family and model normalized without cross-manufacturer merging,XOAR,ENOLA database,0.254,0.15239999999999998,2,,air
ENOLA_2026,ENOLA Propeller Database 2026,XOAR16x12,ENOLA:XOAR:XOAR16X12,ENOLA family and model normalized without cross-manufacturer merging,XOAR,ENOLA database,0.4064,0.30479999999999996,2,,air
ENOLA_2026,ENOLA Propeller Database 2026,XOAR9x7,ENOLA:XOAR:XOAR9X7,ENOLA family and model normalized without cross-manufacturer merging,XOAR,ENOLA database,0.2286,0.17779999999999999,2,,air
ENOLA_2026,ENOLA Propeller Database 2026,XOAR9x7ScaleD30cm,ENOLA:XOAR:XOAR9X7SCALED30CM,ENOLA family and model normalized without cross-manufacturer merging,XOAR,ENOLA database,0.3,0.17779999999999999,2,,air
ENOLA_2026,ENOLA Propeller Database 2026,XOAR_10x6,ENOLA:XOAR:XOAR-10X6,ENOLA family and model normalized without cross-manufacturer merging,XOAR,ENOLA database,0.254,0.15239999999999998,2,,air
ENOLA_2026,ENOLA Propeller Database 2026,XOAR_16x12,ENOLA:XOAR:XOAR-16X12,ENOLA family and model normalized without cross-manufacturer merging,XOAR,ENOLA database,0.4064,0.30479999999999996,2,,air
ENOLA_2026,ENOLA Propeller Database 2026,XOAR_9x7,ENOLA:XOAR:XOAR-9X7,ENOLA family and model normalized without cross-manufacturer merging,XOAR,ENOLA database,0.2286,0.17779999999999999,2,,air
ENOLA_2026,ENOLA Propeller Database 2026,XOAR_9x7_ScaleD30cm,ENOLA:XOAR:XOAR-9X7-SCALED30CM,ENOLA family and model normalized without cross-manufacturer merging,XOAR,ENOLA database,0.3,0.17779999999999999,2,,air
UIUC_2022,UIUC Propeller Database,ance_8.5x6,UIUC:AERONAUT:8.5X6,UIUC prefix ance mapped to Aeronaut/Carbon Electric,Aeronaut,Carbon Electric,0.21589999999999998,0.15239999999999998,2,,air
UIUC_2022,UIUC Propeller Database,ance_8.5x7,UIUC:AERONAUT:8.5X7,UIUC prefix ance mapped to Aeronaut/Carbon Electric,Aeronaut,Carbon Electric,0.21589999999999998,0.17779999999999999,2,,air
UIUC_2022,UIUC Propeller Database,ancf_10x12,UIUC:AERONAUT:10X12,UIUC prefix ancf mapped to Aeronaut/Carbon Folding,Aeronaut,Carbon Folding,0.254,0.30479999999999996,2,,air
UIUC_2022,UIUC Propeller Database,ancf_10x4,UIUC:AERONAUT:10X4,UIUC prefix ancf mapped to Aeronaut/Carbon Folding,Aeronaut,Carbon Folding,0.254,0.1016,2,,air
UIUC_2022,UIUC Propeller Database,ancf_10x5,UIUC:AERONAUT:10X5,UIUC prefix ancf mapped to Aeronaut/Carbon Folding,Aeronaut,Carbon Folding,0.254,0.127,2,,air
UIUC_2022,UIUC Propeller Database,ancf_10x6,UIUC:AERONAUT:10X6,UIUC prefix ancf mapped to Aeronaut/Carbon Folding,Aeronaut,Carbon Folding,0.254,0.15239999999999998,2,,air
UIUC_2022,UIUC Propeller Database,ancf_10x7,UIUC:AERONAUT:10X7,UIUC prefix ancf mapped to Aeronaut/Carbon Folding,Aeronaut,Carbon Folding,0.254,0.17779999999999999,2,,air
UIUC_2022,UIUC Propeller Database,ancf_10x8,UIUC:AERONAUT:10X8,UIUC prefix ancf mapped to Aeronaut/Carbon Folding,Aeronaut,Carbon Folding,0.254,0.2032,2,,air
UIUC_2022,UIUC Propeller Database,ancf_11x10,UIUC:AERONAUT:11X10,UIUC prefix ancf mapped to Aeronaut/Carbon Folding,Aeronaut,Carbon Folding,0.2794,0.254,2,,air
UIUC_2022,UIUC Propeller Database,ancf_11x12,UIUC:AERONAUT:11X12,UIUC prefix ancf mapped to Aeronaut/Carbon Folding,Aeronaut,Carbon Folding,0.2794,0.30479999999999996,2,,air
UIUC_2022,UIUC Propeller Database,ancf_11x4,UIUC:AERONAUT:11X4,UIUC prefix ancf mapped to Aeronaut/Carbon Folding,Aeronaut,Carbon Folding,0.2794,0.1016,2,,air
UIUC_2022,UIUC Propeller Database,ancf_11x6,UIUC:AERONAUT:11X6,UIUC prefix ancf mapped to Aeronaut/Carbon Folding,Aeronaut,Carbon Folding,0.2794,0.15239999999999998,2,,air
UIUC_2022,UIUC Propeller Database,ancf_11x7,UIUC:AERONAUT:11X7,UIUC prefix ancf mapped to Aeronaut/Carbon Folding,Aeronaut,Carbon Folding,0.2794,0.17779999999999999,2,,air
UIUC_2022,UIUC Propeller Database,ancf_11x8,UIUC:AERONAUT:11X8,UIUC prefix ancf mapped to Aeronaut/Carbon Folding,Aeronaut,Carbon Folding,0.2794,0.2032,2,,air
UIUC_2022,UIUC Propeller Database,ancf_125x6,UIUC:AERONAUT:125X6,UIUC prefix ancf mapped to Aeronaut/Carbon Folding,Aeronaut,Carbon Folding,3.175,0.15239999999999998,2,,air
UIUC_2022,UIUC Propeller Database,ancf_125x75,UIUC:AERONAUT:125X75,UIUC prefix ancf mapped to Aeronaut/Carbon Folding,Aeronaut,Carbon Folding,3.175,1.905,2,,air
UIUC_2022,UIUC Propeller Database,ancf_125x9,UIUC:AERONAUT:125X9,UIUC prefix ancf mapped to Aeronaut/Carbon Folding,Aeronaut,Carbon Folding,3.175,0.2286,2,,air
UIUC_2022,UIUC Propeller Database,ancf_12x10,UIUC:AERONAUT:12X10,UIUC prefix ancf mapped to Aeronaut/Carbon Folding,Aeronaut,Carbon Folding,0.30479999999999996,0.254,2,,air
UIUC_2022,UIUC Propeller Database,ancf_12x13,UIUC:AERONAUT:12X13,UIUC prefix ancf mapped to Aeronaut/Carbon Folding,Aeronaut,Carbon Folding,0.30479999999999996,0.3302,2,,air
UIUC_2022,UIUC Propeller Database,ancf_12x5,UIUC:AERONAUT:12X5,UIUC prefix ancf mapped to Aeronaut/Carbon Folding,Aeronaut,Carbon Folding,0.30479999999999996,0.127,2,,air
UIUC_2022,UIUC Propeller Database,ancf_12x6,UIUC:AERONAUT:12X6,UIUC prefix ancf mapped to Aeronaut/Carbon Folding,Aeronaut,Carbon Folding,0.30479999999999996,0.15239999999999998,2,,air
UIUC_2022,UIUC Propeller Database,ancf_12x65,UIUC:AERONAUT:12X65,UIUC prefix ancf mapped to Aeronaut/Carbon Folding,Aeronaut,Carbon Folding,0.30479999999999996,1.651,2,,air
UIUC_2022,UIUC Propeller Database,ancf_12x8,UIUC:AERONAUT:12X8,UIUC prefix ancf mapped to Aeronaut/Carbon Folding,Aeronaut,Carbon Folding,0.30479999999999996,0.2032,2,,air
UIUC_2022,UIUC Propeller Database,ancf_12x9,UIUC:AERONAUT:12X9,UIUC prefix ancf mapped to Aeronaut/Carbon Folding,Aeronaut,Carbon Folding,0.30479999999999996,0.2286,2,,air
UIUC_2022,UIUC Propeller Database,ancf_13x10,UIUC:AERONAUT:13X10,UIUC prefix ancf mapped to Aeronaut/Carbon Folding,Aeronaut,Carbon Folding,0.3302,0.254,2,,air
UIUC_2022,UIUC Propeller Database,ancf_13x11,UIUC:AERONAUT:13X11,UIUC prefix ancf mapped to Aeronaut/Carbon Folding,Aeronaut,Carbon Folding,0.3302,0.2794,2,,air
UIUC_2022,UIUC Propeller Database,ancf_13x5,UIUC:AERONAUT:13X5,UIUC prefix ancf mapped to Aeronaut/Carbon Folding,Aeronaut,Carbon Folding,0.3302,0.127,2,,air
UIUC_2022,UIUC Propeller Database,ancf_13x65,UIUC:AERONAUT:13X65,UIUC prefix ancf mapped to Aeronaut/Carbon Folding,Aeronaut,Carbon Folding,0.3302,1.651,2,,air
UIUC_2022,UIUC Propeller Database,ancf_13x8,UIUC:AERONAUT:13X8,UIUC prefix ancf mapped to Aeronaut/Carbon Folding,Aeronaut,Carbon Folding,0.3302,0.2032,2,,air
UIUC_2022,UIUC Propeller Database,ancf_14x12,UIUC:AERONAUT:14X12,UIUC prefix ancf mapped to Aeronaut/Carbon Folding,Aeronaut,Carbon Folding,0.35559999999999997,0.30479999999999996,2,,air
UIUC_2022,UIUC Propeller Database,ancf_14x6,UIUC:AERONAUT:14X6,UIUC prefix ancf mapped to Aeronaut/Carbon Folding,Aeronaut,Carbon Folding,0.35559999999999997,0.15239999999999998,2,,air
UIUC_2022,UIUC Propeller Database,ancf_14x8,UIUC:AERONAUT:14X8,UIUC prefix ancf mapped to Aeronaut/Carbon Folding,Aeronaut,Carbon Folding,0.35559999999999997,0.2032,2,,air
UIUC_2022,UIUC Propeller Database,ancf_14x9,UIUC:AERONAUT:14X9,UIUC prefix ancf mapped to Aeronaut/Carbon Folding,Aeronaut,Carbon Folding,0.35559999999999997,0.2286,2,,air
UIUC_2022,UIUC Propeller Database,ancf_15x10,UIUC:AERONAUT:15X10,UIUC prefix ancf mapped to Aeronaut/Carbon Folding,Aeronaut,Carbon Folding,0.381,0.254,2,,air
UIUC_2022,UIUC Propeller Database,ancf_15x6,UIUC:AERONAUT:15X6,UIUC prefix ancf mapped to Aeronaut/Carbon Folding,Aeronaut,Carbon Folding,0.381,0.15239999999999998,2,,air
UIUC_2022,UIUC Propeller Database,ancf_15x8,UIUC:AERONAUT:15X8,UIUC prefix ancf mapped to Aeronaut/Carbon Folding,Aeronaut,Carbon Folding,0.381,0.2032,2,,air
UIUC_2022,UIUC Propeller Database,ancf_16x6,UIUC:AERONAUT:16X6,UIUC prefix ancf mapped to Aeronaut/Carbon Folding,Aeronaut,Carbon Folding,0.4064,0.15239999999999998,2,,air
UIUC_2022,UIUC Propeller Database,ancf_16x8,UIUC:AERONAUT:16X8,UIUC prefix ancf mapped to Aeronaut/Carbon Folding,Aeronaut,Carbon Folding,0.4064,0.2032,2,,air
UIUC_2022,UIUC Propeller Database,ancf_9x4,UIUC:AERONAUT:9X4,UIUC prefix ancf mapped to Aeronaut/Carbon Folding,Aeronaut,Carbon Folding,0.2286,0.1016,2,,air
UIUC_2022,UIUC Propeller Database,ancf_9x5,UIUC:AERONAUT:9X5,UIUC prefix ancf mapped to Aeronaut/Carbon Folding,Aeronaut,Carbon Folding,0.2286,0.127,2,,air
UIUC_2022,UIUC Propeller Database,ancf_9x6,UIUC:AERONAUT:9X6,UIUC prefix ancf mapped to Aeronaut/Carbon Folding,Aeronaut,Carbon Folding,0.2286,0.15239999999999998,2,,air
UIUC_2022,UIUC Propeller Database,ancf_9x7,UIUC:AERONAUT:9X7,UIUC prefix ancf mapped to Aeronaut/Carbon Folding,Aeronaut,Carbon Folding,0.2286,0.17779999999999999,2,,air
UIUC_2022,UIUC Propeller Database,apc29ff_9x4,APC:9X429FF,UIUC prefix apc29ff mapped to APC 29 Free Flight; size normalized,APC,29 Free Flight,0.2286,0.1016,2,,air
UIUC_2022,UIUC Propeller Database,apc29ff_9x5,APC:9X529FF,UIUC prefix apc29ff mapped to APC 29 Free Flight; size normalized,APC,29 Free Flight,0.2286,0.127,2,,air
UIUC_2022,UIUC Propeller Database,apccf_7.4x8.25,APC:7.4X8.25CF,UIUC prefix apccf mapped to APC Carbon Folding; size normalized,APC,Carbon Folding,0.18796,0.20955,2,,air
UIUC_2022,UIUC Propeller Database,apccf_7.8x6,APC:7.8X6CF,UIUC prefix apccf mapped to APC Carbon Folding; size normalized,APC,Carbon Folding,0.19812,0.15239999999999998,2,,air
UIUC_2022,UIUC Propeller Database,apccf_7.8x7,APC:7.8X7CF,UIUC prefix apccf mapped to APC Carbon Folding; size normalized,APC,Carbon Folding,0.19812,0.17779999999999999,2,,air
UIUC_2022,UIUC Propeller Database,apce_10x5,APC:10X5E,UIUC prefix apce mapped to APC Electric; size normalized,APC,Thin Electric,0.254,0.127,2,,air
UIUC_2022,UIUC Propeller Database,apce_10x7,APC:10X7E,UIUC prefix apce mapped to APC Electric; size normalized,APC,Thin Electric,0.254,0.17779999999999999,2,,air
UIUC_2022,UIUC Propeller Database,apce_11x10,APC:11X10E,UIUC prefix apce mapped to APC Electric; size normalized,APC,Thin Electric,0.2794,0.254,2,,air
UIUC_2022,UIUC Propeller Database,apce_11x5.5,APC:11X5.5E,UIUC prefix apce mapped to APC Electric; size normalized,APC,Thin Electric,0.2794,0.1397,2,,air
UIUC_2022,UIUC Propeller Database,apce_11x7,APC:11X7E,UIUC prefix apce mapped to APC Electric; size normalized,APC,Thin Electric,0.2794,0.17779999999999999,2,,air
UIUC_2022,UIUC Propeller Database,apce_11x8,APC:11X8E,UIUC prefix apce mapped to APC Electric; size normalized,APC,Thin Electric,0.2794,0.2032,2,,air
UIUC_2022,UIUC Propeller Database,apce_11x8.5,APC:11X8.5E,UIUC prefix apce mapped to APC Electric; size normalized,APC,Thin Electric,0.2794,0.21589999999999998,2,,air
UIUC_2022,UIUC Propeller Database,apce_12x10,APC:12X10E,UIUC prefix apce mapped to APC Electric; size normalized,APC,Thin Electric,0.30479999999999996,0.254,2,,air
UIUC_2022,UIUC Propeller Database,apce_12x6,APC:12X6E,UIUC prefix apce mapped to APC Electric; size normalized,APC,Thin Electric,0.30479999999999996,0.15239999999999998,2,,air
UIUC_2022,UIUC Propeller Database,apce_12x8,APC:12X8E,UIUC prefix apce mapped to APC Electric; size normalized,APC,Thin Electric,0.30479999999999996,0.2032,2,,air
UIUC_2022,UIUC Propeller Database,apce_13x10,APC:13X10E,UIUC prefix apce mapped to APC Electric; size normalized,APC,Thin Electric,0.3302,0.254,2,,air
UIUC_2022,UIUC Propeller Database,apce_13x65,APC:13X65E,UIUC prefix apce mapped to APC Electric; size normalized,APC,Electric,0.3302,1.651,2,,air
UIUC_2022,UIUC Propeller Database,apce_13x8,APC:13X8E,UIUC prefix apce mapped to APC Electric; size normalized,APC,Thin Electric,0.3302,0.2032,2,,air
UIUC_2022,UIUC Propeller Database,apce_14x10,APC:14X10E,UIUC prefix apce mapped to APC Electric; size normalized,APC,Thin Electric,0.35559999999999997,0.254,2,,air
UIUC_2022,UIUC Propeller Database,apce_14x12,APC:14X12E,UIUC prefix apce mapped to APC Electric; size normalized,APC,Thin Electric,0.35559999999999997,0.30479999999999996,2,,air
UIUC_2022,UIUC Propeller Database,apce_14x7,APC:14X7E,UIUC prefix apce mapped to APC Electric; size normalized,APC,Thin Electric,0.35559999999999997,0.17779999999999999,2,,air
UIUC_2022,UIUC Propeller Database,apce_14x85,APC:14X85E,UIUC prefix apce mapped to APC Electric; size normalized,APC,Electric,0.35559999999999997,2.159,2,,air
UIUC_2022,UIUC Propeller Database,apce_16x10,APC:16X10E,UIUC prefix apce mapped to APC Electric; size normalized,APC,Thin Electric,0.4064,0.254,2,,air
UIUC_2022,UIUC Propeller Database,apce_16x12,APC:16X12E,UIUC prefix apce mapped to APC Electric; size normalized,APC,Thin Electric,0.4064,0.30479999999999996,2,,air
UIUC_2022,UIUC Propeller Database,apce_16x8,APC:16X8E,UIUC prefix apce mapped to APC Electric; size normalized,APC,Thin Electric,0.4064,0.2032,2,,air
UIUC_2022,UIUC Propeller Database,apce_17x12,APC:17X12E,UIUC prefix apce mapped to APC Electric; size normalized,APC,Thin Electric,0.43179999999999996,0.30479999999999996,2,,air
UIUC_2022,UIUC Propeller Database,apce_18x10,APC:18X10E,UIUC prefix apce mapped to APC Electric; size normalized,APC,Thin Electric,0.4572,0.254,2,,air
UIUC_2022,UIUC Propeller Database,apce_18x12,APC:18X12E,UIUC prefix apce mapped to APC Electric; size normalized,APC,Thin Electric,0.4572,0.30479999999999996,2,,air
UIUC_2022,UIUC Propeller Database,apce_18x8,APC:18X8E,UIUC prefix apce mapped to APC Electric; size normalized,APC,Thin Electric,0.4572,0.2032,2,,air
UIUC_2022,UIUC Propeller Database,apce_19x12,APC:19X12E,UIUC prefix apce mapped to APC Electric; size normalized,APC,Thin Electric,0.4826,0.30479999999999996,2,,air
UIUC_2022,UIUC Propeller Database,apce_20x10,APC:20X10E,UIUC prefix apce mapped to APC Electric; size normalized,APC,Thin Electric,0.508,0.254,2,,air
UIUC_2022,UIUC Propeller Database,apce_21x13,APC:21X13E,UIUC prefix apce mapped to APC Electric; size normalized,APC,Thin Electric,0.5334,0.3302,2,,air
UIUC_2022,UIUC Propeller Database,apce_8x4,APC:8X4E,UIUC prefix apce mapped to APC Electric; size normalized,APC,Thin Electric,0.2032,0.1016,2,,air
UIUC_2022,UIUC Propeller Database,apce_8x6,APC:8X6E,UIUC prefix apce mapped to APC Electric; size normalized,APC,Thin Electric,0.2032,0.15239999999999998,2,,air
UIUC_2022,UIUC Propeller Database,apce_8x8,APC:8X8E,UIUC prefix apce mapped to APC Electric; size normalized,APC,Thin Electric,0.2032,0.2032,2,,air
UIUC_2022,UIUC Propeller Database,apce_9x4.5,APC:9X4.5E,UIUC prefix apce mapped to APC Electric; size normalized,APC,Thin Electric,0.2286,0.1143,2,,air
UIUC_2022,UIUC Propeller Database,apce_9x6,APC:9X6E,UIUC prefix apce mapped to APC Electric; size normalized,APC,Thin Electric,0.2286,0.15239999999999998,2,,air
UIUC_2022,UIUC Propeller Database,apce_9x7.5,APC:9X7.5E,UIUC prefix apce mapped to APC Electric; size normalized,APC,Thin Electric,0.2286,0.1905,2,,air
UIUC_2022,UIUC Propeller Database,apce_9x9,APC:9X9E,UIUC prefix apce mapped to APC Electric; size normalized,APC,Thin Electric,0.2286,0.2286,2,,air
UIUC_2022,UIUC Propeller Database,apcff_4.2x4,APC:4.2X4FF,UIUC prefix apcff mapped to APC Free Flight; size normalized,APC,Free Flight,0.10668,0.1016,2,,air
UIUC_2022,UIUC Propeller Database,apcff_9x4,APC:9X4FF,UIUC prefix apcff mapped to APC Free Flight; size normalized,APC,Free Flight,0.2286,0.1016,2,,air
UIUC_2022,UIUC Propeller Database,apcsf_10x4.7,APC:10X4.7SF,UIUC prefix apcsf mapped to APC Slow Flyer; size normalized,APC,"Multi Rotor (Electric Only), Slow Fly (Electric Only)",0.254,0.11938,2,,air
UIUC_2022,UIUC Propeller Database,apcsf_10x7,APC:10X7SF,UIUC prefix apcsf mapped to APC Slow Flyer; size normalized,APC,Slow Fly (Electric Only),0.254,0.17779999999999999,2,,air
UIUC_2022,UIUC Propeller Database,apcsf_11x3.8,APC:11X3.8SF,UIUC prefix apcsf mapped to APC Slow Flyer; size normalized,APC,"Multi Rotor (Electric Only), Slow Fly (Electric Only)",0.2794,0.09652,2,,air
UIUC_2022,UIUC Propeller Database,apcsf_11x4.7,APC:11X4.7SF,UIUC prefix apcsf mapped to APC Slow Flyer; size normalized,APC,"Multi Rotor (Electric Only), Slow Fly (Electric Only)",0.2794,0.11938,2,,air
UIUC_2022,UIUC Propeller Database,apcsf_11x7,APC:11X7SF,UIUC prefix apcsf mapped to APC Slow Flyer; size normalized,APC,"Multi Rotor (Electric Only), Slow Fly (Electric Only)",0.2794,0.17779999999999999,2,,air
UIUC_2022,UIUC Propeller Database,apcsf_8x3.8,APC:8X3.8SF,UIUC prefix apcsf mapped to APC Slow Flyer; size normalized,APC,"Multi Rotor (Electric Only), Slow Fly (Electric Only)",0.2032,0.09652,2,,air
UIUC_2022,UIUC Propeller Database,apcsf_8x6,APC:8X6SF,UIUC prefix apcsf mapped to APC Slow Flyer; size normalized,APC,Slow Fly (Electric Only),0.2032,0.15239999999999998,2,,air
UIUC_2022,UIUC Propeller Database,apcsf_9x3.8,APC:9X3.8SF,UIUC prefix apcsf mapped to APC Slow Flyer; size normalized,APC,"Multi Rotor (Electric Only), Slow Fly (Electric Only)",0.2286,0.09652,2,,air
UIUC_2022,UIUC Propeller Database,apcsf_9x4.7,APC:9X4.7SF,UIUC prefix apcsf mapped to APC Slow Flyer; size normalized,APC,"Multi Rotor (Electric Only), Slow Fly (Electric Only)",0.2286,0.11938,2,,air
UIUC_2022,UIUC Propeller Database,apcsf_9x6,APC:9X6SF,UIUC prefix apcsf mapped to APC Slow Flyer; size normalized,APC,Slow Fly (Electric Only),0.2286,0.15239999999999998,2,,air
UIUC_2022,UIUC Propeller Database,apcsf_9x7.5,APC:9X7.5SF,UIUC prefix apcsf mapped to APC Slow Flyer; size normalized,APC,Slow Fly (Electric Only),0.2286,0.1905,2,,air
UIUC_2022,UIUC Propeller Database,apcsp_10x10,APC:10X10,UIUC prefix apcsp mapped to APC Sport; size normalized,APC,Sport,0.254,0.254,2,,air
UIUC_2022,UIUC Propeller Database,apcsp_10x3,APC:10X3,UIUC prefix apcsp mapped to APC Sport; size normalized,APC,Sport,0.254,0.07619999999999999,2,,air
UIUC_2022,UIUC Propeller Database,apcsp_10x4,APC:10X4,UIUC prefix apcsp mapped to APC Sport; size normalized,APC,Sport,0.254,0.1016,2,,air
UIUC_2022,UIUC Propeller Database,apcsp_10x5,APC:10X5,UIUC prefix apcsp mapped to APC Sport; size normalized,APC,Sport,0.254,0.127,2,,air
UIUC_2022,UIUC Propeller Database,apcsp_10x6,APC:10X6,UIUC prefix apcsp mapped to APC Sport; size normalized,APC,Sport,0.254,0.15239999999999998,2,,air
UIUC_2022,UIUC Propeller Database,apcsp_10x7,APC:10X7,UIUC prefix apcsp mapped to APC Sport; size normalized,APC,Sport,0.254,0.17779999999999999,2,,air
UIUC_2022,UIUC Propeller Database,apcsp_10x8,APC:10X8,UIUC prefix apcsp mapped to APC Sport; size normalized,APC,Sport,0.254,0.2032,2,,air
UIUC_2022,UIUC Propeller Database,apcsp_10x9,APC:10X9,UIUC prefix apcsp mapped to APC Sport; size normalized,APC,Sport,0.254,0.2286,2,,air
UIUC_2022,UIUC Propeller Database,apcsp_11x3,APC:11X3,UIUC prefix apcsp mapped to APC Sport; size normalized,APC,Sport,0.2794,0.07619999999999999,2,,air
UIUC_2022,UIUC Propeller Database,apcsp_11x4,APC:11X4,UIUC prefix apcsp mapped to APC Sport; size normalized,APC,Sport,0.2794,0.1016,2,,air
UIUC_2022,UIUC Propeller Database,apcsp_11x5,APC:11X5,UIUC prefix apcsp mapped to APC Sport; size normalized,APC,Sport,0.2794,0.127,2,,air
UIUC_2022,UIUC Propeller Database,apcsp_11x6,APC:11X6,UIUC prefix apcsp mapped to APC Sport; size normalized,APC,Sport,0.2794,0.15239999999999998,2,,air
UIUC_2022,UIUC Propeller Database,apcsp_11x7,APC:11X7,UIUC prefix apcsp mapped to APC Sport; size normalized,APC,Sport,0.2794,0.17779999999999999,2,,air
UIUC_2022,UIUC Propeller Database,apcsp_11x8,APC:11X8,UIUC prefix apcsp mapped to APC Sport; size normalized,APC,Sport,0.2794,0.2032,2,,air
UIUC_2022,UIUC Propeller Database,apcsp_11x9,APC:11X9,UIUC prefix apcsp mapped to APC Sport; size normalized,APC,Sport,0.2794,0.2286,2,,air
UIUC_2022,UIUC Propeller Database,apcsp_14x13,APC:14X13,UIUC prefix apcsp mapped to APC Sport; size normalized,APC,"Sport, Pattern",0.35559999999999997,0.3302,2,,air
UIUC_2022,UIUC Propeller Database,apcsp_4.2x2,APC:4.2X2,UIUC prefix apcsp mapped to APC Sport; size normalized,APC,Sport,0.10668,0.0508,2,,air
UIUC_2022,UIUC Propeller Database,apcsp_7x6,APC:7X6,UIUC prefix apcsp mapped to APC Sport; size normalized,APC,Sport,0.17779999999999999,0.15239999999999998,2,,air
UIUC_2022,UIUC Propeller Database,apcsp_7x9,APC:7X9,UIUC prefix apcsp mapped to APC Sport; size normalized,APC,Sport,0.17779999999999999,0.2286,2,,air
UIUC_2022,UIUC Propeller Database,apcsp_8x10,APC:8X10,UIUC prefix apcsp mapped to APC Sport; size normalized,APC,Sport,0.2032,0.254,2,,air
UIUC_2022,UIUC Propeller Database,apcsp_8x4,APC:8X4,UIUC prefix apcsp mapped to APC Sport; size normalized,APC,Sport,0.2032,0.1016,2,,air
UIUC_2022,UIUC Propeller Database,apcsp_8x5,APC:8X5,UIUC prefix apcsp mapped to APC Sport; size normalized,APC,Sport,0.2032,0.127,2,,air
UIUC_2022,UIUC Propeller Database,apcsp_8x6,APC:8X6,UIUC prefix apcsp mapped to APC Sport; size normalized,APC,"Sport, Control Line",0.2032,0.15239999999999998,2,,air
UIUC_2022,UIUC Propeller Database,apcsp_8x7,APC:8X7,UIUC prefix apcsp mapped to APC Sport; size normalized,APC,Sport,0.2032,0.17779999999999999,2,,air
UIUC_2022,UIUC Propeller Database,apcsp_8x8,APC:8X8,UIUC prefix apcsp mapped to APC Sport; size normalized,APC,Sport,0.2032,0.2032,2,,air
UIUC_2022,UIUC Propeller Database,apcsp_8x9,APC:8X9,UIUC prefix apcsp mapped to APC Sport; size normalized,APC,Sport,0.2032,0.2286,2,,air
UIUC_2022,UIUC Propeller Database,apcsp_9x10,APC:9X10,UIUC prefix apcsp mapped to APC Sport; size normalized,APC,Sport,0.2286,0.254,2,,air
UIUC_2022,UIUC Propeller Database,apcsp_9x6,APC:9X6,UIUC prefix apcsp mapped to APC Sport; size normalized,APC,"Sport, AMA 424 (Sport Q500)",0.2286,0.15239999999999998,2,,air
UIUC_2022,UIUC Propeller Database,apcsp_9x7,APC:9X7,UIUC prefix apcsp mapped to APC Sport; size normalized,APC,Sport,0.2286,0.17779999999999999,2,,air
UIUC_2022,UIUC Propeller Database,apcsp_9x8,APC:9X8,UIUC prefix apcsp mapped to APC Sport; size normalized,APC,Sport,0.2286,0.2032,2,,air
UIUC_2022,UIUC Propeller Database,apcsp_9x9,APC:9X9,UIUC prefix apcsp mapped to APC Sport; size normalized,APC,Sport,0.2286,0.2286,2,,air
UIUC_2022,UIUC Propeller Database,cfnq_45p1,UIUC:CRAZYFLIE:45P1,UIUC prefix cfnq mapped to Crazyflie/Nano Quadcopter,Crazyflie,Nano Quadcopter,,,,,air
UIUC_2022,UIUC Propeller Database,cfnq_45p2,UIUC:CRAZYFLIE:45P2,UIUC prefix cfnq mapped to Crazyflie/Nano Quadcopter,Crazyflie,Nano Quadcopter,,,,,air
UIUC_2022,UIUC Propeller Database,cfnq_45t1,UIUC:CRAZYFLIE:45T1,UIUC prefix cfnq mapped to Crazyflie/Nano Quadcopter,Crazyflie,Nano Quadcopter,,,,,air
UIUC_2022,UIUC Propeller Database,cfnq_45t2,UIUC:CRAZYFLIE:45T2,UIUC prefix cfnq mapped to Crazyflie/Nano Quadcopter,Crazyflie,Nano Quadcopter,,,,,air
UIUC_2022,UIUC Propeller Database,da4002,UIUC:UIUC-DA4002:DA4002,UIUC prefix da4002 mapped to UIUC DA4002/Research propeller,UIUC DA4002,Research propeller,,,,,air
UIUC_2022,UIUC Propeller Database,da4002_5x1.58,UIUC:UIUC-DA4002:5X1.58,UIUC prefix da4002 mapped to UIUC DA4002/Research propeller,UIUC DA4002,Research propeller,0.127,0.040132,2,,air
UIUC_2022,UIUC Propeller Database,da4002_5x2.65,UIUC:UIUC-DA4002:5X2.65,UIUC prefix da4002 mapped to UIUC DA4002/Research propeller,UIUC DA4002,Research propeller,0.127,0.06731,2,,air
UIUC_2022,UIUC Propeller Database,da4002_5x3.75,UIUC:UIUC-DA4002:5X3.75,UIUC prefix da4002 mapped to UIUC DA4002/Research propeller,UIUC DA4002,Research propeller,0.127,0.09525,2,,air
UIUC_2022,UIUC Propeller Database,da4002_5x4.92,UIUC:UIUC-DA4002:5X4.92,UIUC prefix da4002 mapped to UIUC DA4002/Research propeller,UIUC DA4002,Research propeller,0.127,0.124968,2,,air
UIUC_2022,UIUC Propeller Database,da4002_9x2.85,UIUC:UIUC-DA4002:9X2.85,UIUC prefix da4002 mapped to UIUC DA4002/Research propeller,UIUC DA4002,Research propeller,0.2286,0.07239,2,,air
UIUC_2022,UIUC Propeller Database,da4002_9x4.76,UIUC:UIUC-DA4002:9X4.76,UIUC prefix da4002 mapped to UIUC DA4002/Research propeller,UIUC DA4002,Research propeller,0.2286,0.12090399999999998,2,,air
UIUC_2022,UIUC Propeller Database,da4002_9x6.75,UIUC:UIUC-DA4002:9X6.75,UIUC prefix da4002 mapped to UIUC DA4002/Research propeller,UIUC DA4002,Research propeller,0.2286,0.17145,2,,air
UIUC_2022,UIUC Propeller Database,da4002_9x8.95,UIUC:UIUC-DA4002:9X8.95,UIUC prefix da4002 mapped to UIUC DA4002/Research propeller,UIUC DA4002,Research propeller,0.2286,0.22732999999999998,2,,air
UIUC_2022,UIUC Propeller Database,da4022,UIUC:UIUC-DA4022:DA4022,UIUC prefix da4022 mapped to UIUC DA4022/Research propeller,UIUC DA4022,Research propeller,,,,,air
UIUC_2022,UIUC Propeller Database,da4022_5x3.75,UIUC:UIUC-DA4022:5X3.75,UIUC prefix da4022 mapped to UIUC DA4022/Research propeller,UIUC DA4022,Research propeller,0.127,0.09525,2,,air
UIUC_2022,UIUC Propeller Database,da4022_5x3.75_3b,UIUC:UIUC-DA4022:5X3.75-3B,UIUC prefix da4022 mapped to UIUC DA4022/Research propeller,UIUC DA4022,Research propeller,0.127,0.09525,2,,air
UIUC_2022,UIUC Propeller Database,da4022_5x3.75_4b,UIUC:UIUC-DA4022:5X3.75-4B,UIUC prefix da4022 mapped to UIUC DA4022/Research propeller,UIUC DA4022,Research propeller,0.127,0.09525,2,,air
UIUC_2022,UIUC Propeller Database,da4022_9x6.75,UIUC:UIUC-DA4022:9X6.75,UIUC prefix da4022 mapped to UIUC DA4022/Research propeller,UIUC DA4022,Research propeller,0.2286,0.17145,2,,air
UIUC_2022,UIUC Propeller Database,da4022_9x6.75_3b,UIUC:UIUC-DA4022:9X6.75-3B,UIUC prefix da4022 mapped to UIUC DA4022/Research propeller,UIUC DA4022,Research propeller,0.2286,0.17145,2,,air
UIUC_2022,UIUC Propeller Database,da4022_9x6.75_4b,UIUC:UIUC-DA4022:9X6.75-4B,UIUC prefix da4022 mapped to UIUC DA4022/Research propeller,UIUC DA4022,Research propeller,0.2286,0.17145,2,,air
UIUC_2022,UIUC Propeller Database,da4052,UIUC:UIUC-DA4052:DA4052,UIUC prefix da4052 mapped to UIUC DA4052/Research propeller,UIUC DA4052,Research propeller,,,,,air
UIUC_2022,UIUC Propeller Database,da4052_5x1.58,UIUC:UIUC-DA4052:5X1.58,UIUC prefix da4052 mapped to UIUC DA4052/Research propeller,UIUC DA4052,Research propeller,0.127,0.040132,2,,air
UIUC_2022,UIUC Propeller Database,da4052_5x2.65,UIUC:UIUC-DA4052:5X2.65,UIUC prefix da4052 mapped to UIUC DA4052/Research propeller,UIUC DA4052,Research propeller,0.127,0.06731,2,,air
UIUC_2022,UIUC Propeller Database,da4052_5x3.75,UIUC:UIUC-DA4052:5X3.75,UIUC prefix da4052 mapped to UIUC DA4052/Research propeller,UIUC DA4052,Research propeller,0.127,0.09525,2,,air
UIUC_2022,UIUC Propeller Database,da4052_5x3.75_3b,UIUC:UIUC-DA4052:5X3.75-3B,UIUC prefix da4052 mapped to UIUC DA4052/Research propeller,UIUC DA4052,Research propeller,0.127,0.09525,2,,air
UIUC_2022,UIUC Propeller Database,da4052_5x3.75_4b,UIUC:UIUC-DA4052:5X3.75-4B,UIUC prefix da4052 mapped to UIUC DA4052/Research propeller,UIUC DA4052,Research propeller,0.127,0.09525,2,,air
UIUC_2022,UIUC Propeller Database,da4052_5x4.92,UIUC:UIUC-DA4052:5X4.92,UIUC prefix da4052 mapped to UIUC DA4052/Research propeller,UIUC DA4052,Research propeller,0.127,0.124968,2,,air
UIUC_2022,UIUC Propeller Database,da4052_9x2.85,UIUC:UIUC-DA4052:9X2.85,UIUC prefix da4052 mapped to UIUC DA4052/Research propeller,UIUC DA4052,Research propeller,0.2286,0.07239,2,,air
UIUC_2022,UIUC Propeller Database,da4052_9x4.76,UIUC:UIUC-DA4052:9X4.76,UIUC prefix da4052 mapped to UIUC DA4052/Research propeller,UIUC DA4052,Research propeller,0.2286,0.12090399999999998,2,,air
UIUC_2022,UIUC Propeller Database,da4052_9x6.75,UIUC:UIUC-DA4052:9X6.75,UIUC prefix da4052 mapped to UIUC DA4052/Research propeller,UIUC DA4052,Research propeller,0.2286,0.17145,2,,air
UIUC_2022,UIUC Propeller Database,da4052_9x6.75_3b,UIUC:UIUC-DA4052:9X6.75-3B,UIUC prefix da4052 mapped to UIUC DA4052/Research propeller,UIUC DA4052,Research propeller,0.2286,0.17145,2,,air
UIUC_2022,UIUC Propeller Database,da4052_9x8.95,UIUC:UIUC-DA4052:9X8.95,UIUC prefix da4052 mapped to UIUC DA4052/Research propeller,UIUC DA4052,Research propeller,0.2286,0.22732999999999998,2,,air
UIUC_2022,UIUC Propeller Database,ef_130x70,UIUC:E-FLITE:130X70,UIUC prefix ef mapped to E-Flite/Standard,E-Flite,Standard,3.302,1.778,2,,air
UIUC_2022,UIUC Propeller Database,grcp_10x6,UIUC:GRAUPNER:10X6,UIUC prefix grcp mapped to Graupner/CAM Prop,Graupner,CAM Prop,0.254,0.15239999999999998,2,,air
UIUC_2022,UIUC Propeller Database,grcp_10x8,UIUC:GRAUPNER:10X8,UIUC prefix grcp mapped to Graupner/CAM Prop,Graupner,CAM Prop,0.254,0.2032,2,,air
UIUC_2022,UIUC Propeller Database,grcp_11x4,UIUC:GRAUPNER:11X4,UIUC prefix grcp mapped to Graupner/CAM Prop,Graupner,CAM Prop,0.2794,0.1016,2,,air
UIUC_2022,UIUC Propeller Database,grcp_11x6,UIUC:GRAUPNER:11X6,UIUC prefix grcp mapped to Graupner/CAM Prop,Graupner,CAM Prop,0.2794,0.15239999999999998,2,,air
UIUC_2022,UIUC Propeller Database,grcp_11x8,UIUC:GRAUPNER:11X8,UIUC prefix grcp mapped to Graupner/CAM Prop,Graupner,CAM Prop,0.2794,0.2032,2,,air
UIUC_2022,UIUC Propeller Database,grcp_9x4,UIUC:GRAUPNER:9X4,UIUC prefix grcp mapped to Graupner/CAM Prop,Graupner,CAM Prop,0.2286,0.1016,2,,air
UIUC_2022,UIUC Propeller Database,grcp_9x6,UIUC:GRAUPNER:9X6,UIUC prefix grcp mapped to Graupner/CAM Prop,Graupner,CAM Prop,0.2286,0.15239999999999998,2,,air
UIUC_2022,UIUC Propeller Database,grcsp_10x6,UIUC:GRAUPNER:10X6,UIUC prefix grcsp mapped to Graupner/CAM Speed Prop,Graupner,CAM Prop,0.254,0.15239999999999998,2,,air
UIUC_2022,UIUC Propeller Database,grcsp_10x8,UIUC:GRAUPNER:10X8,UIUC prefix grcsp mapped to Graupner/CAM Speed Prop,Graupner,CAM Prop,0.254,0.2032,2,,air
UIUC_2022,UIUC Propeller Database,grcsp_9x5,UIUC:GRAUPNER:9X5,UIUC prefix grcsp mapped to Graupner/CAM Speed Prop,Graupner,CAM Speed Prop,0.2286,0.127,2,,air
UIUC_2022,UIUC Propeller Database,grcsp_9x6,UIUC:GRAUPNER:9X6,UIUC prefix grcsp mapped to Graupner/CAM Speed Prop,Graupner,CAM Prop,0.2286,0.15239999999999998,2,,air
UIUC_2022,UIUC Propeller Database,grsn_10x6,UIUC:GRAUPNER:10X6,UIUC prefix grsn mapped to Graupner/Super Nylon,Graupner,CAM Prop,0.254,0.15239999999999998,2,,air
UIUC_2022,UIUC Propeller Database,grsn_10x7,UIUC:GRAUPNER:10X7,UIUC prefix grsn mapped to Graupner/Super Nylon,Graupner,Super Nylon,0.254,0.17779999999999999,2,,air
UIUC_2022,UIUC Propeller Database,grsn_11x10,UIUC:GRAUPNER:11X10,UIUC prefix grsn mapped to Graupner/Super Nylon,Graupner,Super Nylon,0.2794,0.254,2,,air
UIUC_2022,UIUC Propeller Database,grsn_11x6,UIUC:GRAUPNER:11X6,UIUC prefix grsn mapped to Graupner/Super Nylon,Graupner,CAM Prop,0.2794,0.15239999999999998,2,,air
UIUC_2022,UIUC Propeller Database,grsn_11x7,UIUC:GRAUPNER:11X7,UIUC prefix grsn mapped to Graupner/Super Nylon,Graupner,Super Nylon,0.2794,0.17779999999999999,2,,air
UIUC_2022,UIUC Propeller Database,grsn_11x8,UIUC:GRAUPNER:11X8,UIUC prefix grsn mapped to Graupner/Super Nylon,Graupner,CAM Prop,0.2794,0.2032,2,,air
UIUC_2022,UIUC Propeller Database,grsn_9x4,UIUC:GRAUPNER:9X4,UIUC prefix grsn mapped to Graupner/Super Nylon,Graupner,CAM Prop,0.2286,0.1016,2,,air
UIUC_2022,UIUC Propeller Database,grsn_9x5,UIUC:GRAUPNER:9X5,UIUC prefix grsn mapped to Graupner/Super Nylon,Graupner,CAM Speed Prop,0.2286,0.127,2,,air
UIUC_2022,UIUC Propeller Database,grsn_9x6,UIUC:GRAUPNER:9X6,UIUC prefix grsn mapped to Graupner/Super Nylon,Graupner,CAM Prop,0.2286,0.15239999999999998,2,,air
UIUC_2022,UIUC Propeller Database,grsn_9x7,UIUC:GRAUPNER:9X7,UIUC prefix grsn mapped to Graupner/Super Nylon,Graupner,Super Nylon,0.2286,0.17779999999999999,2,,air
UIUC_2022,UIUC Propeller Database,gwsdd_10x6,UIUC:GWS:10X6,UIUC prefix gwsdd mapped to GWS/Direct Drive,GWS,Direct Drive,0.254,0.15239999999999998,2,,air
UIUC_2022,UIUC Propeller Database,gwsdd_11x7,UIUC:GWS:11X7,UIUC prefix gwsdd mapped to GWS/Direct Drive,GWS,Direct Drive,0.2794,0.17779999999999999,2,,air
UIUC_2022,UIUC Propeller Database,gwsdd_2.5x0.8,UIUC:GWS:2.5X0.8,UIUC prefix gwsdd mapped to GWS/Direct Drive,GWS,Direct Drive,0.0635,0.02032,2,,air
UIUC_2022,UIUC Propeller Database,gwsdd_2.5x0.8_spec2,UIUC:GWS:2.5X0.8-SPEC2,UIUC prefix gwsdd mapped to GWS/Direct Drive,GWS,Direct Drive,0.0635,0.02032,2,,air
UIUC_2022,UIUC Propeller Database,gwsdd_2.5x0.8_spec3,UIUC:GWS:2.5X0.8-SPEC3,UIUC prefix gwsdd mapped to GWS/Direct Drive,GWS,Direct Drive,0.0635,0.02032,2,,air
UIUC_2022,UIUC Propeller Database,gwsdd_2.5x1,UIUC:GWS:2.5X1,UIUC prefix gwsdd mapped to GWS/Direct Drive,GWS,Direct Drive,0.0635,0.0254,2,,air
UIUC_2022,UIUC Propeller Database,gwsdd_3x2,UIUC:GWS:3X2,UIUC prefix gwsdd mapped to GWS/Direct Drive,GWS,Direct Drive,0.07619999999999999,0.0508,2,,air
UIUC_2022,UIUC Propeller Database,gwsdd_3x3,UIUC:GWS:3X3,UIUC prefix gwsdd mapped to GWS/Direct Drive,GWS,Direct Drive,0.07619999999999999,0.07619999999999999,2,,air
UIUC_2022,UIUC Propeller Database,gwsdd_4.5x3,UIUC:GWS:4.5X3,UIUC prefix gwsdd mapped to GWS/Direct Drive,GWS,Direct Drive,0.1143,0.07619999999999999,2,,air
UIUC_2022,UIUC Propeller Database,gwsdd_4.5x4,UIUC:GWS:4.5X4,UIUC prefix gwsdd mapped to GWS/Direct Drive,GWS,Direct Drive,0.1143,0.1016,2,,air
UIUC_2022,UIUC Propeller Database,gwsdd_4x2.5,UIUC:GWS:4X2.5,UIUC prefix gwsdd mapped to GWS/Direct Drive,GWS,Direct Drive,0.1016,0.0635,2,,air
UIUC_2022,UIUC Propeller Database,gwsdd_4x4,UIUC:GWS:4X4,UIUC prefix gwsdd mapped to GWS/Direct Drive,GWS,Direct Drive,0.1016,0.1016,2,,air
UIUC_2022,UIUC Propeller Database,gwsdd_5x3,UIUC:GWS:5X3,UIUC prefix gwsdd mapped to GWS/Direct Drive,GWS,Direct Drive,0.127,0.07619999999999999,2,,air
UIUC_2022,UIUC Propeller Database,gwsdd_5x4.3,UIUC:GWS:5X4.3,UIUC prefix gwsdd mapped to GWS/Direct Drive,GWS,Direct Drive,0.127,0.10922,2,,air
UIUC_2022,UIUC Propeller Database,gwsdd_5x4.3_spec2,UIUC:GWS:5X4.3-SPEC2,UIUC prefix gwsdd mapped to GWS/Direct Drive,GWS,Direct Drive,0.127,0.10922,2,,air
UIUC_2022,UIUC Propeller Database,gwsdd_5x4.3_spec3,UIUC:GWS:5X4.3-SPEC3,UIUC prefix gwsdd mapped to GWS/Direct Drive,GWS,Direct Drive,0.127,0.10922,2,,air
UIUC_2022,UIUC Propeller Database,gwsdd_9x5,UIUC:GWS:9X5,UIUC prefix gwsdd mapped to GWS/Direct Drive,GWS,Direct Drive,0.2286,0.127,2,,air
UIUC_2022,UIUC Propeller Database,gwssf_10x4.7,UIUC:GWS:10X4.7,UIUC prefix gwssf mapped to GWS/Slow Flyer,GWS,Slow Flyer,0.254,0.11938,2,,air
UIUC_2022,UIUC Propeller Database,gwssf_10x8,UIUC:GWS:10X8,UIUC prefix gwssf mapped to GWS/Slow Flyer,GWS,Slow Flyer,0.254,0.2032,2,,air
UIUC_2022,UIUC Propeller Database,gwssf_11x4.7,UIUC:GWS:11X4.7,UIUC prefix gwssf mapped to GWS/Slow Flyer,GWS,Slow Flyer,0.2794,0.11938,2,,air
UIUC_2022,UIUC Propeller Database,gwssf_11x8,UIUC:GWS:11X8,UIUC prefix gwssf mapped to GWS/Slow Flyer,GWS,Slow Flyer,0.2794,0.2032,2,,air
UIUC_2022,UIUC Propeller Database,gwssf_8x4.3,UIUC:GWS:8X4.3,UIUC prefix gwssf mapped to GWS/Slow Flyer,GWS,Slow Flyer,0.2032,0.10922,2,,air
UIUC_2022,UIUC Propeller Database,gwssf_8x6,UIUC:GWS:8X6,UIUC prefix gwssf mapped to GWS/Slow Flyer,GWS,Slow Flyer,0.2032,0.15239999999999998,2,,air
UIUC_2022,UIUC Propeller Database,gwssf_9x4.7,UIUC:GWS:9X4.7,UIUC prefix gwssf mapped to GWS/Slow Flyer,GWS,Slow Flyer,0.2286,0.11938,2,,air
UIUC_2022,UIUC Propeller Database,gwssf_9x7,UIUC:GWS:9X7,UIUC prefix gwssf mapped to GWS/Slow Flyer,GWS,Slow Flyer,0.2286,0.17779999999999999,2,,air
UIUC_2022,UIUC Propeller Database,kavfk_11x6,UIUC:KAVON:11X6,UIUC prefix kavfk mapped to Kavon/FK,Kavon,FK,0.2794,0.15239999999999998,2,,air
UIUC_2022,UIUC Propeller Database,kavfk_11x7.75,UIUC:KAVON:11X7.75,UIUC prefix kavfk mapped to Kavon/FK,Kavon,FK,0.2794,0.19685,2,,air
UIUC_2022,UIUC Propeller Database,kavfk_9x4,UIUC:KAVON:9X4,UIUC prefix kavfk mapped to Kavon/FK,Kavon,FK,0.2286,0.1016,2,,air
UIUC_2022,UIUC Propeller Database,kavfk_9x6,UIUC:KAVON:9X6,UIUC prefix kavfk mapped to Kavon/FK,Kavon,FK,0.2286,0.15239999999999998,2,,air
UIUC_2022,UIUC Propeller Database,kpf_96x70,UIUC:KP:96X70,UIUC prefix kpf mapped to KP/Folding,KP,Folding,2.4383999999999997,1.778,2,,air
UIUC_2022,UIUC Propeller Database,kyosho_10x6,UIUC:KYOSHO:10X6,UIUC prefix kyosho mapped to Kyosho/Standard,Kyosho,Standard,0.254,0.15239999999999998,2,,air
UIUC_2022,UIUC Propeller Database,kyosho_10x7,UIUC:KYOSHO:10X7,UIUC prefix kyosho mapped to Kyosho/Standard,Kyosho,Standard,0.254,0.17779999999999999,2,,air
UIUC_2022,UIUC Propeller Database,kyosho_11x7,UIUC:KYOSHO:11X7,UIUC prefix kyosho mapped to Kyosho/Standard,Kyosho,Standard,0.2794,0.17779999999999999,2,,air
UIUC_2022,UIUC Propeller Database,kyosho_11x9,UIUC:KYOSHO:11X9,UIUC prefix kyosho mapped to Kyosho/Standard,Kyosho,Standard,0.2794,0.2286,2,,air
UIUC_2022,UIUC Propeller Database,kyosho_9x6,UIUC:KYOSHO:9X6,UIUC prefix kyosho mapped to Kyosho/Standard,Kyosho,Standard,0.2286,0.15239999999999998,2,,air
UIUC_2022,UIUC Propeller Database,ma_11x10,UIUC:MASTER-AIRSCREW:11X10,UIUC prefix ma mapped to Master Airscrew/Standard,Master Airscrew,Standard,0.2794,0.254,2,,air
UIUC_2022,UIUC Propeller Database,ma_11x4,UIUC:MASTER-AIRSCREW:11X4,UIUC prefix ma mapped to Master Airscrew/Standard,Master Airscrew,Standard,0.2794,0.1016,2,,air
UIUC_2022,UIUC Propeller Database,ma_11x6,UIUC:MASTER-AIRSCREW:11X6,UIUC prefix ma mapped to Master Airscrew/Standard,Master Airscrew,Standard,0.2794,0.15239999999999998,2,,air
UIUC_2022,UIUC Propeller Database,ma_11x7,UIUC:MASTER-AIRSCREW:11X7,UIUC prefix ma mapped to Master Airscrew/Standard,Master Airscrew,Standard,0.2794,0.17779999999999999,2,,air
UIUC_2022,UIUC Propeller Database,ma_11x8,UIUC:MASTER-AIRSCREW:11X8,UIUC prefix ma mapped to Master Airscrew/Standard,Master Airscrew,Standard,0.2794,0.2032,2,,air
UIUC_2022,UIUC Propeller Database,ma_11x9,UIUC:MASTER-AIRSCREW:11X9,UIUC prefix ma mapped to Master Airscrew/Standard,Master Airscrew,Standard,0.2794,0.2286,2,,air
UIUC_2022,UIUC Propeller Database,ma_9x4,UIUC:MASTER-AIRSCREW:9X4,UIUC prefix ma mapped to Master Airscrew/Standard,Master Airscrew,Standard,0.2286,0.1016,2,,air
UIUC_2022,UIUC Propeller Database,ma_9x6,UIUC:MASTER-AIRSCREW:9X6,UIUC prefix ma mapped to Master Airscrew/Standard,Master Airscrew,Standard,0.2286,0.15239999999999998,2,,air
UIUC_2022,UIUC Propeller Database,ma_9x8,UIUC:MASTER-AIRSCREW:9X8,UIUC prefix ma mapped to Master Airscrew/Standard,Master Airscrew,Standard,0.2286,0.2032,2,,air
UIUC_2022,UIUC Propeller Database,mae_10x7,UIUC:MASTER-AIRSCREW:10X7,UIUC prefix mae mapped to Master Airscrew/Electric,Master Airscrew,Electric,0.254,0.17779999999999999,2,,air
UIUC_2022,UIUC Propeller Database,mae_11x7,UIUC:MASTER-AIRSCREW:11X7,UIUC prefix mae mapped to Master Airscrew/Electric,Master Airscrew,Standard,0.2794,0.17779999999999999,2,,air
UIUC_2022,UIUC Propeller Database,mae_9x6,UIUC:MASTER-AIRSCREW:9X6,UIUC prefix mae mapped to Master Airscrew/Electric,Master Airscrew,Standard,0.2286,0.15239999999999998,2,,air
UIUC_2022,UIUC Propeller Database,magf_10x6,UIUC:MASTER-AIRSCREW:10X6,UIUC prefix magf mapped to Master Airscrew/G/F,Master Airscrew,G/F,0.254,0.15239999999999998,2,,air
UIUC_2022,UIUC Propeller Database,magf_10x8,UIUC:MASTER-AIRSCREW:10X8,UIUC prefix magf mapped to Master Airscrew/G/F,Master Airscrew,G/F,0.254,0.2032,2,,air
UIUC_2022,UIUC Propeller Database,magf_11x4,UIUC:MASTER-AIRSCREW:11X4,UIUC prefix magf mapped to Master Airscrew/G/F,Master Airscrew,Standard,0.2794,0.1016,2,,air
UIUC_2022,UIUC Propeller Database,magf_11x5,UIUC:MASTER-AIRSCREW:11X5,UIUC prefix magf mapped to Master Airscrew/G/F,Master Airscrew,G/F,0.2794,0.127,2,,air
UIUC_2022,UIUC Propeller Database,magf_11x8,UIUC:MASTER-AIRSCREW:11X8,UIUC prefix magf mapped to Master Airscrew/G/F,Master Airscrew,Standard,0.2794,0.2032,2,,air
UIUC_2022,UIUC Propeller Database,magf_7x4,UIUC:MASTER-AIRSCREW:7X4,UIUC prefix magf mapped to Master Airscrew/G/F,Master Airscrew,G/F,0.17779999999999999,0.1016,2,,air
UIUC_2022,UIUC Propeller Database,magf_8x4,UIUC:MASTER-AIRSCREW:8X4,UIUC prefix magf mapped to Master Airscrew/G/F,Master Airscrew,G/F,0.2032,0.1016,2,,air
UIUC_2022,UIUC Propeller Database,magf_9x4,UIUC:MASTER-AIRSCREW:9X4,UIUC prefix magf mapped to Master Airscrew/G/F,Master Airscrew,Standard,0.2286,0.1016,2,,air
UIUC_2022,UIUC Propeller Database,magf_9x5,UIUC:MASTER-AIRSCREW:9X5,UIUC prefix magf mapped to Master Airscrew/G/F,Master Airscrew,G/F,0.2286,0.127,2,,air
UIUC_2022,UIUC Propeller Database,magf_9x7,UIUC:MASTER-AIRSCREW:9X7,UIUC prefix magf mapped to Master Airscrew/G/F,Master Airscrew,G/F,0.2286,0.17779999999999999,2,,air
UIUC_2022,UIUC Propeller Database,mas_10x5,UIUC:MASTER-AIRSCREW:10X5,UIUC prefix mas mapped to Master Airscrew/Standard,Master Airscrew,Standard,0.254,0.127,2,,air
UIUC_2022,UIUC Propeller Database,mas_10x7,UIUC:MASTER-AIRSCREW:10X7,UIUC prefix mas mapped to Master Airscrew/Standard,Master Airscrew,Electric,0.254,0.17779999999999999,2,,air
UIUC_2022,UIUC Propeller Database,mas_11x6,UIUC:MASTER-AIRSCREW:11X6,UIUC prefix mas mapped to Master Airscrew/Standard,Master Airscrew,Standard,0.2794,0.15239999999999998,2,,air
UIUC_2022,UIUC Propeller Database,mas_11x7,UIUC:MASTER-AIRSCREW:11X7,UIUC prefix mas mapped to Master Airscrew/Standard,Master Airscrew,Standard,0.2794,0.17779999999999999,2,,air
UIUC_2022,UIUC Propeller Database,mas_11x8,UIUC:MASTER-AIRSCREW:11X8,UIUC prefix mas mapped to Master Airscrew/Standard,Master Airscrew,Standard,0.2794,0.2032,2,,air
UIUC_2022,UIUC Propeller Database,mas_9x5,UIUC:MASTER-AIRSCREW:9X5,UIUC prefix mas mapped to Master Airscrew/Standard,Master Airscrew,G/F,0.2286,0.127,2,,air
UIUC_2022,UIUC Propeller Database,mas_9x6,UIUC:MASTER-AIRSCREW:9X6,UIUC prefix mas mapped to Master Airscrew/Standard,Master Airscrew,Standard,0.2286,0.15239999999999998,2,,air
UIUC_2022,UIUC Propeller Database,mas_9x7,UIUC:MASTER-AIRSCREW:9X7,UIUC prefix mas mapped to Master Airscrew/Standard,Master Airscrew,G/F,0.2286,0.17779999999999999,2,,air
UIUC_2022,UIUC Propeller Database,mi_3.2x2.2,UIUC:MICRO-INVENT:3.2X2.2,UIUC prefix mi mapped to Micro Invent/Standard,Micro Invent,Standard,0.08128,0.05588,2,,air
UIUC_2022,UIUC Propeller Database,mi_4x2.7,UIUC:MICRO-INVENT:4X2.7,UIUC prefix mi mapped to Micro Invent/Standard,Micro Invent,Standard,0.1016,0.06858,2,,air
UIUC_2022,UIUC Propeller Database,mi_5x3.5,UIUC:MICRO-INVENT:5X3.5,UIUC prefix mi mapped to Micro Invent/Standard,Micro Invent,Standard,0.127,0.08889999999999999,2,,air
UIUC_2022,UIUC Propeller Database,mit_4.3x3.5,UIUC:MICRO-INVENT:4.3X3.5,UIUC prefix mit mapped to Micro Invent/Standard,Micro Invent,Standard,0.10922,0.08889999999999999,2,,air
UIUC_2022,UIUC Propeller Database,mit_5x4,UIUC:MICRO-INVENT:5X4,UIUC prefix mit mapped to Micro Invent/Standard,Micro Invent,Standard,0.127,0.1016,2,,air
UIUC_2022,UIUC Propeller Database,nr640,UIUC:UIUC-NR640:NR640,UIUC prefix nr640 mapped to UIUC NR640/Research propeller,UIUC NR640,Research propeller,,,,,air
UIUC_2022,UIUC Propeller Database,nr640_5_15deg,UIUC:UIUC-NR640:5-15DEG,UIUC prefix nr640 mapped to UIUC NR640/Research propeller,UIUC NR640,Research propeller,,,,,air
UIUC_2022,UIUC Propeller Database,nr640_5_15deg_3b,UIUC:UIUC-NR640:5-15DEG-3B,UIUC prefix nr640 mapped to UIUC NR640/Research propeller,UIUC NR640,Research propeller,,,,,air
UIUC_2022,UIUC Propeller Database,nr640_5_15deg_4b,UIUC:UIUC-NR640:5-15DEG-4B,UIUC prefix nr640 mapped to UIUC NR640/Research propeller,UIUC NR640,Research propeller,,,,,air
UIUC_2022,UIUC Propeller Database,nr640_5_20deg,UIUC:UIUC-NR640:5-20DEG,UIUC prefix nr640 mapped to UIUC NR640/Research propeller,UIUC NR640,Research propeller,,,,,air
UIUC_2022,UIUC Propeller Database,nr640_9_15deg,UIUC:UIUC-NR640:9-15DEG,UIUC prefix nr640 mapped to UIUC NR640/Research propeller,UIUC NR640,Research propeller,,,,,air
UIUC_2022,UIUC Propeller Database,nr640_9_15deg_3b,UIUC:UIUC-NR640:9-15DEG-3B,UIUC prefix nr640 mapped to UIUC NR640/Research propeller,UIUC NR640,Research propeller,,,,,air
UIUC_2022,UIUC Propeller Database,nr640_9_15deg_4b,UIUC:UIUC-NR640:9-15DEG-4B,UIUC prefix nr640 mapped to UIUC NR640/Research propeller,UIUC NR640,Research propeller,,,,,air
UIUC_2022,UIUC Propeller Database,nr640_9_20deg,UIUC:UIUC-NR640:9-20DEG,UIUC prefix nr640 mapped to UIUC NR640/Research propeller,UIUC NR640,Research propeller,,,,,air
UIUC_2022,UIUC Propeller Database,pl_100x80,UIUC:PLANTRACO:100X80,UIUC prefix pl mapped to Plantraco/Standard,Plantraco,Standard,2.54,2.032,2,,air
UIUC_2022,UIUC Propeller Database,pl_57x20,UIUC:PLANTRACO:57X20,UIUC prefix pl mapped to Plantraco/Standard,Plantraco,Standard,1.4478,0.508,2,,air
UIUC_2022,UIUC Propeller Database,pl_triturbo,UIUC:PLANTRACO:TRITURBO,UIUC prefix pl mapped to Plantraco/Standard,Plantraco,Standard,,,,,air
UIUC_2022,UIUC Propeller Database,rusp_11x4,UIUC:REV-UP:11X4,UIUC prefix rusp mapped to Rev Up/Standard,Rev Up,Standard,0.2794,0.1016,2,,air
UIUC_2022,UIUC Propeller Database,union_u80,UIUC:UNION:U80,UIUC prefix union mapped to Union/Standard,Union,Standard,,,,,air
UIUC_2022,UIUC Propeller Database,vp_140x45,UIUC:VAPOR:140X45,UIUC prefix vp mapped to Vapor/Standard,Vapor,Standard,3.556,1.143,2,,air
UIUC_2022,UIUC Propeller Database,zin_11x7,UIUC:ZINGALI:11X7,UIUC prefix zin mapped to Zingali/Standard,Zingali,Standard,0.2794,0.17779999999999999,2,,air
UIUC_2022,UIUC Propeller Database,zin_9x6,UIUC:ZINGALI:9X6,UIUC prefix zin mapped to Zingali/Standard,Zingali,Standard,0.2286,0.15239999999999998,2,,air
